shade_code,color_name,hex_code,L,a,b,lab_source
RAL 000 15 00,Ink Black,#212122,12.78,0.25,-0.67,hex
RAL 000 20 00,Slate Black,#2B2B2B,17.53,-0.00,0.00,hex
RAL 000 25 00,Onyx Black,#3A3A3A,24.42,-0.00,0.00,hex
RAL 000 30 00,Medium Black,#444443,28.82,-0.22,0.60,hex
RAL 000 35 00,Briquette Grey,#505050,34.03,-0.00,0.00,hex
RAL 000 40 00,Dark Grey,#5D5C5B,39.13,0.19,0.71,hex
RAL 000 45 00,Architecture Grey,#6B6A69,44.88,0.18,0.70,hex
RAL 000 50 00,Steel Grey,#767675,49.61,-0.20,0.55,hex
RAL 000 55 00,Medium Grey,#828282,54.37,-0.00,0.00,hex
RAL 000 60 00,Ash Grey,#8F8F8E,59.38,-0.19,0.53,hex
RAL 000 65 00,Mortar Grey,#9E9F9E,65.38,-0.55,0.39,hex
RAL 000 70 00,Light Grey,#ACADAC,70.62,-0.54,0.39,hex
RAL 000 75 00,Marble Grey,#BABABA,75.51,-0.00,0.00,hex
RAL 000 80 00,Foggy Grey,#C9C8C7,80.66,0.16,0.62,hex
RAL 000 85 00,Shadow White,#D6D6D4,85.58,-0.36,0.98,hex
RAL 000 90 00,Winter White,#E2E3E0,90.09,-0.87,1.34,hex
RAL 010 20 10,Wenge Black,#3E2A2C,19.48,9.66,2.41,hex
RAL 010 20 15,Cherry Black,#422329,18.01,15.65,2.46,hex
RAL 010 20 20,Dark Mahogany,#482029,18.24,20.18,2.92,hex
RAL 010 20 25,Rusty Red,#4B1C28,17.83,23.65,3.11,hex
RAL 010 30 10,Wood-Black Red,#584043,29.78,10.96,2.26,hex
RAL 010 30 15,Night Mauve,#5D3B41,29.00,15.95,2.52,hex
RAL 010 30 20,Pinkish Brown,#643941,29.46,20.16,3.31,hex
RAL 010 30 25,Chestnut Red,#6C333F,29.20,26.70,4.41,hex
RAL 010 30 30,Leather Red,#712F3E,29.14,30.74,5.10,hex
RAL 010 30 35,Anthracite Red,#73293B,28.24,34.24,5.86,hex
RAL 010 30 40,Brown Magenta,#7B2039,28.22,40.81,7.39,hex
RAL 010 30 44,Atlas Red,#82193A,28.77,45.56,7.69,hex
RAL 010 40 10,Caput Mortuum Grey Red,#6F585B,39.77,9.97,1.86,hex
RAL 010 40 15,Rust Brown,#775359,39.29,15.97,2.52,hex
RAL 010 40 20,Sunset Red,#7F5158,39.75,20.29,3.93,hex
RAL 010 40 25,Mineral Red,#864D58,39.72,25.44,4.00,hex
RAL 010 40 30,Dull Magenta,#8D4856,39.53,30.74,5.12,hex
RAL 010 40 35,Velvet Red,#904353,38.85,34.22,6.08,hex
RAL 010 40 40,Algae Red,#983D53,38.97,40.19,6.43,hex
RAL 010 40 45,Raspberry Ice Red,#9F3753,39.12,45.37,6.81,hex
RAL 010 40 50,Fuchsia Red,#A53152,39.25,49.71,7.79,hex
RAL 010 40 53,Primal Red,#A92B4F,39.12,52.90,9.61,hex
RAL 010 50 10,Old Mahogany,#887175,49.89,9.71,1.17,hex
RAL 010 50 15,Dull Dusky Pink,#8F6D73,49.51,14.46,1.89,hex
RAL 010 50 20,Brickwork Red,#986971,49.46,20.02,3.13,hex
RAL 010 50 25,Matte Carmine,#A06570,49.44,25.29,3.82,hex
RAL 010 50 30,Marble Red,#A9606E,49.41,31.26,5.12,hex
RAL 010 50 35,Geranium Red,#AE5B6C,48.97,35.59,5.78,hex
RAL 010 50 40,Slate Pink,#B3586C,49.07,38.99,6.02,hex
RAL 010 50 45,Tulip Red,#B8516A,48.41,44.06,6.39,hex
RAL 010 50 50,Vibrant Red,#C24C6A,49.11,49.81,7.60,hex
RAL 010 60 10,Lilac Grey,#A38A8D,59.79,9.94,1.91,hex
RAL 010 60 15,Orchid Red,#AD878D,60.01,15.44,2.36,hex
RAL 010 60 20,Lime Pink,#B6848C,60.20,20.40,3.32,hex
RAL 010 60 25,Lipstick Pink,#BD7F8A,59.74,25.54,3.91,hex
RAL 010 60 30,Japanese Coral,#C47A88,59.37,30.63,4.64,hex
RAL 010 60 35,Rose Red,#CD7687,59.61,35.98,5.70,hex
RAL 010 60 40,Strawberry Milkshake Red,#D47186,59.46,40.99,6.20,hex
RAL 010 60 45,Luminous Pink,#DC6C84,59.54,46.10,7.60,hex
RAL 010 70 10,Pale Mauve,#C0A6AA,70.44,10.13,1.44,hex
RAL 010 70 15,Powder Rose,#C8A2A7,70.11,14.77,2.72,hex
RAL 010 70 20,Silver Rose,#D29EA6,70.11,20.50,3.39,hex
RAL 010 70 25,Flamingo Pink,#DB9AA5,70.10,25.84,4.05,hex
RAL 010 70 30,Cherry Blossom Pink,#E297A4,70.17,29.88,4.80,hex
RAL 010 70 35,Baby Pink,#EA91A1,69.70,35.56,5.92,hex
RAL 010 80 10,Mud Pink,#DCC0C3,80.10,10.40,2.15,hex
RAL 010 80 15,Ice Hot Pink,#E4BDC2,80.06,14.70,2.72,hex
RAL 010 80 20,Pastel Pink,#EFB9C0,80.10,20.48,3.99,hex
RAL 010 85 05,Pearl Rose,#DFD3D4,85.52,4.30,0.99,hex
RAL 010 85 10,Salmon Rose,#E6CFD2,85.05,8.50,1.43,hex
RAL 010 85 15,Milkshake Pink,#F0CDD2,85.42,13.06,2.09,hex
RAL 010 85 20,Flesh Pink,#F9CBD3,85.78,17.45,2.18,hex
RAL 010 90 05,Rose Cream,#EFE0DE,90.29,4.77,2.82,hex
RAL 010 90 10,Light Apricot,#F2DAD6,88.86,7.61,4.98,hex
RAL 010 93 05,White-Red,#F3E8EA,92.89,4.06,0.36,hex
RAL 020 20 05,Deep Brown,#342A2A,18.16,4.61,1.73,hex
RAL 020 20 10,Night Red,#3C2727,18.18,9.90,3.99,hex
RAL 020 20 20,Dark Red Brown,#4A2125,18.70,19.91,6.44,hex
RAL 020 20 29,Burgundy,#53181F,18.33,27.98,10.42,hex
RAL 020 30 05,Rhodonite Brown,#4D4141,28.75,5.15,1.91,hex
RAL 020 30 10,Budapest Brown,#553D3E,28.42,10.70,3.53,hex
RAL 020 30 20,Kremlin Red,#633639,28.35,20.45,6.96,hex
RAL 020 30 30,Crystal Dark Red,#6D2C32,27.53,29.51,10.70,hex
RAL 020 30 40,Amaranth Blossom,#7B2331,28.48,38.90,13.08,hex
RAL 020 30 48,Sweet Cherry Red,#84172C,28.65,45.76,16.96,hex
RAL 020 40 05,Greyish Brown,#675B5B,39.78,4.85,1.78,hex
RAL 020 40 10,Nut Brown,#6E5657,39.00,10.08,3.21,hex
RAL 020 40 20,Antique Red,#7D4F51,38.81,19.64,6.90,hex
RAL 020 40 30,Hermosa Pink,#8A474C,38.61,28.93,10.00,hex
RAL 020 40 40,October Red,#943D46,37.98,37.45,13.15,hex
RAL 020 40 50,Bright Red,#A02E3E,37.44,47.70,17.84,hex
RAL 020 50 05,Zircon Grey,#807473,49.88,4.45,2.23,hex
RAL 020 50 10,Sandstone Red Grey,#886E70,48.95,10.59,2.77,hex
RAL 020 50 20,Red Grey,#99686A,49.15,19.96,6.87,hex
RAL 020 50 30,Venetian Red,#A76065,48.91,29.37,9.77,hex
RAL 020 50 40,Alsike Clover Red,#B1575F,48.25,37.35,12.65,hex
RAL 020 50 50,Flame Red,#BE4C5A,48.08,46.98,15.74,hex
RAL 020 50 58,Lingonberry Red,#CE4458,49.45,55.58,19.26,hex
RAL 020 60 05,Globe Thistle Grey Rose,#998D8D,59.66,4.46,1.61,hex
RAL 020 60 10,Tin Pink,#A3898A,59.45,10.00,3.14,hex
RAL 020 60 20,Retro Pink,#B48286,59.33,19.86,5.49,hex
RAL 020 60 30,Begonia Rose,#C3797F,58.80,29.63,8.99,hex
RAL 020 60 40,Lotus Red,#D1717B,58.79,38.65,11.54,hex
RAL 020 70 05,Fashion Mauve,#B5A8A8,69.93,4.68,1.69,hex
RAL 020 70 10,Tourmaline Mauve,#BDA3A5,69.28,9.83,2.48,hex
RAL 020 70 20,Rosewood Apricot,#D39EA2,70.12,20.27,5.63,hex
RAL 020 70 30,Marker Pink,#E3969B,69.83,29.58,9.35,hex
RAL 020 80 05,Aurora Grey,#D3C5C4,80.61,4.72,2.26,hex
RAL 020 80 10,Quartz Rose,#DBBFC0,79.69,10.08,3.16,hex
RAL 020 80 20,Marzipan Pink,#EEBABC,80.14,19.00,6.19,hex
RAL 020 85 05,Almond Blossom Pink,#E0D2D1,85.27,4.66,2.23,hex
RAL 020 85 10,Salmon Cream,#E9CFCF,85.23,9.06,3.32,hex
RAL 020 85 20,Elegant Light Rose,#FDCACA,85.70,18.04,6.89,hex
RAL 020 90 05,Mussel White,#F0E2DE,90.87,4.09,3.66,hex
RAL 020 90 10,Peach Cream,#F4DCD8,89.57,7.60,4.97,hex
RAL 020 93 05,Blossom White,#F8E8E4,93.13,4.75,3.89,hex
RAL 030 30 10,Laurel Nut Brown,#55403E,29.28,8.78,4.74,hex
RAL 030 30 20,Autumn Leaf Red,#623836,28.62,18.41,9.29,hex
RAL 030 30 30,Macore Veneer Red,#6E2F2C,28.20,27.72,15.57,hex
RAL 030 30 40,Crimson Red,#7C292A,29.51,36.06,19.06,hex
RAL 030 30 45,Blood Red,#7D1E20,27.83,40.51,23.48,hex
RAL 030 40 10,Peat Red Brown,#6C5755,39.00,8.28,4.42,hex
RAL 030 40 20,Cranberry Red,#7E5350,39.92,17.55,9.10,hex
RAL 030 40 30,Brick Brown,#8B4B47,39.54,26.53,14.42,hex
RAL 030 40 40,Spicy Red,#97413E,39.09,35.87,19.70,hex
RAL 030 40 50,Hibiscus Red,#A33737,39.24,44.51,24.61,hex
RAL 030 40 60,Emperor Cherry Red,#AC2C32,39.25,51.58,28.07,hex
RAL 030 50 10,Earth Red,#886F6D,49.14,9.50,4.82,hex
RAL 030 50 20,Terracotta Red Brown,#976A66,49.31,17.44,9.44,hex
RAL 030 50 30,Clay Red,#A6615D,48.82,27.49,14.39,hex
RAL 030 50 40,Vermilion Red,#B45A56,49.12,36.05,19.28,hex
RAL 030 50 50,Maple Red,#BF514E,48.90,44.01,24.05,hex
RAL 030 50 60,Holland Red,#CB4543,48.71,52.86,30.71,hex
RAL 030 60 10,Storm Red,#A28A88,59.56,8.71,4.43,hex
RAL 030 60 20,Desert Red,#B3837F,59.30,17.90,9.44,hex
RAL 030 60 30,Antique Pink,#C27A74,58.65,27.37,15.10,hex
RAL 030 60 40,Light Tomato,#D0756F,59.24,34.92,19.05,hex
RAL 030 60 50,Calypso Red,#DE6B66,58.98,44.44,24.20,hex
RAL 030 70 10,Florida Grey,#BEA4A2,69.55,9.16,4.55,hex
RAL 030 70 20,Dull Apricot,#D09C97,69.06,18.66,10.18,hex
RAL 030 70 30,Salmon Pink Red,#E1958F,69.10,27.88,14.96,hex
RAL 030 70 40,Flamingo Red,#EF8E87,69.08,35.96,19.63,hex
RAL 030 80 10,Salt Pink,#DAC0BC,79.75,8.54,5.39,hex
RAL 030 80 20,Magnolia Pink,#ECB9B3,79.49,17.50,10.09,hex
RAL 030 85 05,Almond Cream,#E0D1CB,84.87,4.17,4.84,hex
RAL 030 85 10,Soft Ice Rose,#E7CFCA,84.94,7.54,5.53,hex
RAL 030 85 20,Peach Red,#F9CDC4,85.90,14.15,10.31,hex
RAL 030 90 05,Antique White,#EEE0DC,90.16,4.09,3.67,hex
RAL 030 90 10,Wedding Pink,#F6DFD8,90.47,6.75,6.29,hex
RAL 030 93 05,Parchment White,#F9EAE5,93.73,4.23,4.24,hex
RAL 040 20 19,Wild Brown,#47241A,18.70,15.45,13.95,hex
RAL 040 30 05,Basalt Black,#4D423E,28.96,3.94,4.17,hex
RAL 040 30 10,Caviar Black,#533E39,28.33,8.34,6.62,hex
RAL 040 30 20,Coffee Brown,#60392F,28.43,16.06,13.53,hex
RAL 040 30 30,Root Brown,#6B3226,28.24,24.28,19.39,hex
RAL 040 30 40,Corrosion Red,#772F21,29.58,30.59,24.60,hex
RAL 040 40 05,Ash Brown,#675B58,39.70,4.29,3.50,hex
RAL 040 40 10,Somali Brown,#6C5751,38.90,7.61,6.74,hex
RAL 040 40 20,Vandyck Brown,#7B5349,39.38,15.34,12.61,hex
RAL 040 40 30,Chestnut Brown,#854B3C,38.46,22.92,19.58,hex
RAL 040 40 40,Brick Red,#91412F,37.86,32.44,27.05,hex
RAL 040 40 50,Henna Red,#9D3D27,38.99,38.70,33.51,hex
RAL 040 40 60,Copper Red,#A5311A,38.33,46.45,40.25,hex
RAL 040 40 67,China Red,#AD2B10,38.99,51.14,45.94,hex
RAL 040 50 05,Nomad Grey,#7E736F,49.31,3.51,3.75,hex
RAL 040 50 10,Umbra Sand,#87706B,49.25,8.18,6.16,hex
RAL 040 50 20,Agate Brown,#956A60,48.94,15.80,12.44,hex
RAL 040 50 30,Rust Coloured,#A46454,49.07,24.04,20.00,hex
RAL 040 50 40,Ant Red,#B05D4A,48.95,31.86,26.01,hex
RAL 040 50 50,English Red,#BD553E,49.09,40.26,33.48,hex
RAL 040 50 60,Fox Red,#CA4E33,49.80,47.83,40.90,hex
RAL 040 50 70,Pompeii Red,#D1462C,49.64,53.44,44.77,hex
RAL 040 60 05,Warm Grey,#998E8A,59.85,3.36,3.60,hex
RAL 040 60 10,Light Caramel,#A38A83,59.53,8.28,7.26,hex
RAL 040 60 20,Sienna Yellow,#B08277,58.54,16.17,12.90,hex
RAL 040 60 30,Cedar Red,#C27E6F,59.47,24.61,19.08,hex
RAL 040 60 40,Terra Orange,#CC7661,58.66,31.52,26.15,hex
RAL 040 60 50,Mandarin Orange,#DA7157,59.35,38.78,33.02,hex
RAL 040 60 60,Coral Orange,#E4694C,59.09,45.83,39.07,hex
RAL 040 70 05,Matte Grey,#B4A8A4,69.75,3.61,3.62,hex
RAL 040 70 10,Mohair Mauve,#BFA59E,69.79,8.34,7.13,hex
RAL 040 70 20,Soft Sienna,#D09F93,69.69,16.48,13.30,hex
RAL 040 70 30,Industrial Rose,#E09887,69.51,24.96,19.93,hex
RAL 040 70 40,Apricot Red,#E8917D,68.67,30.72,24.47,hex
RAL 040 70 50,Fruit Red,#FA8970,69.03,40.57,32.49,hex
RAL 040 80 05,Natural Silk Grey,#D3C5C0,80.51,4.03,4.26,hex
RAL 040 80 10,Thulite Rose,#DDC2BA,80.46,8.25,7.53,hex
RAL 040 80 20,Madder Orange,#F1BEB0,81.11,16.29,14.06,hex
RAL 040 80 30,Nature Apricot,#FEB7A5,80.55,23.45,19.37,hex
RAL 040 85 05,Pandora Grey,#E3D4CF,85.97,4.32,4.33,hex
RAL 040 85 10,Fine Alabaster,#ECD3CB,86.37,7.38,7.12,hex
RAL 040 85 20,Delicate Sweet Apricot,#FDCDBD,86.12,14.63,14.37,hex
RAL 040 90 05,Sahara Light Red,#F0E1DB,90.55,4.10,4.77,hex
RAL 040 90 10,Delicate Rose,#F7E0D6,90.75,6.27,7.75,hex
RAL 040 93 05,Natural White,#FBEDE5,94.63,3.39,5.56,hex
RAL 050 20 10,Granite Brown,#3D2D24,20.03,5.84,8.66,hex
RAL 050 20 16,Night Brown,#44281B,19.33,11.49,13.99,hex
RAL 050 30 10,Obsidian Brown,#523E35,28.10,7.25,8.90,hex
RAL 050 30 20,Tropical Wood Brown,#603B2A,28.86,14.28,17.29,hex
RAL 050 30 30,Tobacco Brown,#6C3821,29.73,20.85,24.32,hex
RAL 050 30 36,Rosewood Brown,#72371C,30.39,23.79,28.25,hex
RAL 050 40 10,Mocha Black,#6F5B52,40.36,6.63,8.25,hex
RAL 050 40 20,Florentine Brown,#7A5544,39.67,13.08,16.04,hex
RAL 050 40 30,Curry Brown,#845038,39.46,19.21,23.25,hex
RAL 050 40 40,Madeira Brown,#8F4826,38.93,27.28,33.33,hex
RAL 050 40 50,Autumn Red,#99451F,39.80,32.75,38.41,hex
RAL 050 50 10,Teakwood Brown,#89756B,50.81,6.08,8.39,hex
RAL 050 50 20,Milk Coffee Brown,#966F5D,50.27,12.93,16.06,hex
RAL 050 50 30,Golden Brown,#A36A4F,50.29,19.73,24.49,hex
RAL 050 50 40,Copper-Metal Red,#AD6342,49.74,26.76,31.46,hex
RAL 050 50 50,Gold Varnish Brown,#B95E33,50.17,33.47,40.52,hex
RAL 050 50 60,Titian Red,#BD5620,48.99,38.44,48.66,hex
RAL 050 50 70,Poppy Red,#CD4D04,49.86,48.25,59.24,hex
RAL 050 50 78,Persian Orange,#D45814,52.98,45.98,57.86,hex
RAL 050 60 10,Ecru Ochre,#A48D83,60.41,6.98,8.53,hex
RAL 050 60 20,Caramel Brown,#B18775,59.85,13.50,15.89,hex
RAL 050 60 30,Medium Brown,#C28468,60.76,20.56,24.76,hex
RAL 050 60 40,Apricot Brown,#CC7E5B,60.35,26.71,31.68,hex
RAL 050 60 50,Orange Yellow,#D8794C,60.60,33.12,40.44,hex
RAL 050 60 60,Camel Red,#E5743B,61.19,39.93,50.20,hex
RAL 050 60 70,Carrot Orange,#E9672D,59.18,47.29,54.86,hex
RAL 050 60 80,Gerbera Red,#F6611A,60.09,54.29,63.68,hex
RAL 050 70 10,Bamboo Beige,#C1ABA0,71.56,6.14,8.57,hex
RAL 050 70 20,Amber Grey,#D0A592,71.14,13.08,15.88,hex
RAL 050 70 30,Sienna Ochre,#DE9F83,70.85,19.97,23.91,hex
RAL 050 70 40,Light Amber Orange,#ED9A76,71.16,27.25,31.68,hex
RAL 050 70 50,Melon Red,#F69268,70.28,33.82,38.27,hex
RAL 050 70 60,Mango Orange,#FF8B58,69.78,39.83,46.27,hex
RAL 050 80 10,Pale Sienna,#DFC7BC,81.93,6.65,8.58,hex
RAL 050 80 20,Soft Orange,#EEC0AB,81.19,13.44,16.81,hex
RAL 050 80 30,Pallid Orange,#FCB99D,80.65,20.72,23.74,hex
RAL 050 85 05,Ocean Sand,#E4D5CD,86.25,3.82,5.81,hex
RAL 050 85 10,Pure Beige,#E9D0C4,85.21,6.78,9.13,hex
RAL 050 85 20,Biscuit Cream,#F9CCB7,85.38,12.86,16.45,hex
RAL 050 90 05,Eggshell White,#F3E4DC,91.55,3.76,5.73,hex
RAL 050 90 10,Light Peach Rose,#FFE6D8,92.93,6.32,9.92,hex
RAL 050 93 05,Tulle White,#FBEDE5,94.63,3.39,5.56,hex
RAL 060 20 05,Industrial Black,#322B26,18.12,2.18,4.43,hex
RAL 060 30 05,Vehicle Body Grey,#4C433D,29.13,2.67,5.04,hex
RAL 060 30 10,Nutria Fur Brown,#514035,28.57,5.51,9.53,hex
RAL 060 30 20,Peat Brown,#5A3D29,28.57,10.09,17.38,hex
RAL 060 30 27,Cassiterite Brown,#623C1F,29.23,13.63,24.55,hex
RAL 060 40 05,Zinc Grey,#655B55,39.42,2.90,4.92,hex
RAL 060 40 10,Moor Oak Grey,#6A584D,38.86,5.50,9.13,hex
RAL 060 40 20,Coffee Bean Brown,#765640,39.37,10.22,17.99,hex
RAL 060 40 30,Brazilian Brown,#7F5131,38.93,15.79,26.55,hex
RAL 060 40 40,Plane Brown,#8A5024,40.03,20.45,35.38,hex
RAL 060 50 05,Chinchilla Grey,#7F746E,49.65,3.15,4.85,hex
RAL 060 50 10,Sandstone Grey,#857266,49.47,5.39,9.39,hex
RAL 060 50 20,Mushroom Brown,#906E58,49.24,10.34,17.47,hex
RAL 060 50 30,Mustard Brown,#9D6C4A,49.96,15.54,26.78,hex
RAL 060 50 40,Camel Brown,#A56639,49.25,21.05,35.56,hex
RAL 060 50 50,Date Fruit Brown,#AF642B,49.98,25.69,43.89,hex
RAL 060 50 60,Elm Brown Red,#B25B09,48.22,30.89,54.91,hex
RAL 060 50 70,Dry Clay,#BD5C00,50.07,34.79,58.95,hex
RAL 060 60 05,Screed Grey,#9A908A,60.47,2.62,4.51,hex
RAL 060 60 10,Oak Brown,#A18D80,60.06,5.33,9.69,hex
RAL 060 60 20,Light Topaz Ochre,#B08971,60.17,11.46,18.57,hex
RAL 060 60 30,Cognac Brown,#B98563,59.88,15.79,26.20,hex
RAL 060 60 40,Maple Syrup Brown,#C88554,61.39,20.68,36.66,hex
RAL 060 60 50,Turmeric Red,#CA7A40,58.83,26.16,44.11,hex
RAL 060 60 60,Bitter Orange,#D5762B,59.23,31.89,54.72,hex
RAL 060 60 70,Gold Orange,#DB7210,59.10,35.79,63.74,hex
RAL 060 60 80,Accent Orange,#E56D00,59.53,42.11,67.62,hex
RAL 060 70 05,Cement Greige,#B5ABA4,70.62,2.35,4.88,hex
RAL 060 70 10,Putty Grey,#BDA89C,70.33,5.63,8.98,hex
RAL 060 70 20,Peanutbutter,#C8A38A,69.69,9.98,18.13,hex
RAL 060 70 30,Peach Yellow,#D19C79,68.54,15.32,26.03,hex
RAL 060 70 40,Candle Yellow,#E09B6E,69.77,20.82,33.87,hex
RAL 060 70 50,Topaz Yellow,#EB975E,69.90,26.11,42.71,hex
RAL 060 70 60,Melon Orange,#F08F48,68.49,31.01,52.20,hex
RAL 060 70 70,Indian Yellow,#FC8C35,69.27,36.56,61.90,hex
RAL 060 80 05,Light Chamois Beige,#D1C6BE,80.55,2.46,5.38,hex
RAL 060 80 10,Soft Greige,#D7C3B5,80.08,4.75,9.59,hex
RAL 060 80 20,Biscuit Beige,#E6BFA6,80.09,10.28,17.83,hex
RAL 060 80 30,Mild Orange,#F4BA94,79.89,16.10,27.37,hex
RAL 060 80 40,Apricot Orange,#FDB482,79.12,20.95,35.99,hex
RAL 060 85 05,Champagne Rose,#E3D6CC,86.40,2.79,6.53,hex
RAL 060 85 10,Cornmeal Beige,#EBD5C5,86.64,5.05,10.67,hex
RAL 060 85 20,Dough Yellow,#F6D0B6,86.05,9.52,17.88,hex
RAL 060 85 30,Light Saffron Orange,#FFCCA5,85.59,12.85,26.30,hex
RAL 060 90 05,Grain White,#EFE3D8,90.89,2.23,6.82,hex
RAL 060 90 10,Vanilla Cream,#F7E0D2,90.66,5.65,9.71,hex
RAL 060 90 15,Apricot Cream,#FDDCC8,89.97,8.38,14.03,hex
RAL 060 93 05,Wool White,#F9EDE4,94.44,2.54,5.80,hex
RAL 070 30 10,Mineral Brown,#4D3F33,27.77,3.98,9.64,hex
RAL 070 30 20,Beech Brown,#574128,29.31,6.01,18.88,hex
RAL 070 40 10,Mink Brown,#67594C,38.81,3.43,9.63,hex
RAL 070 40 20,Huckleberry Brown,#71563B,38.70,7.37,19.99,hex
RAL 070 40 30,Arable Brown,#7A552E,39.30,10.86,28.55,hex
RAL 070 40 40,Autumn Gold,#80521A,39.07,14.21,38.83,hex
RAL 070 50 10,Saruk Grey,#817265,49.06,3.59,9.34,hex
RAL 070 50 20,Ash Gold,#8C6F54,48.99,7.54,19.39,hex
RAL 070 50 40,Antique Gold,#9D692F,48.86,15.19,40.03,hex
RAL 070 50 50,Stage Gold,#9E6928,48.92,15.26,43.50,hex
RAL 070 50 55,Theatre Gold,#A76924,50.04,19.11,46.78,hex
RAL 070 60 10,Light Mahogany,#9B8B7C,58.87,3.46,10.21,hex
RAL 070 60 20,Dark Blond,#A68A6E,59.35,6.42,18.98,hex
RAL 070 60 30,Light Oak Brown,#AF855C,58.66,10.87,28.28,hex
RAL 070 60 40,Grain Brown,#B88349,58.89,14.16,38.99,hex
RAL 070 60 50,Mud Yellow,#C18136,59.26,17.97,49.05,hex
RAL 070 60 60,Mustard Yellow,#CB812D,60.42,21.88,54.54,hex
RAL 070 60 70,Seabuckthorn Yellow Brown,#CD7B00,59.11,25.03,65.66,hex
RAL 070 60 75,Autumn Leaf Orange,#D07A04,59.29,26.89,65.29,hex
RAL 070 70 10,Ginger Grey Yellow,#B8A899,69.82,3.27,9.84,hex
RAL 070 70 20,Light Ash Brown,#C2A487,69.31,6.67,19.16,hex
RAL 070 70 30,Golden Beige,#CEA277,69.68,10.63,28.56,hex
RAL 070 70 40,Dechant Pear Yellow,#D79E62,69.32,14.47,39.41,hex
RAL 070 70 50,Honeycomb Yellow,#DE9C52,69.41,17.28,47.80,hex
RAL 070 70 60,Gorse Yellow Orange,#E99A3C,70.01,21.77,58.91,hex
RAL 070 70 70,Naples Yellow,#EB931F,68.48,25.38,67.96,hex
RAL 070 70 80,Saffron Gold,#F08F00,68.15,29.17,73.66,hex
RAL 070 80 10,Flax Beige,#D4C3B3,79.77,3.34,10.20,hex
RAL 070 80 20,Buttercup Yellow,#E3C2A3,80.49,7.15,19.95,hex
RAL 070 80 30,Golden Oat Coloured,#ECBE91,80.01,10.53,28.97,hex
RAL 070 80 40,Apricot Yellow,#F7BD81,80.60,13.76,38.29,hex
RAL 070 80 50,Warm Apricot,#FFB86B,79.96,17.76,48.77,hex
RAL 070 80 60,Golden Rain Yellow,#FFB657,79.28,17.51,57.50,hex
RAL 070 85 05,Almond Beige,#DFD5CA,85.78,1.56,6.66,hex
RAL 070 85 10,Silver Thistle Beige,#E7D5C5,86.31,3.61,10.15,hex
RAL 070 85 20,Sandalwood Beige,#F2D1B1,85.83,6.84,20.15,hex
RAL 070 85 30,Hair Blonde,#FDCFA1,86.05,10.06,28.98,hex
RAL 070 90 05,Off White,#EDE4D9,91.01,1.19,6.45,hex
RAL 070 90 10,Light Corn,#F3E2D1,90.80,3.04,10.40,hex
RAL 070 90 20,Chalk Yellow,#FFDEBE,90.42,6.69,19.91,hex
RAL 070 93 05,Anemone White,#F9EFE4,94.94,1.52,6.51,hex
RAL 075 40 10,Tree Bark Brown,#665B4E,39.34,2.11,9.13,hex
RAL 075 40 20,Caraway Brown,#6D563C,38.26,5.66,18.74,hex
RAL 075 40 30,Bark Brown,#73532A,37.84,8.46,28.86,hex
RAL 075 40 38,Lizard Brown,#795419,38.68,9.65,38.60,hex
RAL 075 50 10,Rye Dough Brown,#807365,49.24,2.59,9.59,hex
RAL 075 50 20,China Cinnamon,#8A7054,49.05,6.10,19.43,hex
RAL 075 50 30,Grog Yellow,#937043,49.74,8.19,30.17,hex
RAL 075 50 40,Amber Brown,#9A6C31,49.28,12.24,39.38,hex
RAL 075 50 50,Cinnamon Brown,#9E6A19,49.07,14.09,49.81,hex
RAL 075 50 58,Cumin Ochre,#A06600,48.23,16.77,55.75,hex
RAL 075 60 10,Putty Yellow,#9D8E7F,59.93,3.04,10.03,hex
RAL 075 60 20,Walnut Shell Brown,#A68B6E,59.62,5.86,19.34,hex
RAL 075 60 30,Clay Ochre,#AE895D,59.60,8.32,28.92,hex
RAL 075 60 40,Funchal Yellow,#B6884D,59.97,10.83,38.14,hex
RAL 075 60 50,Mango Brown,#BB8434,59.27,13.59,49.75,hex
RAL 075 60 60,Turmeric Brown,#C18116,59.07,16.84,60.74,hex
RAL 075 60 70,Bamboo Brown,#C87F00,59.40,20.69,65.53,hex
RAL 075 70 10,Flax Fibre Grey,#B7A99A,70.02,2.51,9.56,hex
RAL 075 70 20,Light Pumpkin Brown,#C2A585,69.52,5.87,20.55,hex
RAL 075 70 30,Golden Thistle Yellow,#CAA375,69.50,8.25,29.32,hex
RAL 075 70 40,Brick Yellow,#D2A161,69.51,10.69,40.05,hex
RAL 075 70 50,Deep Bamboo Yellow,#D99F50,69.56,13.43,48.79,hex
RAL 075 70 60,Intense Yellow,#E19C35,69.50,17.03,60.94,hex
RAL 075 70 70,Pumpkin Yellow,#E99A10,69.81,20.58,72.18,hex
RAL 075 70 80,Autumn Yellow,#E99700,69.08,22.01,73.84,hex
RAL 075 80 10,Chalk Beige,#D6C5B4,80.47,3.17,10.68,hex
RAL 075 80 20,Light Corn Yellow,#E0C3A2,80.45,5.35,20.39,hex
RAL 075 80 30,Dark Yellow,#E7BF8E,79.73,7.70,30.09,hex
RAL 075 80 40,Ash Yellow,#F0BD7E,79.86,10.68,38.73,hex
RAL 075 80 50,Orient Yellow,#F7B969,79.33,13.84,48.79,hex
RAL 075 80 60,Carriage Yellow,#FFB756,79.50,16.93,58.20,hex
RAL 075 85 10,Water Lily White,#E6D6C4,86.46,2.58,10.88,hex
RAL 075 85 20,Banana Ice Cream,#F1D3B2,86.26,5.56,20.21,hex
RAL 075 85 30,Maple Beige,#FAD0A1,86.01,8.39,28.88,hex
RAL 075 85 40,Goldenrod Yellow,#FFCE8F,85.70,9.42,37.83,hex
RAL 075 90 10,Dessert Cream,#F6E4D0,91.52,2.93,11.97,hex
RAL 075 90 20,Butter White,#FDDEBD,90.23,5.82,20.14,hex
RAL 075 93 05,Vanilla White,#F6EEE5,94.48,1.16,5.30,hex
RAL 080 20 05,Night Brown Black,#322D25,18.75,0.63,6.00,hex
RAL 080 20 10,Vanilla Bean Brown,#362C1D,18.69,1.97,11.45,hex
RAL 080 30 05,Earth Black,#49433B,28.76,0.96,5.78,hex
RAL 080 30 10,Olive Black,#4B4031,27.80,2.09,10.94,hex
RAL 080 30 20,Clove Yellow Brown,#523F21,28.00,4.09,21.39,hex
RAL 080 30 26,Smoked Oak Brown,#573F16,28.48,5.71,28.34,hex
RAL 080 40 05,Office Grey,#635D54,39.78,0.68,6.03,hex
RAL 080 40 10,Stone Brown,#665B4D,39.31,1.94,9.70,hex
RAL 080 40 20,Pimento Grain Brown,#6C5738,38.36,4.13,21.23,hex
RAL 080 40 30,Ochre Green,#725728,38.81,5.42,31.04,hex
RAL 080 40 40,Autumn Leaf Brown,#7A560E,39.29,8.53,43.42,hex
RAL 080 50 05,Dusk Grey,#7B756C,49.52,0.61,5.79,hex
RAL 080 50 10,Rye Brown,#807465,49.52,2.01,9.98,hex
RAL 080 50 20,Greyish Yellow,#877254,49.28,3.64,19.70,hex
RAL 080 50 30,Chili Green,#8D7040,49.03,5.23,30.81,hex
RAL 080 50 40,Dirt Yellow,#926E2E,48.84,7.26,40.12,hex
RAL 080 50 50,Chamois Yellow,#986E19,49.37,9.03,49.80,hex
RAL 080 60 05,Flannel Grey,#969087,60.05,0.57,5.57,hex
RAL 080 60 10,Light Khaki,#998D7C,59.23,1.55,10.69,hex
RAL 080 60 20,Spelt Grain Brown,#A38C6B,59.53,3.68,20.85,hex
RAL 080 60 30,Golden Quartz Ochre,#AA8A58,59.37,5.55,31.26,hex
RAL 080 60 40,Bamboo Yellow,#AE884B,59.08,7.19,37.91,hex
RAL 080 60 50,Brass Yellow,#B58735,59.35,9.33,49.18,hex
RAL 080 60 60,Fig Mustard Yellow,#BB8610,59.58,11.29,62.22,hex
RAL 080 60 70,Yellow Gold,#BE8400,59.39,13.53,64.94,hex
RAL 080 70 05,Garlic Beige,#B0AAA1,69.86,0.53,5.40,hex
RAL 080 70 10,Fine Greige,#B5A998,69.80,1.43,10.33,hex
RAL 080 70 20,Yellow Brown,#BFA785,69.76,3.60,20.83,hex
RAL 080 70 30,Mustard Seed Beige,#C5A574,69.50,5.01,29.77,hex
RAL 080 70 40,Diamond Yellow,#CEA461,69.85,7.40,40.37,hex
RAL 080 70 50,Antique Brass,#D4A24E,69.75,9.57,49.82,hex
RAL 080 70 60,Courgette Yellow,#DAA135,69.93,11.35,61.08,hex
RAL 080 70 70,Grapefruit Yellow,#DFA01A,70.11,13.24,69.91,hex
RAL 080 70 80,Sunflower Yellow,#E19C00,69.32,15.92,73.54,hex
RAL 080 70 88,Arnica Yellow,#E59B00,69.54,18.18,73.91,hex
RAL 080 80 05,Micaceous Light Grey,#CDC7BD,80.46,0.33,5.74,hex
RAL 080 80 10,Pastel Sand,#D5C6B4,80.64,2.28,10.91,hex
RAL 080 80 20,Natural Rice Beige,#DCC39F,80.04,3.42,21.35,hex
RAL 080 80 30,Yellow Beige,#E3C08D,79.59,5.49,30.36,hex
RAL 080 80 40,Straw Yellow,#ECBF7A,79.90,7.64,40.75,hex
RAL 080 80 50,Mirabelle Yellow,#F3BE67,80.10,9.44,50.58,hex
RAL 080 80 60,Full Yellow,#F9BC4F,80.00,11.45,61.63,hex
RAL 080 80 70,Pear Yellow,#FCB937,79.43,13.23,70.56,hex
RAL 080 80 80,Fire Yellow,#FFB70B,79.13,14.63,80.62,hex
RAL 080 80 90,Summer Yellow,#FFB700,79.12,14.54,81.73,hex
RAL 080 85 05,Wheat Flour White,#DDD6CA,85.87,0.34,6.77,hex
RAL 080 85 10,Onion White,#E2D5C2,85.83,1.34,11.00,hex
RAL 080 85 20,Nashi Pear Beige,#EDD4B1,86.14,3.41,20.51,hex
RAL 080 85 30,Vespa Yellow,#F3D19F,85.59,4.94,29.24,hex
RAL 080 85 40,Puff Pastry Yellow,#FCCF8B,85.60,7.33,39.68,hex
RAL 080 90 05,Japanese White,#EEE6D9,91.59,0.51,7.29,hex
RAL 080 90 10,Mushroom White,#F0E1CD,90.22,1.87,11.62,hex
RAL 080 90 20,Macadamia Beige,#F7DFBA,89.90,2.68,21.16,hex
RAL 080 90 30,Horseradish Yellow,#FFDEA9,90.03,4.03,30.23,hex
RAL 080 93 05,Milk Star White,#F5EDE2,94.09,0.83,6.28,hex
RAL 085 40 10,Mineral Green,#665D4E,39.92,0.90,9.94,hex
RAL 085 40 20,Khaki Green,#6A5A39,39.02,1.51,21.45,hex
RAL 085 40 30,Moss Brown,#715B2E,39.90,3.04,29.00,hex
RAL 085 50 10,Coriander Ochre,#7E7463,49.29,0.87,10.80,hex
RAL 085 50 20,Pyrite Slate Green,#867452,49.70,1.80,21.38,hex
RAL 085 50 30,Sepia Yellow,#8C7340,49.75,3.06,31.66,hex
RAL 085 50 40,Marshy Green,#8E712E,49.20,3.70,40.38,hex
RAL 085 50 50,Honey Yellow Green,#937016,49.31,5.46,50.52,hex
RAL 085 60 10,Matte Olive,#998F7F,59.84,0.92,9.85,hex
RAL 085 60 20,Pond Green,#A18E6B,59.88,1.74,21.29,hex
RAL 085 60 30,Wood Green,#A78C59,59.61,3.25,30.97,hex
RAL 085 60 40,Lichen Green,#AC8B46,59.60,4.25,41.03,hex
RAL 085 60 50,Mineral Umber,#B18B32,59.93,5.18,50.95,hex
RAL 085 60 60,Loden Yellow,#B68B13,60.30,6.34,61.89,hex
RAL 085 70 10,Raffia Greige,#B3A996,69.58,0.35,11.10,hex
RAL 085 70 20,Feldspar Grey,#BCA885,69.75,1.87,20.76,hex
RAL 085 70 30,Hay Yellow,#C2A770,69.67,2.27,32.06,hex
RAL 085 70 40,Winter Pear Beige,#C7A55F,69.38,3.75,40.66,hex
RAL 085 70 50,Autumn Apple Yellow,#CDA449,69.48,5.18,51.66,hex
RAL 085 70 60,Pitmaston Pear Yellow,#D0A32E,69.33,5.66,62.73,hex
RAL 085 70 70,Immortelle Yellow,#D4A207,69.37,7.09,72.01,hex
RAL 085 70 75,Golden Beryl Yellow,#D9A400,70.39,8.15,73.84,hex
RAL 085 80 10,Velvet Beige,#D0C5B1,79.91,0.50,11.41,hex
RAL 085 80 20,Mineral Beige,#D8C49F,79.94,1.37,21.17,hex
RAL 085 80 30,Moonlight Yellow,#E1C38B,80.13,2.90,32.08,hex
RAL 085 80 40,Table Pear Yellow,#E5C279,79.97,3.15,41.20,hex
RAL 085 80 50,Fruit Yellow,#EAC064,79.68,4.46,51.31,hex
RAL 085 80 60,Adonis Rose Yellow,#EFBF4D,79.70,5.59,61.86,hex
RAL 085 80 70,Barberry Yellow,#F3BD32,79.43,7.16,71.88,hex
RAL 085 80 80,Dandelion Yellow,#F5BB00,79.02,8.19,81.16,hex
RAL 085 80 85,Decor Yellow,#F6BB00,79.12,8.62,81.28,hex
RAL 085 85 10,Alabaster White,#DFD4BF,85.27,0.31,11.75,hex
RAL 085 85 20,Light Blond,#E8D3AF,85.42,1.78,20.50,hex
RAL 085 85 30,Willow-Flower Yellow,#F0D29D,85.53,3.03,30.15,hex
RAL 085 85 40,Light Ginger Yellow,#F7D28C,85.89,3.90,39.45,hex
RAL 085 90 10,Tulip White,#F1E5D1,91.39,0.79,11.21,hex
RAL 085 90 20,Alpine Berry Yellow,#F7E0BA,90.15,2.17,21.51,hex
RAL 085 90 30,Porcelain Yellow,#FDDDA7,89.57,3.54,30.62,hex
RAL 085 93 05,Vintage White,#F4EFE4,94.55,-0.20,5.91,hex
RAL 090 30 10,Limonite Brown,#4B4433,29.08,-0.14,11.40,hex
RAL 090 30 20,Bark Green,#514421,29.40,0.44,23.04,hex
RAL 090 40 10,Boulder Brown,#655E4E,40.12,-0.13,10.20,hex
RAL 090 40 20,Plum Green,#695C39,39.50,-0.15,22.04,hex
RAL 090 40 30,Vine Leaf Green,#6E5E2C,40.41,-0.33,30.62,hex
RAL 090 50 10,Graphite Grey Green,#7C7666,49.74,-0.61,9.65,hex
RAL 090 50 20,Pesto Green,#817553,49.51,-0.81,20.48,hex
RAL 090 50 30,Giant Cactus Green,#88763F,50.16,-0.55,32.60,hex
RAL 090 50 40,Aubergine Green,#8B762C,50.25,-0.67,42.36,hex
RAL 090 60 10,Oyster Grey,#968F7F,59.58,-0.25,9.45,hex
RAL 090 60 20,Manzanilla Olive,#9E8F6B,59.87,-0.06,21.23,hex
RAL 090 60 30,Camouflage Olive,#A28F5C,59.98,-0.22,29.71,hex
RAL 090 60 40,Laurel Green,#A58D45,59.42,-0.01,41.14,hex
RAL 090 60 50,Faint Green,#A58B2C,58.65,-0.52,51.76,hex
RAL 090 60 60,Titanite Yellow,#AD8F0F,60.40,-0.03,62.39,hex
RAL 090 70 10,Dusty Yellow,#B2AA98,69.81,-0.24,10.31,hex
RAL 090 70 20,Barbados Beige,#B8A983,69.62,-0.52,21.62,hex
RAL 090 70 30,Rhubarb Leaf Green,#BCA872,69.41,-0.51,30.56,hex
RAL 090 70 40,Hedgehog Cactus Yellow Green,#C4AA5E,70.38,-0.28,42.32,hex
RAL 090 70 50,Gooseberry Yellow,#C7A94A,70.19,-0.01,51.81,hex
RAL 090 70 60,Bud Green,#CAA82F,70.01,0.40,62.79,hex
RAL 090 70 70,Catkin Yellow,#CCA800,70.07,0.27,72.99,hex
RAL 090 70 80,Prehnite Yellow,#D0A700,70.21,2.58,73.28,hex
RAL 090 80 10,Light Beige,#CFC5B0,79.80,-0.02,11.79,hex
RAL 090 80 20,Champagne Beige,#D4C49E,79.58,-0.29,21.15,hex
RAL 090 80 30,Lemon Sorbet Yellow,#DCC68E,80.49,-0.29,30.92,hex
RAL 090 80 40,Blossom Yellow,#E1C77D,80.93,-0.68,40.31,hex
RAL 090 80 50,Tasman Honey Yellow,#E6C562,80.54,0.05,53.15,hex
RAL 090 80 60,New Yellow,#E8C247,79.73,0.76,64.15,hex
RAL 090 80 70,Fashion Yellow,#EDC537,80.86,0.63,71.31,hex
RAL 090 80 80,Poster Yellow,#ECC100,79.60,1.19,81.14,hex
RAL 090 80 90,Contrasting Yellow,#F2C200,80.44,3.26,82.00,hex
RAL 090 85 05,Pepper White,#DBD6CB,85.74,-0.20,6.03,hex
RAL 090 85 10,Paella Natural White,#E1D7C2,86.26,-0.05,11.59,hex
RAL 090 85 20,Cider Yellow,#E7D6AF,86.10,-0.14,21.42,hex
RAL 090 85 30,Palm Sugar Yellow,#EDD69D,86.27,-0.18,31.10,hex
RAL 090 85 40,March Yellow,#F1D48A,85.82,0.30,40.26,hex
RAL 090 85 50,Oriole Yellow,#F6D576,86.25,-0.06,50.76,hex
RAL 090 90 05,Marzipan White,#EAE4D8,90.75,-0.02,6.57,hex
RAL 090 90 10,Primrose White,#ECE4D0,90.72,-0.62,10.73,hex
RAL 090 90 20,Cream Yellow,#F4E3BB,90.67,-0.34,21.67,hex
RAL 090 90 30,Wax Yellow,#F8E1A8,90.15,-0.28,30.81,hex
RAL 090 90 40,Lemon Cream,#FEE193,90.34,-0.31,41.77,hex
RAL 090 90 50,Tiger Yellow,#FFDE7E,89.40,-0.36,50.91,hex
RAL 090 90 60,Sunrose Yellow,#FFDB67,88.40,-0.59,60.44,hex
RAL 090 93 05,Cream White,#F2EEE2,94.11,-0.71,6.28,hex
RAL 095 40 10,Shady Green,#635D4C,39.59,-0.72,10.65,hex
RAL 095 40 20,Forest Green,#665B38,38.89,-1.05,21.78,hex
RAL 095 40 30,Bean Green,#685C27,39.15,-2.43,31.66,hex
RAL 095 50 10,Dull Olive,#7A7564,49.23,-1.18,10.08,hex
RAL 095 50 20,Cabbage Green,#807553,49.42,-1.24,20.33,hex
RAL 095 50 30,Caper Green,#847640,49.78,-2.25,31.51,hex
RAL 095 50 40,Garden Lettuce Green,#87762B,49.84,-2.58,42.26,hex
RAL 095 50 50,Artichoke Green,#897714,50.17,-3.29,51.44,hex
RAL 095 60 10,Pale Green Grey,#96907E,59.83,-0.98,10.37,hex
RAL 095 60 20,Pale Green,#9A8F6C,59.52,-1.56,20.15,hex
RAL 095 60 30,Cypress Green,#9E8F57,59.53,-2.47,31.76,hex
RAL 095 60 40,Grape Green,#A18F44,59.56,-2.95,41.71,hex
RAL 095 60 50,Gooseberry Green,#A3912F,60.11,-4.55,51.93,hex
RAL 095 60 60,Guava Green,#A18D0D,58.66,-4.46,60.89,hex
RAL 095 60 70,Romaine Green,#A38E00,59.10,-4.29,63.37,hex
RAL 095 70 10,Sand Grey,#B2AB98,70.08,-0.78,10.69,hex
RAL 095 70 20,Crocodile Green,#B7AC87,70.40,-1.97,20.50,hex
RAL 095 70 30,Chicory Green,#BBAB75,70.16,-2.17,29.93,hex
RAL 095 70 40,Banana Green,#BDAA5D,69.73,-3.31,41.87,hex
RAL 095 70 50,Star Fruit Yellow Green,#BEAA4A,69.61,-4.41,50.93,hex
RAL 095 70 60,Papaya Yellow Green,#BEA932,69.15,-5.27,60.49,hex
RAL 095 70 70,Bronze Green,#C3AA00,69.72,-4.79,72.34,hex
RAL 095 80 10,Sapphire Light Yellow,#CDC7B4,80.25,-1.16,10.26,hex
RAL 095 80 20,Pale Olive,#D3C7A1,80.33,-1.82,20.57,hex
RAL 095 80 30,Asparagus Yellow,#DAC98E,81.09,-2.63,31.68,hex
RAL 095 80 40,Pea Green,#DDC87A,80.79,-3.10,41.57,hex
RAL 095 80 50,Williams Pear Yellow,#DDC765,80.27,-4.47,51.22,hex
RAL 095 80 60,Greenish Yellow,#DBC44D,79.09,-5.43,60.64,hex
RAL 095 80 70,Mimosa Yellow,#DFC633,79.79,-6.01,71.17,hex
RAL 095 80 80,Sorbet Yellow,#DAC100,77.90,-6.62,79.15,hex
RAL 095 85 10,Salsify White,#DED8C4,86.32,-1.32,10.59,hex
RAL 095 85 20,Dull Light Yellow,#E5D9B4,86.79,-1.73,19.74,hex
RAL 095 85 30,Leaf Yellow,#E9D79E,86.20,-2.11,30.43,hex
RAL 095 85 40,Natural Yellow,#EED88B,86.58,-2.83,40.68,hex
RAL 095 85 50,Sport Yellow,#EFD678,85.91,-3.22,49.23,hex
RAL 095 90 10,Atlas White,#ECE4CE,90.68,-0.93,11.71,hex
RAL 095 90 20,Pearl Yellow,#F1E3BC,90.45,-1.30,20.80,hex
RAL 095 90 30,Lemon Ice Yellow,#F6E2A7,90.22,-1.67,31.38,hex
RAL 095 90 40,Fresh Yellow,#F7E190,89.69,-3.35,42.32,hex
RAL 095 90 50,Luminous Yellow,#FEE37F,90.57,-3.20,51.83,hex
RAL 095 90 59,Dynamic Yellow,#FFE36D,90.46,-4.21,60.08,hex
RAL 095 93 05,Crepe Silk White,#F0EEE3,93.98,-1.23,5.55,hex
RAL 100 20 05,Night Green,#302F27,19.26,-1.29,5.31,hex
RAL 100 30 05,Volcanic Stone Green,#45433B,28.37,-0.81,5.16,hex
RAL 100 30 10,Vermilion Green,#474230,27.98,-1.22,11.75,hex
RAL 100 30 20,Uniform Green,#4C4623,29.51,-3.07,21.87,hex
RAL 100 40 05,Dove Grey,#5D5B53,38.61,-0.80,4.90,hex
RAL 100 40 10,Slick Green,#615D4C,39.40,-1.58,10.36,hex
RAL 100 40 20,Broccoli Green,#635D3B,39.24,-3.24,20.41,hex
RAL 100 40 30,High Forest Green,#665D25,39.22,-4.13,32.73,hex
RAL 100 40 40,Brussels Sprout Green,#665E0D,39.34,-6.06,42.88,hex
RAL 100 50 05,Forest Floor Khaki,#78766D,49.56,-0.97,5.23,hex
RAL 100 50 10,Lapwing Grey Green,#7A7562,49.18,-1.52,11.19,hex
RAL 100 50 20,Green Woodpecker Olive,#7D7853,50.00,-4.23,21.05,hex
RAL 100 50 30,Steppe Green,#7D7640,49.11,-5.39,30.55,hex
RAL 100 50 40,Faience Green,#81762B,49.25,-5.36,41.46,hex
RAL 100 50 50,Tool Green,#7F7711,49.19,-8.10,51.05,hex
RAL 100 60 05,Smoky Grey Green,#939087,59.80,-0.57,5.17,hex
RAL 100 60 10,Olivine Grey,#928E7C,58.89,-1.75,10.13,hex
RAL 100 60 20,Grey-Headed Woodpecker Green,#98916C,59.90,-3.48,20.62,hex
RAL 100 60 30,Cardamom Green,#989057,59.26,-5.57,31.31,hex
RAL 100 60 40,Lettuce Green,#9B9246,59.86,-7.04,40.92,hex
RAL 100 60 50,Art Nouveau Green,#9C932F,60.02,-8.76,51.63,hex
RAL 100 60 60,Smoothie Green,#988E01,58.06,-9.33,61.99,hex
RAL 100 70 05,Smoky White,#AEADA3,70.55,-1.47,5.26,hex
RAL 100 70 10,Anise Grey Yellow,#B0AC98,70.18,-2.07,10.81,hex
RAL 100 70 20,Sand Brown,#B3AC85,70.02,-3.82,21.02,hex
RAL 100 70 30,Hippie Green,#B4AC71,69.75,-6.02,31.40,hex
RAL 100 70 40,Linden Green,#B8AE60,70.39,-7.24,41.07,hex
RAL 100 70 50,Dill Green,#B6AC4B,69.44,-8.82,50.09,hex
RAL 100 70 60,New Green,#B5AC31,69.15,-10.82,60.57,hex
RAL 100 80 05,Natural Grey,#C8C7BC,80.04,-1.61,5.62,hex
RAL 100 80 10,Pale Beige,#CCC7B1,80.10,-2.01,11.64,hex
RAL 100 80 20,Soft Green,#D2CAA1,81.03,-3.76,21.52,hex
RAL 100 80 30,Silver Green,#D2C88C,80.13,-5.48,31.32,hex
RAL 100 80 40,March Tulip Green,#D4C978,80.25,-7.44,41.74,hex
RAL 100 80 50,Light Olive,#D4C964,80.01,-9.28,51.19,hex
RAL 100 80 60,Advertisement Green,#D8CB4B,80.64,-10.39,63.02,hex
RAL 100 80 70,LED Green,#D8CB32,80.48,-11.57,71.88,hex
RAL 100 80 80,March Green,#D4CC00,80.28,-14.79,80.63,hex
RAL 100 85 05,Celery White,#DBD9CD,86.55,-1.41,6.15,hex
RAL 100 85 10,Palm Heart Cream,#DDD8C2,86.20,-2.00,11.46,hex
RAL 100 85 20,Beige Green,#E0D8B0,86.05,-3.63,20.75,hex
RAL 100 85 30,Crystal Yellow,#E4D99F,86.32,-4.92,30.00,hex
RAL 100 90 05,Brilliant Yellow,#E8E5D8,90.85,-1.22,6.69,hex
RAL 100 90 10,Elderberry White,#EAE5CF,90.80,-1.99,11.33,hex
RAL 100 90 20,Designer Cream Yellow,#EFE5BB,90.77,-3.19,21.74,hex
RAL 100 90 30,Boxwood Yellow,#EFE4A5,90.12,-5.58,32.16,hex
RAL 100 90 40,Primrose Yellow,#F3E692,90.65,-7.22,42.49,hex
RAL 100 90 50,Spring Yellow,#F2E47D,89.79,-8.65,51.60,hex
RAL 100 93 05,Fog White,#F1EFE4,94.33,-1.23,5.55,hex
RAL 1000,Green beige,#CDBA88,75.99,-0.63,27.85,hex
RAL 1001,Beige,#D0B084,73.63,5.39,26.86,hex
RAL 1002,Sand yellow,#D2AA6D,71.93,6.94,36.85,hex
RAL 1003,Signal yellow,#F9A900,75.15,19.32,78.75,hex
RAL 1004,Golden yellow,#E49E00,70.14,16.15,74.25,hex
RAL 1005,Honey yellow,#CB8F00,63.63,13.29,68.51,hex
RAL 1006,Maize yellow,#E19000,66.49,22.33,71.67,hex
RAL 1007,Daffodil yellow,#E88C00,66.46,27.41,72.08,hex
RAL 1011,Brown beige,#AF8050,57.21,12.53,33.00,hex
RAL 1012,Lemon yellow,#DDAF28,73.67,4.74,69.04,hex
RAL 1013,Oyster white,#E3D9C7,87.04,0.42,10.09,hex
RAL 1014,Ivory,#DDC49B,80.30,2.75,23.85,hex
RAL 1015,Light ivory,#E6D2B5,85.13,2.40,16.91,hex
RAL 1016,Sulfur yellow,#F1DD39,87.34,-9.79,76.74,hex
RAL 1017,Saffron yellow,#F6A951,75.18,20.28,55.48,hex
RAL 1018,Zinc yellow,#FACA31,83.33,3.37,75.89,hex
RAL 1019,Grey beige,#A48F7A,60.73,4.49,14.08,hex
RAL 1020,Olive yellow,#A08F65,59.94,-0.00,24.69,hex
RAL 1021,Colza yellow,#F6B600,77.91,11.22,80.45,hex
RAL 1023,Traffic yellow,#F7B500,77.77,12.18,80.41,hex
RAL 1024,Ochre yellow,#BA8F4C,62.18,8.61,41.38,hex
RAL 1026,Luminous yellow,#FFFF00,97.14,-21.55,94.48,hex
RAL 1027,Curry,#A77F0F,55.51,6.08,58.34,hex
RAL 1028,Melon yellow,#FF9C00,72.92,28.61,77.65,hex
RAL 1032,Broom yellow,#E2A300,71.12,12.62,74.81,hex
RAL 1033,Dahlia yellow,#F99A1D,71.79,27.50,71.81,hex
RAL 1034,Pastel yellow,#EB9C52,70.91,22.67,49.90,hex
RAL 1035,Pearl beige,#8F8370,55.32,1.28,11.93,hex
RAL 1036,Pearl gold,#806440,44.34,6.37,24.65,hex
RAL 1037,Sun yellow,#F09200,68.81,27.60,74.09,hex
RAL 110 20 10,Metal Construction Green,#2F2E1F,18.62,-2.59,9.86,hex
RAL 110 30 10,Dark Olive Green,#454636,29.19,-3.64,9.54,hex
RAL 110 30 20,Nori Seaweed Green,#464826,29.61,-6.85,20.07,hex
RAL 110 40 10,Stump Green,#5E5F4D,39.75,-3.88,10.20,hex
RAL 110 40 20,Antique Green,#5C5D39,38.55,-6.67,20.57,hex
RAL 110 40 30,Gardener Green,#5E602A,39.43,-9.22,30.15,hex
RAL 110 40 40,Kirchner Green,#5C6116,39.38,-12.24,39.46,hex
RAL 110 50 10,November Green,#767764,49.45,-3.95,10.35,hex
RAL 110 50 20,Alexandrite Green,#767853,49.39,-7.21,20.13,hex
RAL 110 50 30,Plant Green,#777A44,49.81,-9.84,29.11,hex
RAL 110 50 40,Ripe Green,#747A2C,49.27,-13.45,40.67,hex
RAL 110 50 50,Portuguese Green,#717910,48.54,-15.77,50.27,hex
RAL 110 50 55,Flag Green,#717C00,49.41,-17.75,54.29,hex
RAL 110 60 10,Grey Green,#90917E,59.60,-3.85,9.98,hex
RAL 110 60 20,Peapod Green,#8E916D,59.07,-7.38,18.80,hex
RAL 110 60 30,Indian Green,#91955F,60.20,-10.26,28.07,hex
RAL 110 60 40,Winterpea Green,#8E9549,59.64,-13.99,38.89,hex
RAL 110 60 50,Airline Green,#8C9632,59.54,-17.24,49.47,hex
RAL 110 60 60,Woodruff Green,#8B9916,60.19,-20.54,59.46,hex
RAL 110 60 65,Traffic Light Green,#8C9900,60.21,-20.54,63.27,hex
RAL 110 70 10,Chinese Tea Green,#ACAD98,70.12,-4.10,10.68,hex
RAL 110 70 20,Wall Green,#ABAE86,69.93,-7.85,20.24,hex
RAL 110 70 30,Wasabi Green,#A9AD74,69.17,-10.60,28.88,hex
RAL 110 70 40,April Green,#A9B062,69.73,-14.27,38.97,hex
RAL 110 70 50,Delaunay Green,#AAB350,70.43,-17.11,48.62,hex
RAL 110 70 60,Lime Green,#A6B237,69.63,-20.04,58.39,hex
RAL 110 70 70,Chlorophyll Green,#9EB100,68.54,-24.65,70.08,hex
RAL 110 70 77,Marker Green,#9DAF00,67.89,-24.10,69.56,hex
RAL 110 80 10,Spring Grey,#C5C6B3,79.34,-3.69,9.41,hex
RAL 110 80 20,Mint Ice Green,#C9CAA1,80.31,-7.14,20.42,hex
RAL 110 80 30,Springtide Green,#C8CB8E,80.15,-10.65,30.17,hex
RAL 110 80 40,Lime Sorbet Green,#C6CD7D,80.26,-14.50,39.01,hex
RAL 110 80 50,Easter Green,#C7CF68,80.61,-17.24,49.75,hex
RAL 110 80 60,Clown Green,#C4D056,80.47,-20.43,57.74,hex
RAL 110 80 70,Juice Green,#C0D036,79.95,-23.97,69.42,hex
RAL 110 85 10,Veltliner White,#D7D8C3,85.76,-3.97,10.24,hex
RAL 110 85 20,Kohlrabi Green,#D9D9B1,85.78,-6.57,19.77,hex
RAL 110 85 30,Burgundy Grey,#DADBA0,86.06,-9.59,29.00,hex
RAL 110 85 40,Wax Green,#D8DB8B,85.57,-12.94,39.02,hex
RAL 110 85 50,Sprout Green,#D6DB76,85.13,-15.92,48.78,hex
RAL 110 90 05,Cotton White,#E4E3D8,90.04,-1.58,5.49,hex
RAL 110 90 10,Light Fern Green,#E6E6D0,90.77,-3.75,10.73,hex
RAL 110 90 20,Lily Scent Green,#E6E6BC,90.34,-6.83,20.53,hex
RAL 110 90 30,Kiwi Ice Cream Green,#E5E7A7,90.14,-10.60,31.03,hex
RAL 110 90 40,Lime Juice Green,#E5E896,90.13,-13.17,39.60,hex
RAL 110 93 05,Raffia White,#EEEEE3,93.83,-1.91,5.32,hex
RAL 110 96 02,Laundry White,#F6F7F1,97.01,-1.38,2.76,hex
RAL 110-1,,#E6E7E6,91.54,-0.51,0.37,hex
RAL 110-2,,#DEDDD5,87.99,-1.07,4.04,hex
RAL 110-3,,#C8C6BE,79.83,-0.74,4.25,hex
RAL 110-4,,#C6C7C4,80.09,-0.89,1.38,hex
RAL 110-5,,#C9CCC6,81.66,-2.12,2.62,hex
RAL 110-6,,#C8C8C7,80.58,-0.18,0.50,hex
RAL 110-M,,#A0A2A4,66.52,-0.33,-1.29,hex
RAL 120 30 05,Racing Green,#41433A,27.96,-2.77,5.19,hex
RAL 120 30 10,Country House Green,#414634,28.78,-5.79,10.19,hex
RAL 120 30 20,Avocado Dark Green,#3E4826,28.90,-10.61,19.04,hex
RAL 120 40 05,English Green,#5A5C53,38.64,-2.64,4.91,hex
RAL 120 40 10,Almond Green,#595E4C,38.99,-5.57,9.68,hex
RAL 120 40 20,Cactus Green,#56603D,39.04,-10.50,18.75,hex
RAL 120 40 30,Basil Green,#54622E,39.27,-14.49,27.59,hex
RAL 120 40 40,Pepper Green,#4E6314,38.89,-19.96,39.35,hex
RAL 120 50 05,Smoke Green,#75766C,49.28,-2.33,5.38,hex
RAL 120 50 10,Velvet Green Grey,#737866,49.54,-5.37,9.26,hex
RAL 120 50 20,Parrot Green,#717B56,49.92,-10.52,19.05,hex
RAL 120 50 30,Quartz Green,#6E7C45,49.69,-14.68,28.26,hex
RAL 120 50 40,Hedge Green,#697D36,49.42,-19.02,35.75,hex
RAL 120 50 50,Birch Leaf Green,#637E1D,49.08,-24.06,46.31,hex
RAL 120 60 05,Bluish Grey,#929489,60.87,-2.81,5.56,hex
RAL 120 60 10,Lavender Leaf Green,#8C9180,59.33,-5.03,8.40,hex
RAL 120 60 20,Cider Pear Green,#8A946F,59.64,-10.29,18.41,hex
RAL 120 60 30,Vesuvian Green,#879860,60.29,-15.79,27.50,hex
RAL 120 60 40,Bamboo Grass Green,#82994C,59.93,-20.76,37.50,hex
RAL 120 60 50,Aloe Vera Green,#7E9B39,60.05,-25.20,46.66,hex
RAL 120 60 60,Mamba Green,#779A20,59.10,-29.20,55.19,hex
RAL 120 60 63,Luminescent Green,#769C18,59.61,-30.89,57.89,hex
RAL 120 70 05,Laurel Grey,#AAACA2,69.94,-2.56,4.89,hex
RAL 120 70 10,Nile Green,#A9AD99,69.91,-5.04,9.80,hex
RAL 120 70 20,Filigree Green,#A5AF89,69.80,-10.21,18.36,hex
RAL 120 70 30,Serpentine Green,#A2B37A,70.40,-15.65,27.22,hex
RAL 120 70 40,Light Birch Green,#9DB567,70.31,-21.05,36.96,hex
RAL 120 70 50,Clematis Green,#98B652,69.99,-25.75,46.84,hex
RAL 120 70 60,Tourmaline Green,#91B33C,68.45,-28.91,54.73,hex
RAL 120 70 70,Cocktail Green,#8EB826,69.59,-33.70,63.53,hex
RAL 120 70 75,Brilliant Green,#88B407,67.94,-35.12,68.12,hex
RAL 120 80 05,Dust Green,#C6C8BE,80.20,-2.49,4.76,hex
RAL 120 80 10,Jugendstil Green,#C3C8B3,79.71,-5.45,9.92,hex
RAL 120 80 20,Avocado Cream,#C2CDA5,80.65,-10.66,18.70,hex
RAL 120 80 30,Natural Green,#BCCD91,79.84,-15.82,28.03,hex
RAL 120 80 40,Summer Green,#B9D080,80.17,-20.66,37.18,hex
RAL 120 80 50,Fashion Green,#B3D26D,80.06,-26.08,46.35,hex
RAL 120 80 60,Neon Green,#B0D45D,80.24,-29.73,53.99,hex
RAL 120 85 05,Chalk Green,#D6D8CD,85.91,-2.63,5.18,hex
RAL 120 85 10,Light Feather Green,#D3D9C5,85.76,-5.56,9.15,hex
RAL 120 85 20,Lake Green,#D2DBB4,85.84,-9.68,18.19,hex
RAL 120 85 30,Aqua Green,#CEDCA0,85.43,-14.57,27.99,hex
RAL 120 90 05,Lily of the Valley White,#E1E3D7,89.79,-2.78,5.62,hex
RAL 120 90 10,Pale Pistachio,#E3E7D1,90.82,-5.14,10.25,hex
RAL 120 90 20,Kiwi Sorbet Green,#DEE8BE,90.30,-10.41,19.35,hex
RAL 120 90 30,Ice Cold Green,#D9EBAC,90.39,-16.33,28.67,hex
RAL 120 93 05,Touch Of White Green,#ECEFE3,93.93,-3.09,5.45,hex
RAL 120-1,,#EDEDEA,93.67,-0.53,1.45,hex
RAL 120-2,,#F2F1EC,95.10,-0.54,2.53,hex
RAL 120-3,,#F0EEE5,94.03,-0.89,4.59,hex
RAL 120-4,,#E9E1D4,89.83,0.51,7.32,hex
RAL 120-5,,#E2D9C6,86.93,-0.10,10.46,hex
RAL 120-6,,#EAE1CE,89.77,-0.10,10.39,hex
RAL 120-M,,#8F8D87,58.64,-0.40,3.46,hex
RAL 130 30 10,Arame Seaweed Green,#3F4635,28.63,-6.49,9.32,hex
RAL 130 30 20,Kelp Green,#394827,28.51,-12.74,17.86,hex
RAL 130 40 10,Soft Olive,#59604F,39.67,-6.19,8.81,hex
RAL 130 40 20,Alpine Lake Green,#4F603E,38.51,-13.33,17.36,hex
RAL 130 40 30,Gemstone Green,#4B6331,38.97,-18.57,25.41,hex
RAL 130 50 10,Dubuffet Green,#6F7766,48.92,-6.38,8.34,hex
RAL 130 50 20,Spanish Green,#6A7B59,49.44,-12.88,16.58,hex
RAL 130 50 30,Algae Green,#617D48,49.10,-20.16,25.66,hex
RAL 130 50 40,Hot Pepper Green,#598039,49.32,-26.77,33.85,hex
RAL 130 50 50,Emerald Clear Green,#4F8129,48.91,-32.67,40.90,hex
RAL 130 60 10,Matte Sage Green,#8A9381,59.76,-6.71,8.43,hex
RAL 130 60 20,Old Green,#839573,59.49,-12.89,15.87,hex
RAL 130 60 30,Pea Aubergine Green,#7C9865,59.60,-19.38,23.72,hex
RAL 130 60 40,Bavarian Green,#749A54,59.40,-25.85,32.50,hex
RAL 130 60 50,Parisian Green,#6B9C42,59.25,-32.32,41.27,hex
RAL 130 60 60,Primal Green,#609E2F,59.11,-38.95,49.37,hex
RAL 130 70 10,Limestone Green,#A5AF9D,70.24,-6.87,8.03,hex
RAL 130 70 20,Soap Green,#A0B28E,70.36,-12.85,16.36,hex
RAL 130 70 30,Watercolour Green,#96B47E,69.92,-20.11,24.28,hex
RAL 130 70 40,Van Gogh Green,#8FB66D,69.75,-26.13,32.96,hex
RAL 130 70 50,Apple Green,#87B960,69.96,-32.17,39.74,hex
RAL 130 70 60,Ultra Green,#7EBA4D,69.53,-37.96,48.21,hex
RAL 130 80 10,Jade Light Green,#C1CAB7,80.18,-6.52,8.43,hex
RAL 130 80 20,Enamel Green,#BACCA8,79.87,-12.56,15.92,hex
RAL 130 80 30,Pastel Green,#B3CF99,79.90,-18.96,23.82,hex
RAL 130 80 40,Jasmine Green,#ACD38B,80.30,-25.50,31.57,hex
RAL 130 80 50,Crystal Green,#A4D579,80.10,-31.72,40.32,hex
RAL 130 85 05,Grape Oil Green,#D3D9CE,85.97,-4.01,4.71,hex
RAL 130 85 10,Duchamp Light Green,#D1DBC7,86.18,-6.94,8.68,hex
RAL 130 85 20,Pallid Light Green,#CBDCB7,85.66,-12.21,16.29,hex
RAL 130 85 30,Viridine Green,#C8E0AB,86.27,-17.15,23.38,hex
RAL 130 90 05,Poplar White,#DFE3D8,89.67,-3.29,4.90,hex
RAL 130 90 10,Mediterranean Green,#E0E9D3,91.16,-6.86,9.66,hex
RAL 130 90 20,Spring Green,#D6E9C3,90.10,-12.95,16.38,hex
RAL 130 93 05,Bean White,#EBF0E4,94.13,-3.77,5.21,hex
RAL 130-1,,#F2EDBB,93.03,-6.13,24.90,hex
RAL 130-2,,#F1EEC3,93.36,-5.87,21.23,hex
RAL 130-3,,#F0EECD,93.49,-4.75,16.25,hex
RAL 130-4,,#F8F0CF,94.65,-2.62,16.93,hex
RAL 130-5,,#EDE4BC,90.38,-3.27,20.66,hex
RAL 130-6,,#FBE5B0,91.54,-0.20,28.63,hex
RAL 130-M,,#ABAB90,69.33,-4.71,13.94,hex
RAL 140 20 05,Melanite Black Green,#282E27,18.15,-4.31,3.64,hex
RAL 140 20 10,Mountain Range Green,#283123,19.09,-7.14,7.70,hex
RAL 140 20 20,Bavarian Green,#25361E,20.54,-12.53,12.92,hex
RAL 140 30 05,Black Forest Green,#424740,29.50,-3.61,3.51,hex
RAL 140 30 10,Copper Pyrite Green,#3E4939,29.62,-7.98,8.13,hex
RAL 140 30 20,Nettle Green,#364C2E,29.79,-15.17,15.18,hex
RAL 140 30 30,Chestnut Green,#2A4F21,29.90,-23.55,22.88,hex
RAL 140 30 40,Ranger Green,#1B4F1C,29.18,-29.07,24.63,hex
RAL 140 40 05,Stone Green,#595F57,39.57,-4.04,3.77,hex
RAL 140 40 10,Loden Green,#556151,39.71,-8.02,7.59,hex
RAL 140 40 20,Acacia Green,#486241,38.72,-16.78,15.76,hex
RAL 140 40 30,Peacock Green,#406635,39.33,-23.94,23.46,hex
RAL 140 40 40,Radical Green,#326A2B,39.85,-32.10,29.39,hex
RAL 140 40 50,Brazilian Green,#296D23,40.46,-36.95,33.98,hex
RAL 140 50 05,Silver Maple Green,#71776E,49.29,-4.08,4.17,hex
RAL 140 50 10,Fir Spruce Green,#6D7969,49.43,-7.72,7.27,hex
RAL 140 50 20,Silver Willow Green,#637C5B,49.28,-15.82,15.13,hex
RAL 140 50 30,Rambling Green,#5A804F,49.71,-23.34,22.46,hex
RAL 140 50 40,Guinean Green,#4A8140,48.92,-31.80,29.50,hex
RAL 140 50 50,Mountain Meadow Green,#418638,50.05,-37.98,34.91,hex
RAL 140 50 60,Temperamental Green,#2B8725,49.46,-46.18,42.75,hex
RAL 140 60 05,Camouflage Green,#8B918A,59.50,-3.55,2.95,hex
RAL 140 60 10,Silver Linden Grey,#859382,59.40,-8.39,7.30,hex
RAL 140 60 20,Spinach Green,#7E9977,60.38,-16.20,14.81,hex
RAL 140 60 30,Blackthorn Green,#739C69,60.29,-24.13,22.34,hex
RAL 140 60 40,Fresh Green,#6A9E5C,60.15,-30.33,29.10,hex
RAL 140 60 50,Parsley Green,#5A9F4D,59.44,-38.28,35.85,hex
RAL 140 60 60,Oregano Green,#4DA241,59.71,-44.97,41.91,hex
RAL 140 60 70,Balloon Green,#3BA234,58.99,-50.99,46.75,hex
RAL 140 70 05,Ginkgo Green,#A5ACA4,69.60,-3.99,3.25,hex
RAL 140 70 10,Wormwood Green,#9FAE9E,69.55,-8.31,6.43,hex
RAL 140 70 20,Dew Green,#97B391,70.08,-16.13,14.24,hex
RAL 140 70 30,Aniseed Leaf Green,#8CB684,69.96,-23.76,21.01,hex
RAL 140 70 40,Sour Green,#84B977,70.13,-30.09,28.09,hex
RAL 140 70 50,Acid Green,#76BB68,69.75,-37.94,35.24,hex
RAL 140 70 60,Drop Green,#69BD5A,69.57,-44.79,41.87,hex
RAL 140 80 05,Willow Green,#C3CABF,80.52,-4.41,4.65,hex
RAL 140 80 10,Pastel Grey Green,#BCCBB9,80.13,-8.44,7.24,hex
RAL 140 80 20,Gio Ponti Green,#B3CEAB,79.99,-15.55,14.43,hex
RAL 140 80 30,Relaxation Green,#A8D19E,79.84,-23.05,20.99,hex
RAL 140 80 40,Dentist Green,#99D590,79.83,-32.31,28.15,hex
RAL 140 85 05,Deadnettle White,#D2DAD0,86.21,-4.51,3.98,hex
RAL 140 85 10,Leek White,#CEDCCA,86.29,-7.97,7.23,hex
RAL 140 85 20,Limestone Slate,#C5E0BD,86.43,-15.32,14.18,hex
RAL 140 85 30,Mint Cocktail Green,#B8E2B0,85.86,-22.92,20.05,hex
RAL 140 90 05,Rosemary White,#DFE6DA,90.48,-4.48,5.03,hex
RAL 140 90 10,Touch Of Green,#DBE9D5,90.84,-8.23,8.13,hex
RAL 140 93 05,Chestnut White,#EAF1E6,94.36,-4.27,4.50,hex
RAL 140-1,,#FAD3A9,86.89,7.79,25.91,hex
RAL 140-2,,#FEDAA6,88.91,5.35,30.25,hex
RAL 140-3,,#FEE3C1,91.62,4.16,20.01,hex
RAL 140-4,,#FDDFBE,90.50,5.44,19.98,hex
RAL 140-5,,#F8E4C8,91.51,2.45,16.15,hex
RAL 140-6,,#E5D2B6,85.06,2.18,16.28,hex
RAL 140-M,,#B09E7E,65.90,1.57,19.16,hex
RAL 150 30 10,Thyme Green,#3D4B3D,30.31,-8.78,6.52,hex
RAL 150 30 20,Moselle Green,#2E4E36,30.15,-17.80,10.59,hex
RAL 150 30 30,Mountain Green,#1E4F2B,29.52,-25.72,16.42,hex
RAL 150 40 10,Felt Green,#526153,39.53,-8.81,6.08,hex
RAL 150 40 20,Firm Green,#47654A,39.82,-17.10,11.84,hex
RAL 150 40 30,Genever Green,#33673F,39.18,-27.14,17.35,hex
RAL 150 40 40,Ink Green,#1C6A35,39.26,-36.11,23.07,hex
RAL 150 40 50,Ireland Green,#006C2E,39.45,-41.53,27.05,hex
RAL 150 50 10,Sage Green Grey,#69796A,49.15,-9.05,6.25,hex
RAL 150 50 20,Korean Mint,#5D7D61,49.32,-17.47,11.64,hex
RAL 150 50 30,Field Green,#538059,49.49,-24.10,16.41,hex
RAL 150 50 40,Celery Green,#3F8653,50.37,-34.31,20.84,hex
RAL 150 50 50,Rich Green,#218845,49.93,-44.23,27.80,hex
RAL 150 50 60,Cold Green,#008B3C,50.44,-49.97,33.04,hex
RAL 150 60 10,Pointed Cabbage Green,#859587,60.10,-8.53,5.46,hex
RAL 150 60 20,Orient Green,#77997D,60.05,-17.61,10.92,hex
RAL 150 60 30,Rosemary Green,#699B72,59.58,-25.52,16.30,hex
RAL 150 60 40,Mosaic Green,#599F68,59.81,-34.36,22.02,hex
RAL 150 60 50,Bouncy Ball Green,#49A462,60.65,-42.04,26.26,hex
RAL 150 60 60,Energy Green,#1CA350,58.99,-52.90,33.38,hex
RAL 150 70 10,Tea Green,#9EAFA0,69.80,-8.82,5.68,hex
RAL 150 70 20,Liebermann Green,#92B498,70.19,-17.12,10.52,hex
RAL 150 70 30,Oilcloth Green,#83BA8E,70.80,-27.02,16.68,hex
RAL 150 70 40,Jade Stone Green,#74BB83,70.10,-34.25,21.52,hex
RAL 150 70 50,Verdigris Coloured,#62BE77,70.00,-42.92,27.63,hex
RAL 150 80 10,Organza Green,#BBCCBD,80.42,-8.58,5.50,hex
RAL 150 80 20,Pastel Mint Green,#ADD0B3,80.32,-17.21,10.58,hex
RAL 150 80 30,Bright Green,#9FD4AA,80.38,-25.46,15.33,hex
RAL 150 80 40,Mother-Of-Pearl Green,#8FD89F,80.43,-34.40,21.07,hex
RAL 150 85 05,Asparagus White,#CED9CF,85.63,-5.54,3.64,hex
RAL 150 85 10,Transparent White,#CBDCCB,86.10,-8.82,6.41,hex
RAL 150 85 20,Pallid Green,#C1E0C1,86.25,-15.99,11.79,hex
RAL 150 90 05,Mineral White,#DCE5D9,89.98,-5.16,4.80,hex
RAL 150 90 10,Alabaster Green,#D7E9D7,90.61,-9.23,6.71,hex
RAL 150 93 05,Quark White,#E7F1E6,94.15,-5.27,4.16,hex
RAL 150-1,,#F7EFE9,94.90,1.66,3.85,hex
RAL 150-2,,#F9EBE3,93.93,3.39,5.57,hex
RAL 150-3,,#EEE1D7,90.29,2.75,6.47,hex
RAL 150-4,,#FBE3D4,91.78,5.83,10.31,hex
RAL 150-5,,#FAE8DC,93.10,4.15,8.03,hex
RAL 150-6,,#F8DFD7,90.62,7.29,7.04,hex
RAL 150-M,,#AB978A,63.86,5.24,9.56,hex
RAL 160 20 05,Beryl Black Green,#2B322D,19.98,-4.23,2.17,hex
RAL 160 20 10,Mussel Green,#24342A,20.04,-9.19,4.22,hex
RAL 160 20 15,Pumpkin Green Black,#183425,19.16,-14.92,6.26,hex
RAL 160 20 20,Opulent Green,#103222,17.95,-17.05,6.56,hex
RAL 160 30 05,Rich Olive,#3E4740,29.16,-5.27,2.97,hex
RAL 160 30 10,Exclusive Green,#38493E,29.29,-9.37,4.39,hex
RAL 160 30 15,Leaf Green,#2F4939,28.55,-13.96,6.47,hex
RAL 160 30 20,Mountain Mint,#254B37,28.65,-18.98,7.80,hex
RAL 160 30 25,Order Green,#1A4C32,28.43,-23.81,10.60,hex
RAL 160 30 30,Troll Green,#014E2E,28.52,-29.94,13.13,hex
RAL 160 30 35,Card Table Green,#00512C,29.58,-31.77,15.76,hex
RAL 160 30 40,Lemon Balm Green,#005228,29.88,-33.01,18.55,hex
RAL 160 40 05,Jasper Green,#57605A,39.80,-4.80,2.23,hex
RAL 160 40 10,Siberian Green,#4E6157,39.34,-9.49,3.32,hex
RAL 160 40 15,Cucumber Green,#466353,39.33,-14.46,5.68,hex
RAL 160 40 20,Serbian Green,#3E644F,39.07,-18.68,7.70,hex
RAL 160 40 25,Black Pine Green,#33654A,38.73,-23.83,10.18,hex
RAL 160 40 30,Pumpkin Green,#286848,39.27,-28.72,12.06,hex
RAL 160 40 35,Jade Mussel Green,#166A45,39.42,-33.82,13.98,hex
RAL 160 40 40,Clover Green,#006C44,39.82,-37.12,15.06,hex
RAL 160 40 45,Frog Green,#00693C,38.60,-37.75,18.13,hex
RAL 160 40 50,Universal Green,#006B38,39.24,-39.35,21.27,hex
RAL 160 40 55,Column Of Oak Green,#006F37,40.64,-41.02,23.62,hex
RAL 160 50 05,Arctic Lichen Green,#6F7872,49.53,-4.61,2.13,hex
RAL 160 50 10,Atlas Cedar Green,#667A6E,49.34,-9.91,4.13,hex
RAL 160 50 15,Stone Cypress Green,#5F7D6C,49.72,-14.51,5.79,hex
RAL 160 50 20,Juniper Green,#567F69,49.71,-19.32,7.46,hex
RAL 160 50 25,Sports Field Green,#4D8064,49.42,-23.84,9.89,hex
RAL 160 50 30,Leisure Green,#438261,49.52,-28.46,11.71,hex
RAL 160 50 35,Adamite Green,#3B845E,49.79,-32.21,13.76,hex
RAL 160 50 40,Metallic Green,#24855B,49.38,-38.13,14.82,hex
RAL 160 50 45,Vital Green,#138859,50.06,-42.00,16.84,hex
RAL 160 50 50,Golf Green,#008854,49.79,-44.42,19.29,hex
RAL 160 50 55,Iceland Green,#008B52,50.77,-45.98,21.71,hex
RAL 160 50 60,Real Turquoise,#008A4C,50.33,-46.82,24.44,hex
RAL 160 60 05,Sandstone Grey Green,#88928C,59.60,-4.81,1.93,hex
RAL 160 60 10,Slate Green,#7F9488,59.41,-9.94,3.84,hex
RAL 160 60 15,Mild Green,#789885,60.02,-15.15,6.36,hex
RAL 160 60 20,Douglas Fir Green,#6F9881,59.36,-19.03,7.61,hex
RAL 160 60 25,Practice Green,#679A7C,59.39,-23.71,10.41,hex
RAL 160 60 30,Memphis Green,#5E9D7B,59.82,-28.19,11.51,hex
RAL 160 60 35,Advertising Green,#53A079,60.21,-33.16,13.11,hex
RAL 160 60 40,Hunter Green,#45A074,59.59,-37.74,14.95,hex
RAL 160 60 45,Linoleum Green,#3AA372,60.17,-41.82,16.81,hex
RAL 160 60 50,Parakeet Green,#1AA36D,59.45,-47.52,18.48,hex
RAL 160 60 55,Emerald Light Green,#00A267,58.81,-50.05,20.87,hex
RAL 160 60 58,Alhambra Green,#00A465,59.42,-51.21,22.79,hex
RAL 160 70 05,Greenish Grey,#A3AEA7,70.07,-5.20,2.26,hex
RAL 160 70 10,Weak Green,#99AFA3,69.52,-9.99,3.58,hex
RAL 160 70 15,Andean Slate,#90B19D,69.33,-15.30,6.53,hex
RAL 160 70 20,Ceramic Green,#8AB39B,69.48,-18.74,7.79,hex
RAL 160 70 25,Water Green,#81B89A,70.37,-24.37,9.54,hex
RAL 160 70 30,Mountain Lake Green,#75B996,69.95,-29.34,11.05,hex
RAL 160 70 35,American Green,#6ABA92,69.65,-33.79,12.73,hex
RAL 160 70 40,Techno Turquoise,#60BD8E,70.06,-38.64,15.41,hex
RAL 160 70 45,Garish Green,#51BF8A,70.07,-43.88,17.50,hex
RAL 160 70 50,Malachite Green,#44C089,69.99,-47.12,17.87,hex
RAL 160 80 05,Fog Green,#BCC8C1,79.53,-5.41,2.08,hex
RAL 160 80 10,Matte Jade Green,#B5CBBD,79.73,-10.11,4.46,hex
RAL 160 80 15,Sun Yellow,#ABCEBA,79.81,-15.56,6.10,hex
RAL 160 80 20,Feather Green,#A3D0B6,79.77,-19.95,8.11,hex
RAL 160 80 25,Menthol Green,#9CD2B4,79.87,-23.56,9.27,hex
RAL 160 80 30,Silk Green,#94D6B2,80.52,-28.38,11.19,hex
RAL 160 85 05,Light Green,#CCD8D0,85.25,-5.52,2.54,hex
RAL 160 85 10,Micaceous Green,#C5DACC,85.19,-9.64,4.50,hex
RAL 160 85 15,Moonstone Green,#BDDDC8,85.35,-14.56,6.79,hex
RAL 160 90 05,Watercolour White,#DBE5DB,89.96,-5.15,3.71,hex
RAL 160 90 10,Moonlight Green,#D2E8D8,90.03,-10.22,5.31,hex
RAL 160 90 15,Glacial Water Green,#C9EAD4,89.87,-14.92,7.08,hex
RAL 160 93 05,Mountain Crystal Silver,#E2EFE8,93.33,-5.57,1.89,hex
RAL 160-1,,#E3E1EC,89.97,2.67,-5.11,hex
RAL 160-2,,#E7E2E8,90.42,2.76,-2.32,hex
RAL 160-3,,#EDE8E8,92.37,1.68,0.60,hex
RAL 160-4,,#EEE1E2,90.56,4.59,1.10,hex
RAL 160-5,,#EFE4E0,91.33,3.05,3.28,hex
RAL 160-6,,#ECE4E9,91.33,3.58,-1.47,hex
RAL 160-M,,#ADA6B5,69.11,5.37,-6.80,hex
RAL 170 20 10,Deep Green,#1C3129,18.38,-10.68,2.46,hex
RAL 170 20 15,Intense Green,#123328,18.58,-15.38,3.37,hex
RAL 170 20 20,Coach Green,#003527,18.77,-20.68,4.24,hex
RAL 170 20 25,Off-Road Green,#003723,19.45,-22.82,7.89,hex
RAL 170 30 10,Garnet Black Green,#354A41,29.50,-10.41,2.74,hex
RAL 170 30 15,Dark Green,#284B3E,28.98,-16.27,3.81,hex
RAL 170 30 20,Thistle Green,#1E4B3B,28.44,-19.99,4.91,hex
RAL 170 30 25,Raspberry Leaf Green,#044F3B,29.24,-26.55,5.96,hex
RAL 170 30 30,Chrysocolla Dark Green,#004F39,29.13,-27.62,7.05,hex
RAL 170 30 35,Trapper Green,#005239,30.23,-28.97,8.60,hex
RAL 170 30 40,Permanent Green,#005437,30.92,-30.37,10.80,hex
RAL 170 40 10,Chalcedony Green,#4B6057,38.81,-10.02,2.53,hex
RAL 170 40 15,Palace Green,#426255,38.81,-14.84,3.69,hex
RAL 170 40 20,Plantain Green,#356554,39.08,-20.85,4.59,hex
RAL 170 40 25,Ore Mountains Green,#2B6551,38.58,-24.33,5.65,hex
RAL 170 40 30,Tractor Green,#1C6A51,39.83,-29.89,7.37,hex
RAL 170 40 35,Victoria Green,#006A4D,39.31,-34.03,9.00,hex
RAL 170 40 40,Device Green,#006B4D,39.67,-34.46,9.49,hex
RAL 170 40 45,Environmental Green,#006C4B,39.97,-35.40,11.11,hex
RAL 170 40 50,Vegan Green,#006C47,39.88,-36.40,13.37,hex
RAL 170 50 10,Bournonite Green,#637A72,49.24,-10.14,1.60,hex
RAL 170 50 15,Fuchsite Green,#5B7E70,49.88,-15.57,3.64,hex
RAL 170 50 20,Blackberry Leaf Green,#507F6D,49.48,-20.36,4.75,hex
RAL 170 50 25,Tourmaline Blue,#46816C,49.60,-24.60,5.44,hex
RAL 170 50 30,Dream Green,#35836A,49.53,-30.35,6.42,hex
RAL 170 50 35,Accent Green Blue,#208468,49.26,-35.12,7.13,hex
RAL 170 50 40,Spectral Green,#008664,49.46,-39.79,9.68,hex
RAL 170 50 45,Mallard Green,#008764,49.79,-40.21,10.15,hex
RAL 170 50 50,Chagall Green,#008B62,51.09,-42.34,13.11,hex
RAL 170 50 55,Absinthe Turquoise,#008A60,50.71,-42.43,13.73,hex
RAL 170 60 10,Quantum Green,#7C948B,59.28,-10.38,1.92,hex
RAL 170 60 15,Bitter Clover Green,#769789,59.70,-14.48,3.62,hex
RAL 170 60 20,Cyprus Green,#699A88,59.79,-20.51,4.22,hex
RAL 170 60 25,Succulent Green,#5E9B86,59.47,-24.79,4.82,hex
RAL 170 60 30,Vibrant Green,#509D83,59.39,-30.28,6.32,hex
RAL 170 60 35,Klimt Green,#3FA282,60.34,-36.73,8.16,hex
RAL 170 60 40,Persian Green,#2CA180,59.51,-40.06,8.03,hex
RAL 170 60 45,Sport Green,#00A27D,59.27,-44.84,9.30,hex
RAL 170 60 50,Active Green,#00A67E,60.58,-46.20,10.61,hex
RAL 170 70 10,Lovage Green,#98B1A6,70.09,-10.80,2.74,hex
RAL 170 70 15,Chrysopal Light Green,#8FB2A3,69.70,-14.96,3.76,hex
RAL 170 70 20,Source Green,#84B6A2,70.15,-20.77,4.88,hex
RAL 170 70 25,Orient Mosaic Green,#7CB8A1,70.27,-24.45,5.54,hex
RAL 170 70 30,Mint Cold Green,#6CBBA0,70.36,-30.69,6.11,hex
RAL 170 70 35,Emerald Green,#5FBB9C,69.73,-34.93,7.33,hex
RAL 170 70 40,Expressionism Green,#52BC9A,69.53,-38.81,8.08,hex
RAL 170 80 10,Fluorite Blue,#B4CCC2,80.06,-10.01,2.25,hex
RAL 170 80 15,Swimming Pool Green,#A8CFC0,80.04,-15.87,3.20,hex
RAL 170 80 20,Sky Green,#9FD3BF,80.58,-20.93,4.45,hex
RAL 170 80 25,Larimar Green,#93D3BC,79.85,-25.20,4.91,hex
RAL 170 85 05,Silicate Light Turquoise,#CDDAD3,85.92,-5.66,1.93,hex
RAL 170 85 10,Topaz Green,#C5DDD0,86.07,-10.43,3.67,hex
RAL 170 85 15,Refrigerator Green,#BADFCD,85.82,-15.61,4.79,hex
RAL 170 85 20,Crystal Glass Green,#B1E2CB,86.03,-20.36,6.09,hex
RAL 170 90 05,Crystal Salt White,#D9E5DD,89.86,-5.46,2.51,hex
RAL 170 90 10,Turquoise White,#CFE9DC,90.19,-10.98,3.42,hex
RAL 170 93 05,Snow Crystal Green,#E4F0E8,93.73,-5.41,2.49,hex
RAL 170-1,,#C7C9D0,81.00,0.63,-3.72,hex
RAL 170-2,,#A6ADBD,70.64,0.78,-9.00,hex
RAL 170-3,,#BAC8DA,80.07,-1.13,-10.56,hex
RAL 170-4,,#CEDBEC,86.92,-1.02,-9.80,hex
RAL 170-5,,#C3C6D6,80.09,2.05,-8.31,hex
RAL 170-6,,#C6C5D6,80.06,3.57,-8.33,hex
RAL 170-M,,#A7A8B9,69.27,3.02,-8.83,hex
RAL 180 20 05,Pitch Green,#283330,20.17,-5.41,0.36,hex
RAL 180 20 10,Lacquer Green,#1B322C,18.78,-10.81,0.97,hex
RAL 180 20 15,Fence Green,#09332C,18.40,-16.21,0.32,hex
RAL 180 20 20,Myrtle Green,#00352C,18.92,-19.05,1.05,hex
RAL 180 30 05,Amazon Green,#3F4A47,30.42,-5.12,0.30,hex
RAL 180 30 10,Rich Grey Turquoise,#324943,29.03,-10.42,0.73,hex
RAL 180 30 15,Blackboard Green,#274C43,29.43,-15.81,1.23,hex
RAL 180 30 20,Swedish Green,#184D43,29.18,-20.18,0.80,hex
RAL 180 30 25,Fjord Green,#005043,29.77,-25.10,1.60,hex
RAL 180 30 30,Urban Green,#005042,29.74,-25.41,2.19,hex
RAL 180 30 35,Jungle Green,#005341,30.80,-27.14,4.36,hex
RAL 180 40 05,Earth Green,#545F5B,39.28,-5.14,0.84,hex
RAL 180 40 10,Pine Green,#4A635C,39.84,-10.95,0.94,hex
RAL 180 40 15,Forest Greenery,#3E645B,39.40,-15.80,0.83,hex
RAL 180 40 20,Sea Green,#30675C,39.75,-21.18,0.65,hex
RAL 180 40 25,Eucalyptus Green,#1E675A,39.09,-25.62,0.84,hex
RAL 180 40 30,Fresh Ivy Green,#006A5B,39.69,-30.03,1.04,hex
RAL 180 40 35,Chrysocolla Medium Green,#006B57,39.92,-31.68,3.81,hex
RAL 180 40 40,Poster Green,#006B56,39.89,-31.97,4.37,hex
RAL 180 40 45,Teal Dark Green,#006D57,40.61,-32.58,4.80,hex
RAL 180 50 05,Dusk Green,#6E7A77,50.18,-5.09,0.12,hex
RAL 180 50 10,Refreshing Green,#617A74,49.16,-10.40,0.29,hex
RAL 180 50 15,Dull Turquoise,#557D73,49.30,-16.30,0.99,hex
RAL 180 50 20,Azurite Water Green,#497F73,49.29,-21.00,0.91,hex
RAL 180 50 25,Copper Mineral Green,#398174,49.29,-25.88,0.24,hex
RAL 180 50 30,Glass Green,#238472,49.58,-32.00,1.76,hex
RAL 180 50 35,Summer Turquoise,#008572,49.48,-35.50,1.56,hex
RAL 180 50 40,Christmas Green,#008571,49.45,-35.79,2.10,hex
RAL 180 50 45,Industrial Turquoise,#008A70,51.09,-38.26,5.04,hex
RAL 180 50 50,Ocean Green,#008A6F,51.06,-38.54,5.59,hex
RAL 180 60 05,Marble Green-Grey,#85928F,59.46,-5.29,-0.01,hex
RAL 180 60 10,Tile Green,#7A958E,59.51,-10.98,0.54,hex
RAL 180 60 15,Copper Roof Green,#6F978E,59.40,-15.69,0.29,hex
RAL 180 60 20,Sage Green,#639A8E,59.63,-20.96,0.55,hex
RAL 180 60 25,Petrol Green,#549B8C,59.18,-26.10,0.94,hex
RAL 180 60 30,Dioptase Green,#439E8D,59.50,-31.29,0.76,hex
RAL 180 60 35,Stamp Pad Green,#2EA18C,59.85,-36.66,1.78,hex
RAL 180 60 40,Light Turquoise,#00A38C,59.97,-41.22,1.87,hex
RAL 180 60 45,Caribbean Green,#00A58C,60.61,-42.08,2.80,hex
RAL 180 60 50,Brilliant Turquoise,#00A68B,60.90,-42.78,3.79,hex
RAL 180 70 05,Feldspar Silver,#A0ADA9,69.63,-5.33,0.49,hex
RAL 180 70 10,Delicate Green,#93B0A9,69.55,-11.35,0.27,hex
RAL 180 70 15,Silicate Green,#88B2A9,69.43,-15.97,-0.00,hex
RAL 180 70 20,Mint Bonbon Green,#7DB6A8,69.92,-21.62,1.20,hex
RAL 180 70 25,Glacial Green,#6FB7A8,69.52,-26.11,0.53,hex
RAL 180 70 30,Bath Turquoise,#62BAA8,69.85,-30.91,0.95,hex
RAL 180 70 35,Mountain Lake Azure,#4CBCA7,69.68,-36.85,1.15,hex
RAL 180 70 40,Pure Cyan,#36BFA8,70.08,-41.49,1.13,hex
RAL 180 80 05,Aragonite White,#BCC9C3,79.84,-5.56,1.47,hex
RAL 180 80 10,Light Teal,#B1CCC5,79.93,-10.42,0.43,hex
RAL 180 80 15,Whirlpool Green,#A7D0C5,80.38,-15.70,1.01,hex
RAL 180 80 20,Opal Turquoise,#96D1C3,79.63,-21.84,0.86,hex
RAL 180 80 25,Light Capri Green,#8BD4C3,79.91,-26.48,1.20,hex
RAL 180 80 30,Tender Turquoise,#82D9C5,80.96,-30.87,1.62,hex
RAL 180 85 05,Sea Haze Grey,#CBD9D4,85.54,-5.63,0.84,hex
RAL 180 85 10,Tierra Del Fuego Sea Green,#C2DDD3,85.95,-10.85,1.88,hex
RAL 180 85 15,Pale Mountain Lake Turquoise,#BAE1D3,86.50,-15.46,2.62,hex
RAL 180 85 20,Coral Green,#ABE2CF,85.78,-21.43,3.58,hex
RAL 180 90 05,Transparent Green,#D9E7E2,90.50,-5.57,0.82,hex
RAL 180 90 10,Ice Water Green,#CDEBE1,90.70,-11.70,1.54,hex
RAL 180 93 05,Arctic White,#E5F1EC,94.15,-4.87,1.04,hex
RAL 180-1,,#AEBCC6,75.48,-2.79,-6.68,hex
RAL 180-2,,#B9CDDD,81.40,-3.45,-10.20,hex
RAL 180-3,,#C7DBEB,86.41,-3.44,-10.08,hex
RAL 180-4,,#C9E1EC,88.12,-5.71,-8.04,hex
RAL 180-5,,#C7DDE1,86.65,-6.50,-4.45,hex
RAL 180-6,,#DBE9EB,91.39,-4.26,-2.57,hex
RAL 180-M,,#96A4A9,66.44,-3.89,-4.27,hex
RAL 190 20 20,Night Turquoise,#003833,20.31,-18.21,-1.69,hex
RAL 190 30 15,Carriage Green,#254D48,29.83,-15.53,-1.40,hex
RAL 190 30 20,Stockade Green,#104F4A,29.90,-20.45,-2.66,hex
RAL 190 30 25,Action Green,#00504B,30.02,-22.47,-3.15,hex
RAL 190 30 30,Myrtle Deep Green,#00524C,30.77,-23.16,-2.68,hex
RAL 190 30 35,Plankton Green,#00534C,31.13,-23.66,-2.15,hex
RAL 190 40 10,Mud Green,#49625E,39.51,-10.25,-0.77,hex
RAL 190 40 15,Moor Pond Green,#3C6461,39.47,-14.84,-2.75,hex
RAL 190 40 20,Lush Green,#296661,39.30,-20.89,-3.10,hex
RAL 190 40 25,Butterfly Green,#0B6863,39.36,-25.72,-4.31,hex
RAL 190 40 30,Fashion Blue,#006B64,40.30,-27.69,-3.54,hex
RAL 190 40 35,Office Blue Green,#006C65,40.68,-27.85,-3.60,hex
RAL 190 40 40,Iguana Green,#006E66,41.39,-28.50,-3.15,hex
RAL 190 40 45,Dark Teal,#007167,42.44,-29.62,-2.20,hex
RAL 190 50 10,Storm Green,#617C78,49.87,-10.61,-1.02,hex
RAL 190 50 15,Dark Turquoise,#547E79,49.72,-15.70,-1.93,hex
RAL 190 50 20,Fir Blue,#46807B,49.70,-20.28,-3.21,hex
RAL 190 50 25,Apatite Blue,#31827B,49.55,-26.12,-3.52,hex
RAL 190 50 30,Egyptian Green,#08847C,49.51,-31.60,-4.26,hex
RAL 190 50 35,Ornamental Turquoise,#00867D,50.13,-32.66,-3.92,hex
RAL 190 50 40,Eyeshadow Turquoise,#008980,51.21,-33.13,-4.08,hex
RAL 190 50 45,Clear Turquoise,#008A81,51.56,-33.29,-4.14,hex
RAL 190 60 10,Subtle Turquoise,#7A9693,59.94,-10.43,-1.68,hex
RAL 190 60 15,Pale Verdigris,#6F9892,59.81,-15.31,-1.38,hex
RAL 190 60 20,Goose Pond Green,#639B95,60.13,-19.79,-2.69,hex
RAL 190 60 25,Tourmaline Turquoise,#4F9E96,60.17,-26.28,-3.29,hex
RAL 190 60 30,Baltic Green,#3AA098,60.16,-30.99,-4.52,hex
RAL 190 60 35,Ceramic Blue Turquoise,#16A29A,60.20,-35.66,-5.67,hex
RAL 190 60 40,Baltic Turquoise,#00A49A,60.68,-37.61,-4.98,hex
RAL 190 60 45,Tyrolite Blue-Green,#00A499,60.65,-37.91,-4.46,hex
RAL 190 70 10,Marble Green,#95B0AD,69.79,-9.85,-1.57,hex
RAL 190 70 15,Jade Green,#89B3AD,69.88,-15.30,-1.54,hex
RAL 190 70 20,Spring Water Turquoise,#7AB5AE,69.64,-20.62,-2.53,hex
RAL 190 70 25,Florida Turquoise,#6BB8B1,69.88,-25.49,-3.91,hex
RAL 190 70 30,Hygiene Green,#5DBCB4,70.58,-30.03,-4.58,hex
RAL 190 70 35,Arctic Green,#45BCB3,69.81,-34.94,-5.26,hex
RAL 190 80 10,Andean Opal Green,#AFCDC7,80.12,-11.19,-0.38,hex
RAL 190 80 15,Cold Turquoise,#A5D0CB,80.42,-15.08,-2.17,hex
RAL 190 80 20,Teal Blue,#97D1CB,79.89,-19.80,-3.03,hex
RAL 190 80 25,Pool Green,#88D4CC,80.00,-25.27,-3.50,hex
RAL 190 85 05,Morning Dew White,#C6DBD6,85.77,-7.94,0.07,hex
RAL 190 85 10,Bath Salt Green,#BBDED7,85.86,-12.84,-0.41,hex
RAL 190 85 15,Capri Water Blue,#ABE2D6,85.96,-20.00,0.14,hex
RAL 190 85 20,Horizon Blue,#9DE5D8,86.09,-25.11,-0.81,hex
RAL 190 90 05,Cool White,#DAE6E2,90.32,-4.73,0.56,hex
RAL 190 90 10,Source Blue,#CDEAE5,90.54,-10.43,-0.78,hex
RAL 190 93 05,Egyptian White,#E5F1EC,94.15,-4.87,1.04,hex
RAL 190-1,,#A5DADF,83.69,-15.82,-8.00,hex
RAL 190-2,,#B9E6F2,88.60,-11.87,-10.60,hex
RAL 190-3,,#C0DEE1,86.45,-9.24,-4.79,hex
RAL 190-4,,#BDDAD7,84.93,-10.16,-1.76,hex
RAL 190-5,,#D4E5E7,89.77,-5.25,-2.91,hex
RAL 190-6,,#A3C1BF,75.88,-10.48,-2.38,hex
RAL 190-M,,#92B4B2,70.85,-11.88,-2.80,hex
RAL 200 20 05,Concealed Green,#263130,19.32,-4.91,-0.91,hex
RAL 200 20 10,Dark Pine Green,#193232,18.88,-9.65,-3.03,hex
RAL 200 20 15,Roof Tile Green,#043132,17.70,-13.90,-4.87,hex
RAL 200 20 20,Shrub Green,#003636,19.66,-16.01,-4.70,hex
RAL 200 20 23,Customs Green,#003839,20.53,-16.01,-5.44,hex
RAL 200 30 05,Darkness Green,#3A4645,28.67,-5.07,-1.02,hex
RAL 200 30 10,Tree Bark Green,#304B4A,29.80,-10.43,-2.67,hex
RAL 200 30 15,Hornblende Green,#234E4D,30.26,-15.13,-3.99,hex
RAL 200 30 20,Malachite Blue Turquoise,#0E4F4F,30.03,-19.05,-5.67,hex
RAL 200 30 25,Antique Turquoise,#004E4E,29.41,-20.39,-5.99,hex
RAL 200 30 30,Wool Turquoise,#005152,30.62,-20.56,-6.73,hex
RAL 200 30 33,Ice Dark Turquoise,#005456,31.83,-20.74,-7.46,hex
RAL 200 40 05,Calcite Grey Green,#52605F,39.56,-5.59,-1.24,hex
RAL 200 40 10,Brochantite Green,#486262,39.57,-9.59,-3.14,hex
RAL 200 40 15,Pyrite Green,#3A6364,39.14,-14.04,-5.09,hex
RAL 200 40 20,Dusky Alpine Blue,#296767,39.83,-19.62,-5.98,hex
RAL 200 40 25,Bath Green,#0A696A,39.93,-24.00,-7.75,hex
RAL 200 40 30,Mayan Blue,#006B6C,40.57,-25.04,-8.02,hex
RAL 200 40 35,Byzantine Blue,#006C6E,40.98,-24.87,-8.62,hex
RAL 200 40 40,Active Turquoise,#006F72,42.13,-25.04,-9.31,hex
RAL 200 50 05,North Grey,#6A7777,48.99,-4.82,-1.65,hex
RAL 200 50 10,Eye Grey,#607B7B,49.60,-9.68,-3.20,hex
RAL 200 50 15,Nickel Ore Green,#537E7E,49.82,-14.74,-4.73,hex
RAL 200 50 20,Seafoam Green,#427F80,49.37,-19.40,-6.66,hex
RAL 200 50 25,Kandinsky Turquoise,#2D8284,49.72,-24.18,-8.56,hex
RAL 200 50 30,Caribbean Turquoise,#008486,49.76,-28.84,-9.74,hex
RAL 200 50 35,Well Blue,#00888B,51.23,-29.17,-10.46,hex
RAL 200 50 40,Industrial Blue,#00898C,51.59,-29.33,-10.50,hex
RAL 200 50 45,India Blue,#008A8E,51.98,-29.16,-11.08,hex
RAL 200 60 05,Shady Grey,#849292,59.47,-5.02,-1.72,hex
RAL 200 60 10,North Cape Grey,#7A9595,59.71,-9.44,-3.15,hex
RAL 200 60 15,Woad Indigo,#6C9898,59.81,-14.83,-4.81,hex
RAL 200 60 20,Jugendstil Turquoise,#5F9B9C,60.14,-19.15,-6.67,hex
RAL 200 60 25,Coolbox Ice Turquoise,#499C9D,59.55,-24.72,-8.21,hex
RAL 200 60 30,Aquamarine Blue,#319F9F,59.84,-29.91,-8.98,hex
RAL 200 60 35,Arctic Blue,#00A1A3,60.01,-33.47,-11.05,hex
RAL 200 60 40,Wax Crayon Blue,#00A4A6,61.05,-33.94,-11.19,hex
RAL 200 70 05,Prince Grey,#A0ADAC,69.71,-4.73,-1.05,hex
RAL 200 70 10,Calcite Blue,#94B2B2,70.42,-10.18,-3.41,hex
RAL 200 70 15,Cold Front Green,#85B3B2,69.78,-15.42,-4.46,hex
RAL 200 70 20,Kingfisher Turquoise,#7AB6B6,70.15,-19.24,-6.17,hex
RAL 200 70 25,Fresh Soft Blue,#6AB9BB,70.42,-23.72,-8.61,hex
RAL 200 80 05,China Light Green,#BCC9C7,79.95,-4.80,-0.53,hex
RAL 200 80 10,Baroque Chalk Soft Blue,#AECCCB,79.89,-10.18,-2.87,hex
RAL 200 80 15,Ice Boutique Turquoise,#A2CDCB,79.42,-14.47,-3.66,hex
RAL 200 80 20,Summer Soft Blue,#94D3D1,80.45,-20.32,-5.43,hex
RAL 200 80 25,Mountain Lake Blue,#85D4D4,80.08,-24.17,-7.67,hex
RAL 200 85 05,Raffia Light Grey,#CBD9D8,85.64,-4.88,-1.13,hex
RAL 200 85 10,Cold Air Turquoise,#C1DCDB,85.82,-9.10,-2.53,hex
RAL 200 85 15,Frosty Soft Blue,#B4E0DE,86.15,-14.60,-3.73,hex
RAL 200 85 20,Ice Crystal Blue,#A6E3E0,86.22,-19.83,-4.78,hex
RAL 200 90 05,Frosty Green,#D9E7E4,90.55,-5.20,-0.15,hex
RAL 200 90 10,Frosty White Blue,#CCE9E4,90.19,-10.44,-0.78,hex
RAL 200 93 05,Chilly White,#E5F1ED,94.18,-4.69,0.56,hex
RAL 2000,Yellow orange,#DA6E00,58.10,37.27,65.94,hex
RAL 2001,Red orange,#BA481C,45.85,43.97,47.43,hex
RAL 2002,Vermilion,#BF3922,44.41,52.29,43.64,hex
RAL 2003,Pastel orange,#F67829,64.32,43.88,61.83,hex
RAL 2004,Pure orange,#E25304,54.42,53.09,63.69,hex
RAL 2005,Luminous orange,#FF4D08,58.59,65.09,67.88,hex
RAL 2007,Luminous bright orange,#FFB200,77.94,17.15,80.94,hex
RAL 2008,Bright red orange,#EC6B22,60.31,46.22,60.46,hex
RAL 2009,Traffic orange,#DE5308,53.75,51.72,62.12,hex
RAL 2010,Signal orange,#D05D29,53.39,42.59,49.82,hex
RAL 2011,Deep orange,#E26E0F,59.31,40.59,64.58,hex
RAL 2012,Salmon orange,#D5654E,56.10,42.33,33.83,hex
RAL 2013,Pearl orange,#923E25,37.28,33.83,32.22,hex
RAL 2017,RAL orange,#FC5500,59.16,61.06,69.41,hex
RAL 210 30 10,Graphite Black Green,#32494B,29.29,-8.27,-4.05,hex
RAL 210 30 15,Mallard Blue,#214C4F,29.55,-13.85,-6.33,hex
RAL 210 30 20,Transporter Green,#004F54,29.99,-18.76,-8.97,hex
RAL 210 30 25,Deep Atlantic Blue,#004F57,30.11,-17.65,-10.71,hex
RAL 210 30 30,Kali Blue,#00505A,30.58,-17.08,-11.90,hex
RAL 210 40 10,Linen Grey,#466163,39.16,-9.42,-4.38,hex
RAL 210 40 15,China Green Blue,#3A6468,39.60,-13.47,-6.87,hex
RAL 210 40 20,Dusk Blue,#26666B,39.54,-18.43,-8.88,hex
RAL 210 40 25,Trouser Blue,#00666D,38.91,-22.12,-11.13,hex
RAL 210 40 30,Indigo Blue,#006973,40.15,-21.58,-12.91,hex
RAL 210 40 35,Cold Blue,#006C78,41.34,-21.39,-14.13,hex
RAL 210 40 38,Mary Blue,#006A77,40.64,-20.68,-14.60,hex
RAL 210 50 10,Uniform Green Grey,#5F7B7E,49.62,-9.29,-4.94,hex
RAL 210 50 15,Labradorite Green,#547D80,49.63,-13.38,-6.18,hex
RAL 210 50 20,Enamel Antique Green,#427F85,49.53,-17.98,-9.36,hex
RAL 210 50 25,Cranach Blue,#2B8288,49.80,-23.27,-10.79,hex
RAL 210 50 30,China Blue,#00838D,49.68,-26.02,-13.96,hex
RAL 210 50 35,Glacier Blue,#008691,50.80,-26.18,-14.61,hex
RAL 210 50 40,Curaçao Blue,#008894,51.55,-26.17,-15.22,hex
RAL 210 50 45,Atlantic Blue,#008997,51.98,-25.66,-16.31,hex
RAL 210 60 10,Ash Blue,#7A9598,59.80,-8.77,-4.73,hex
RAL 210 60 15,Baltic Blue,#6C969A,59.28,-13.26,-6.73,hex
RAL 210 60 20,Beach Blue,#5F9CA2,60.62,-18.11,-9.35,hex
RAL 210 60 25,Basilica Blue,#4A9FA7,60.82,-23.21,-11.97,hex
RAL 210 60 30,Danube Blue,#30A0AA,60.49,-27.22,-14.23,hex
RAL 210 60 35,Altdorf Sky Blue,#00A1AC,60.31,-30.59,-15.68,hex
RAL 210 60 40,Garish Blue,#00A4B1,61.41,-30.42,-16.82,hex
RAL 210 70 10,Storm Grey,#95B1B3,70.24,-9.11,-4.22,hex
RAL 210 70 15,Persian Blue,#89B3B6,70.13,-13.29,-6.12,hex
RAL 210 70 20,Aqua Blue,#79B6BC,70.28,-18.06,-9.29,hex
RAL 210 70 25,Maritime Soft Blue,#69B8C0,70.24,-22.16,-11.63,hex
RAL 210 70 30,Mountain Blue,#53BCC5,70.76,-27.48,-13.68,hex
RAL 210 70 35,Panorama Blue,#35BDC8,70.40,-31.65,-15.93,hex
RAL 210 80 10,Turquoise Grey,#B4CECF,80.93,-8.47,-3.44,hex
RAL 210 80 15,Dolphin Blue,#A5D1D3,80.91,-13.88,-5.72,hex
RAL 210 80 20,Aroma Blue,#96D2D6,80.42,-18.10,-8.14,hex
RAL 210 80 25,Vibrant Soft Blue,#88D6DC,81.01,-22.45,-10.54,hex
RAL 210 85 05,Siesta White,#CADADA,85.89,-5.35,-1.84,hex
RAL 210 85 10,Mint Blue,#BCE0DF,86.67,-11.92,-3.44,hex
RAL 210 85 15,Fine Blue,#B6E1E1,86.62,-13.87,-4.61,hex
RAL 210 85 20,Pale Blue,#A7E3E2,86.33,-19.10,-5.67,hex
RAL 210 90 05,Tulle Soft Blue,#D9E7E5,90.58,-5.01,-0.63,hex
RAL 210 90 10,Antarctic Blue,#CCEAE7,90.53,-10.36,-1.86,hex
RAL 210-1,,#CFC6B2,80.11,-0.23,11.15,hex
RAL 210-2,,#ECE7D2,91.52,-1.83,10.83,hex
RAL 210-3,,#E3E4D9,90.24,-2.26,5.24,hex
RAL 210-4,,#D6E6E3,90.06,-5.86,-0.37,hex
RAL 210-5,,#D8E8E0,90.64,-6.78,2.06,hex
RAL 210-6,,#D8E9D6,90.66,-9.07,7.31,hex
RAL 210-M,,#A5A99B,68.56,-4.01,6.73,hex
RAL 220 20 05,Navy Black,#263032,19.04,-3.70,-2.70,hex
RAL 220 20 10,Indigo Carmine,#1A3338,19.53,-8.02,-6.18,hex
RAL 220 20 15,Artist Blue,#01343A,19.09,-13.11,-8.29,hex
RAL 220 20 20,Natural Indigo,#003740,20.45,-12.67,-10.31,hex
RAL 220 30 05,Panda Black,#3C4748,29.25,-4.18,-2.09,hex
RAL 220 30 10,Pallasite Blue,#314A4E,29.66,-8.36,-5.44,hex
RAL 220 30 15,Hurricane Green Blue,#254D54,30.26,-11.83,-8.47,hex
RAL 220 30 20,Watercolour Blue,#084D58,29.57,-15.35,-12.15,hex
RAL 220 30 25,Coral Blue,#00515D,31.05,-16.51,-13.09,hex
RAL 220 30 30,Sandalwood Grey Blue,#005160,31.18,-15.36,-14.80,hex
RAL 220 40 05,Limousine Grey Blue,#535F62,39.42,-3.92,-3.28,hex
RAL 220 40 10,Corundum Blue,#4A6267,39.87,-7.63,-5.76,hex
RAL 220 40 15,Smock Blue,#3B646C,39.79,-12.03,-9.02,hex
RAL 220 40 20,Mordant Blue,#2A6671,39.89,-15.70,-12.00,hex
RAL 220 40 25,Cotton Indigo,#066976,40.33,-20.11,-14.46,hex
RAL 220 40 30,Fjord Blue,#006B7D,41.21,-19.05,-17.36,hex
RAL 220 40 35,Azure Green Blue,#006C81,41.70,-18.13,-19.01,hex
RAL 220 40 40,Cyan Blue,#006F86,42.90,-17.94,-20.18,hex
RAL 220 50 05,Winter Could Grey,#6E7A7C,50.32,-4.00,-2.61,hex
RAL 220 50 10,Cadet Grey,#637B80,49.95,-7.48,-5.60,hex
RAL 220 50 15,Holbein Blue Grey,#547D86,49.82,-11.79,-9.42,hex
RAL 220 50 20,Shady Blue,#42808A,50.01,-17.06,-11.57,hex
RAL 220 50 25,Fresco Blue,#30818F,49.87,-19.71,-14.78,hex
RAL 220 50 30,Craftsman Blue,#008193,49.26,-22.92,-18.12,hex
RAL 220 50 35,Marker Blue,#00869A,51.13,-23.08,-19.34,hex
RAL 220 50 40,Toy Blue,#00889F,51.96,-22.38,-20.97,hex
RAL 220 60 05,Deep Sea Grey,#879294,59.75,-3.54,-2.42,hex
RAL 220 60 10,Tile Blue,#7C959B,60.02,-7.42,-6.09,hex
RAL 220 60 15,Morning Blue,#7098A0,60.28,-11.67,-8.62,hex
RAL 220 60 20,Frost Blue,#5D9AA6,60.06,-16.49,-12.46,hex
RAL 220 60 25,Summer Turquoise Blue,#4B9CAB,60.08,-20.29,-15.34,hex
RAL 220 60 30,Fischer Blue,#32A0B1,60.77,-24.77,-17.74,hex
RAL 220 60 35,Planet Blue,#009FB3,59.93,-27.29,-20.20,hex
RAL 220 60 40,January Blue,#00A1B9,60.77,-26.27,-22.30,hex
RAL 220 70 05,Tempered Grey,#A1AEB1,70.19,-3.93,-3.09,hex
RAL 220 70 10,Mohair Soft Blue Grey,#97B2B7,70.76,-8.13,-5.64,hex
RAL 220 70 15,Kitchen Blue,#8AB5BD,70.96,-12.42,-8.73,hex
RAL 220 70 20,Culinary Blue,#7BB6C1,70.54,-16.26,-11.65,hex
RAL 220 70 25,Blouson Blue,#67B7C6,70.05,-20.51,-15.21,hex
RAL 220 70 30,Mountain Range Blue,#53B8C9,69.71,-24.34,-17.45,hex
RAL 220 70 35,Holiday Blue,#32BCD1,70.35,-28.74,-20.94,hex
RAL 220 80 05,Pastel Blue,#BCCACA,80.29,-4.75,-1.64,hex
RAL 220 80 10,Clinical Soft Blue,#B2CFD3,81.18,-8.81,-5.23,hex
RAL 220 80 20,Tourmaline Water Blue,#99D3DF,81.12,-15.67,-11.89,hex
RAL 220 80 25,Fresh Blue,#8BD6E2,81.33,-20.20,-13.25,hex
RAL 220 85 05,Transparent Blue,#CDDBDD,86.44,-4.30,-2.60,hex
RAL 220 85 10,Ice Shard Soft Blue,#C1DEE2,86.54,-8.72,-5.18,hex
RAL 220 85 15,Polar Blue,#B3E0E7,86.34,-12.99,-8.21,hex
RAL 220 90 05,Cold Soft Blue,#D9E7E6,90.60,-4.83,-1.12,hex
RAL 220 90 10,Full Moon Grey,#CFEAE9,90.78,-9.01,-2.51,hex
RAL 220-1,,#66B872,68.26,-40.03,27.98,hex
RAL 220-2,,#339A51,56.49,-45.89,29.81,hex
RAL 220-3,,#006F3C,40.73,-40.05,20.91,hex
RAL 220-4,,#7FFF7F,90.58,-60.28,50.10,hex
RAL 220-5,,#00FF00,87.73,-86.18,83.18,hex
RAL 220-6,,#008000,46.23,-51.70,49.90,hex
RAL 220-M,,#007F3E,46.35,-45.50,26.96,hex
RAL 230 20 10,Ore Bluish Black,#1C3339,19.68,-7.08,-6.62,hex
RAL 230 20 15,Firmanent Blue,#11353F,20.14,-9.06,-10.06,hex
RAL 230 20 20,Prussian Blue,#003442,19.43,-9.98,-13.23,hex
RAL 230 30 10,Galenite Blue,#374B52,30.53,-5.83,-6.68,hex
RAL 230 30 15,Berry Blue Green,#264B56,29.70,-9.72,-10.59,hex
RAL 230 30 20,Teal Dark Blue,#0F4D5C,29.87,-13.12,-14.25,hex
RAL 230 30 25,Thunderstorm Blue,#004F63,30.62,-13.02,-17.56,hex
RAL 230 40 10,Cone Green Blue,#4A6169,39.62,-6.51,-7.35,hex
RAL 230 40 15,Juniper Berry Blue,#3F626E,39.44,-9.14,-10.76,hex
RAL 230 40 20,Loon Turquoise,#2E6676,40.23,-13.25,-14.52,hex
RAL 230 40 25,Workshop Blue,#02667B,39.49,-16.90,-18.79,hex
RAL 230 40 30,Pilot Blue,#006981,40.71,-16.46,-20.54,hex
RAL 230 40 35,Ink Blue,#006B88,41.68,-14.95,-23.27,hex
RAL 230 40 40,Techno Blue,#006B8B,41.81,-13.81,-24.86,hex
RAL 230 50 10,Gravel Grey Blue,#637A82,49.72,-6.42,-7.13,hex
RAL 230 50 15,Spruce Blue,#577E89,50.40,-10.66,-10.30,hex
RAL 230 50 20,Casual Blue,#498090,50.53,-13.61,-14.27,hex
RAL 230 50 25,Forget-Me-Not Blue,#358094,49.90,-16.68,-17.65,hex
RAL 230 50 30,Zircon Blue,#00849D,50.61,-20.97,-21.88,hex
RAL 230 50 35,Lagoon Blue,#0084A0,50.73,-19.90,-23.44,hex
RAL 230 50 40,Azores Blue,#0085A7,51.34,-17.91,-26.56,hex
RAL 230 60 10,Kingfisher Grey,#7E969F,60.56,-6.40,-7.55,hex
RAL 230 60 15,Silver Fir Blue,#7196A2,59.83,-9.78,-10.43,hex
RAL 230 60 20,Pyjama Blue,#6299AA,60.14,-13.57,-14.58,hex
RAL 230 60 25,Starflower Blue,#4E9AB0,59.77,-17.13,-18.63,hex
RAL 230 60 30,Sports Blue,#399BB4,59.53,-20.24,-21.31,hex
RAL 230 60 35,Greek Blue,#009FBD,60.31,-23.89,-25.26,hex
RAL 230 60 40,Alpine Blue,#00A0C3,60.85,-22.33,-27.79,hex
RAL 230 70 10,Ice Gull Grey Blue,#9BB2BA,71.11,-6.19,-6.74,hex
RAL 230 70 15,Thistleblossom Soft Blue,#8AB3BF,70.46,-10.89,-10.58,hex
RAL 230 70 20,Tennis Blue,#7CB5C6,70.46,-14.21,-14.50,hex
RAL 230 70 25,Vintage Blue,#6FB7CC,70.60,-16.99,-17.65,hex
RAL 230 70 30,Fitness Blue,#5BB9D2,70.57,-20.71,-21.04,hex
RAL 230 80 10,Pallid Blue,#B3CDD4,80.74,-7.24,-6.41,hex
RAL 230 80 15,Alpine Morning Blue,#A6CCD8,79.76,-9.89,-10.10,hex
RAL 230 80 20,Light Blue,#9BD0E1,80.47,-13.10,-13.92,hex
RAL 230 85 05,Polar Soft Blue,#D0DCDE,86.93,-3.64,-2.37,hex
RAL 230 85 10,Washing Powder White,#C2DCE3,86.11,-7.18,-6.34,hex
RAL 230 85 15,Himalaya White Blue,#B9DEE9,86.23,-9.73,-9.39,hex
RAL 230 85 20,Atmospheric Soft Blue,#ACE1F0,86.46,-13.52,-12.82,hex
RAL 230 90 05,Brilliant White,#DAE6E5,90.39,-4.17,-0.90,hex
RAL 230-1,,#BBDB9A,83.74,-21.86,28.59,hex
RAL 230-2,,#96C86C,75.37,-32.29,40.67,hex
RAL 230-3,,#7DB344,67.29,-36.02,49.72,hex
RAL 230-4,,#5F973A,56.95,-35.24,42.25,hex
RAL 230-5,,#396938,40.01,-27.43,22.55,hex
RAL 230-6,,#365C30,35.30,-23.37,21.12,hex
RAL 230-M,,#62A74E,62.32,-39.07,38.93,hex
RAL 240 20 05,Nightshade Blue,#293135,19.74,-2.34,-3.69,hex
RAL 240 20 10,Elderberry Black,#1E323B,19.53,-5.13,-8.21,hex
RAL 240 20 15,Metal Blue,#0F3341,19.44,-7.40,-12.51,hex
RAL 240 20 20,Crowberry Blue,#003447,19.68,-7.83,-16.23,hex
RAL 240 20 22,Rich Blue,#00344A,19.84,-6.52,-18.00,hex
RAL 240 30 05,Diamond Grey,#3E474B,29.51,-2.65,-3.63,hex
RAL 240 30 10,Dirty Blue,#344953,29.71,-5.30,-8.57,hex
RAL 240 30 15,Deep Sea Blue,#2A4B5A,30.06,-7.34,-12.58,hex
RAL 240 30 20,Lasurite Blue,#174C60,29.90,-9.89,-16.74,hex
RAL 240 30 25,Work Blue,#004D67,30.12,-10.21,-20.88,hex
RAL 240 30 30,Gemstone Blue,#004F6D,31.10,-8.99,-23.14,hex
RAL 240 30 35,Captain Blue,#005171,31.98,-8.59,-24.28,hex
RAL 240 40 05,Blue Anthracite,#555E64,39.34,-2.10,-4.61,hex
RAL 240 40 10,Blackthorn Blue,#4C606B,39.52,-4.72,-8.72,hex
RAL 240 40 15,Celeste Blue,#406374,40.04,-7.66,-13.52,hex
RAL 240 40 20,Denim Blue,#2F6479,39.75,-10.88,-17.09,hex
RAL 240 40 25,Orient Blue,#156681,39.99,-13.27,-21.63,hex
RAL 240 40 30,Sailor Blue,#006687,40.00,-12.45,-25.27,hex
RAL 240 40 35,Stone Blue,#00688D,40.93,-11.29,-27.43,hex
RAL 240 40 40,Pure Light Blue,#006A93,41.87,-10.13,-29.57,hex
RAL 240 50 05,Smoky Blue,#6F787D,49.85,-2.27,-3.89,hex
RAL 240 50 10,Tool Blue,#637985,49.52,-5.11,-9.19,hex
RAL 240 50 15,Technical Blue,#587C8D,49.99,-8.15,-13.26,hex
RAL 240 50 20,Coelin Blue,#497D93,49.72,-11.03,-17.26,hex
RAL 240 50 25,Greenland Blue,#367F9A,49.85,-14.00,-21.22,hex
RAL 240 50 30,Summer Blue,#1880A1,49.74,-16.05,-25.53,hex
RAL 240 50 35,Advertising Blue,#0081A8,50.13,-15.34,-29.02,hex
RAL 240 50 40,Tusche Blue,#0082AD,50.66,-14.04,-31.08,hex
RAL 240 60 05,Carrier Pigeon Blue,#889398,60.22,-2.91,-4.00,hex
RAL 240 60 10,Bird Blue,#7B929E,59.19,-5.39,-9.04,hex
RAL 240 60 15,Architecture Blue,#7195A6,59.67,-8.22,-12.94,hex
RAL 240 60 20,Shirt Blue,#6598AF,60.17,-10.86,-17.35,hex
RAL 240 60 25,Steel Light Blue,#5599B6,59.97,-13.29,-21.68,hex
RAL 240 60 30,Fairytale Blue,#3E9ABD,59.71,-16.03,-26.09,hex
RAL 240 60 35,Princess Blue,#149CC4,59.81,-19.12,-29.95,hex
RAL 240 60 40,Clear Blue,#009FC8,60.75,-20.06,-30.74,hex
RAL 240 70 05,Laundry Blue,#A2ADB3,70.05,-2.64,-4.40,hex
RAL 240 70 10,Eye Blue,#98AFBA,70.09,-5.54,-8.28,hex
RAL 240 70 15,Bermuda Blue,#8CB1C2,70.12,-8.51,-12.73,hex
RAL 240 70 20,Sea Blue,#80B2C9,69.93,-10.76,-16.93,hex
RAL 240 70 25,Madonna Blue,#71B5D1,70.29,-14.10,-20.85,hex
RAL 240 70 30,Caribbean Blue,#5FB5D6,69.71,-16.67,-24.54,hex
RAL 240 80 05,Hazy Blue,#BCC8CC,79.82,-3.31,-3.41,hex
RAL 240 80 10,Light Topaz Soft Blue,#B5CDD7,80.96,-5.98,-7.68,hex
RAL 240 80 15,Baby Blue,#A9CDDD,80.36,-8.39,-11.86,hex
RAL 240 80 20,Crystal Blue,#9BD0E5,80.59,-12.14,-15.88,hex
RAL 240 85 05,Ice Grey,#CEDADE,86.27,-3.26,-3.35,hex
RAL 240 85 10,Air Blue,#C3DBE4,85.94,-6.14,-7.11,hex
RAL 240 85 15,Paris Blue,#B7DDED,85.95,-8.95,-11.93,hex
RAL 240 90 05,Soft Blue White,#DAE7E9,90.75,-3.94,-2.46,hex
RAL 240 90 10,Chalky Blue White,#D0EBF1,91.31,-7.62,-5.89,hex
RAL 240-1,,#DCD691,84.67,-8.17,34.87,hex
RAL 240-2,,#AAAF66,69.59,-12.91,36.76,hex
RAL 240-3,,#939755,60.78,-11.69,34.18,hex
RAL 240-4,,#7E7E42,51.55,-9.20,32.47,hex
RAL 240-5,,#5D6D3C,43.64,-14.90,25.36,hex
RAL 240-6,,#4F6D35,42.55,-21.66,27.66,hex
RAL 240-M,,#627439,46.15,-16.93,30.19,hex
RAL 250 20 20,Cosmos Blue,#003249,19.06,-5.63,-18.55,hex
RAL 250 20 25,Dark Denim Blue,#00334F,19.77,-3.63,-21.48,hex
RAL 250 30 15,Black Forest Blue,#29485A,29.02,-5.73,-14.19,hex
RAL 250 30 20,Swallow Blue,#154962,28.92,-7.58,-19.54,hex
RAL 250 30 25,Navy Dark Blue,#004C6A,29.93,-8.36,-23.07,hex
RAL 250 30 30,Pompeii Blue,#004C71,30.30,-5.45,-26.91,hex
RAL 250 40 10,Trekking Blue,#4E606D,39.73,-3.51,-9.62,hex
RAL 250 40 15,Steel Blue Grey,#436175,39.62,-5.31,-14.74,hex
RAL 250 40 20,Berry Blue,#32607A,38.64,-7.52,-19.40,hex
RAL 250 40 25,Linen Blue,#1D6383,39.28,-9.84,-23.94,hex
RAL 250 40 30,Pool Blue,#00658C,39.91,-9.91,-28.42,hex
RAL 250 40 35,Kingfisher Blue,#006491,39.84,-7.32,-31.54,hex
RAL 250 40 40,Europe Blue,#006796,41.06,-7.15,-32.63,hex
RAL 250 50 10,Metal Grey,#677986,49.83,-3.53,-9.28,hex
RAL 250 50 15,Titanium Blue,#5B798E,49.31,-5.26,-14.85,hex
RAL 250 50 20,Mallorca Blue,#517B95,49.60,-7.25,-18.59,hex
RAL 250 50 25,Linoleum Blue,#427C9D,49.50,-8.95,-23.47,hex
RAL 250 50 30,Prominent Blue,#2B7DA6,49.41,-10.50,-28.92,hex
RAL 250 50 35,Turkish Blue,#007FAE,49.78,-11.97,-33.04,hex
RAL 250 50 40,Primal Blue,#0081B5,50.73,-10.47,-35.60,hex
RAL 250 60 10,Bird Blue Grey,#7F92A0,59.53,-3.62,-9.64,hex
RAL 250 60 15,Gentle Blue,#7694A9,59.79,-5.40,-14.43,hex
RAL 250 60 20,Aragonite Blue,#6A95B1,59.65,-7.31,-19.26,hex
RAL 250 60 25,Pearl Blue,#5D96B9,59.56,-8.91,-23.97,hex
RAL 250 60 30,Topaz Blue,#4B98C0,59.67,-11.71,-27.82,hex
RAL 250 60 35,Stratos Blue,#3799C8,59.67,-12.86,-32.36,hex
RAL 250 60 40,Structural Blue,#0E9BD1,60.01,-14.23,-36.92,hex
RAL 250 70 10,Foggy Blue,#99AEBB,69.92,-4.46,-9.08,hex
RAL 250 70 15,Chalk Blue,#90B0C4,70.15,-6.30,-13.75,hex
RAL 250 70 20,Medium Blue,#85B0CC,69.75,-7.53,-18.82,hex
RAL 250 70 25,Meadow Blossom Blue,#7AB2D4,69.99,-9.45,-22.91,hex
RAL 250 70 30,Broom Butterfly Blue,#6BB3DB,69.81,-11.60,-27.08,hex
RAL 250 80 10,Light Cyan,#B6CAD7,80.23,-4.09,-8.75,hex
RAL 250 80 15,Himalaya Blue,#AECDE0,80.76,-6.21,-12.83,hex
RAL 250 80 20,Velvet Blue,#9FCAE5,79.19,-7.89,-17.96,hex
RAL 250 85 05,White Blue,#CDD6DB,85.09,-2.09,-3.51,hex
RAL 250 85 10,Washing Powder Soft Blue,#C3D8E4,85.16,-4.59,-8.27,hex
RAL 250 85 15,Diamond Soft Blue,#BCDAEC,85.45,-6.11,-12.12,hex
RAL 250 90 05,Ice White,#DAE3E7,89.68,-2.26,-2.99,hex
RAL 250-1,,#EEE6A5,90.55,-6.97,32.72,hex
RAL 250-2,,#E8DE6F,87.26,-10.84,54.97,hex
RAL 250-3,,#BFB700,72.86,-13.30,74.43,hex
RAL 250-4,,#A4A541,65.89,-13.62,50.28,hex
RAL 250-5,,#919138,58.56,-12.01,45.92,hex
RAL 250-6,,#69652C,41.99,-6.78,32.31,hex
RAL 250-M,,#AEA73B,67.24,-10.73,54.57,hex
RAL 260 20 05,Blue-Black,#24313D,19.67,-1.81,-9.32,hex
RAL 260 20 10,Nato Blue,#153043,18.71,-3.34,-14.98,hex
RAL 260 20 15,Suit Blue,#2B3036,19.61,-0.59,-4.55,hex
RAL 260 20 20,Halite Blue,#09324A,19.36,-3.96,-18.74,hex
RAL 260 30 05,Alpine Duck Grey,#40464D,29.43,-0.74,-5.03,hex
RAL 260 30 10,Bronze Blue,#3A4856,29.93,-1.77,-10.13,hex
RAL 260 30 15,Berlin Blue,#31485C,29.56,-2.82,-14.60,hex
RAL 260 30 20,French Blue,#264963,29.61,-3.97,-19.06,hex
RAL 260 30 25,Tanzanite Blue,#114A6B,29.61,-5.17,-24.20,hex
RAL 260 30 30,Opal Blue,#004C73,30.41,-4.61,-27.99,hex
RAL 260 30 35,Royal Blue,#004D7C,31.26,-1.45,-32.28,hex
RAL 260 40 05,Swedish Blue,#575D64,39.20,-0.75,-4.80,hex
RAL 260 40 10,Sheet Blue,#52616F,40.39,-2.24,-9.81,hex
RAL 260 40 15,Plum Blue,#4B6176,40.17,-2.61,-14.48,hex
RAL 260 40 20,Cadet Blue,#3D5F7C,38.95,-3.58,-20.09,hex
RAL 260 40 25,Enamel Blue,#326285,39.76,-4.96,-24.35,hex
RAL 260 40 30,Copenhagen Blue,#21638B,39.77,-6.33,-28.02,hex
RAL 260 40 35,Bauhaus Blue,#006392,39.58,-6.31,-32.57,hex
RAL 260 40 40,Navy Blue,#00659D,40.80,-3.12,-37.21,hex
RAL 260 40 45,LED Blue,#0066A3,41.45,-1.33,-39.75,hex
RAL 260 50 05,Spitsbergen Blue,#6F757D,48.99,-0.53,-5.17,hex
RAL 260 50 10,Cypress Grey Blue,#6A7786,49.47,-1.36,-9.80,hex
RAL 260 50 15,Mahonia Berry Blue,#62788E,49.47,-2.54,-14.57,hex
RAL 260 50 20,Cropper Blue,#5C7B97,50.30,-3.64,-18.62,hex
RAL 260 50 25,Biedermeier Blue,#507CA0,50.28,-4.78,-23.97,hex
RAL 260 50 30,Beijing Blue,#3E7DAA,50.21,-6.04,-29.97,hex
RAL 260 50 35,Vermeer Blue,#2B7CAF,49.52,-6.70,-33.98,hex
RAL 260 50 40,Meissen Blue,#007FB9,50.31,-7.78,-38.55,hex
RAL 260 60 05,Seal Grey,#8A9098,59.54,-0.53,-4.98,hex
RAL 260 60 10,Diopside Blue,#8391A0,59.54,-1.73,-9.60,hex
RAL 260 60 15,Nordland Blue,#7E95AB,60.67,-3.00,-14.19,hex
RAL 260 60 20,Cranberry Blue,#7494B1,59.95,-3.93,-18.74,hex
RAL 260 60 25,Lupine Blue,#6A96BA,60.27,-5.37,-23.40,hex
RAL 260 60 30,Blueberry Soft Blue,#5E96C3,60.01,-5.69,-28.92,hex
RAL 260 60 35,Brilliant Blue,#4F98CB,60.27,-7.43,-33.05,hex
RAL 260 70 05,Northern Light Grey,#A7AEB4,70.72,-1.27,-3.92,hex
RAL 260 70 10,Petrel Blue Grey,#A0AEBC,70.44,-1.96,-8.80,hex
RAL 260 70 15,Nordland Light Blue,#96AEC5,70.03,-3.14,-14.45,hex
RAL 260 70 20,Matte Blue,#8FB0CE,70.42,-4.18,-18.85,hex
RAL 260 70 25,Pacific Blue,#83B0D6,69.99,-5.48,-23.96,hex
RAL 260 80 05,Light Blue Grey,#C0C8CF,80.19,-1.39,-4.43,hex
RAL 260 80 10,Powder Soft Blue,#B9C9D7,80.18,-2.60,-8.81,hex
RAL 260 80 15,Wind Blue,#B1C9DF,79.87,-3.41,-13.62,hex
RAL 260 85 05,Satin White,#CFD5DB,84.98,-0.91,-3.66,hex
RAL 260 85 10,Sea Breeze Green,#C9D9E7,85.91,-2.59,-8.69,hex
RAL 260 90 05,Milk Blue,#DCE3E7,89.82,-1.60,-2.76,hex
RAL 260-1,,#F3E9B4,91.97,-4.70,27.04,hex
RAL 260-2,,#F1E483,89.78,-8.50,48.70,hex
RAL 260-3,,#F3D446,85.29,-3.89,70.44,hex
RAL 260-4,,#E8C01F,79.02,0.37,76.24,hex
RAL 260-5,,#DEB02D,74.04,4.80,67.87,hex
RAL 260-6,,#EFB416,76.71,9.49,76.53,hex
RAL 260-M,,#B8944F,63.29,5.23,41.12,hex
RAL 270 20 20,Crow Black Blue,#112F4B,18.63,-0.22,-20.56,hex
RAL 270 20 25,Indigo Black,#002E51,18.13,0.81,-25.42,hex
RAL 270 20 29,Effervescent Blue,#00315A,19.78,2.79,-28.79,hex
RAL 270 30 15,Midnight Blue,#36475C,29.57,-0.65,-14.56,hex
RAL 270 30 20,Dark Blue,#2E4764,29.43,-0.34,-19.94,hex
RAL 270 30 25,Grape Blue,#24486C,29.64,-0.45,-24.73,hex
RAL 270 30 30,Medici Blue,#104773,29.04,-0.04,-30.15,hex
RAL 270 30 35,Kolibri Blue,#00477A,29.19,1.68,-34.33,hex
RAL 270 30 40,Prince Blue,#004883,30.09,4.88,-38.50,hex
RAL 270 40 15,Pewter Grey,#4F5F76,39.84,-0.12,-14.96,hex
RAL 270 40 20,Parlour Blue,#465F7E,39.57,-0.50,-20.31,hex
RAL 270 40 25,Functional Blue,#3F6086,39.82,-0.43,-24.81,hex
RAL 270 40 30,Make-Up Blue,#335F8D,39.26,-0.09,-29.97,hex
RAL 270 40 35,Lapis Lazuli Blue,#215F96,39.09,0.34,-35.71,hex
RAL 270 40 40,Magic Blue,#005F9D,38.93,0.66,-40.19,hex
RAL 270 50 10,Brocade Blue,#6D7888,50.05,-0.44,-10.09,hex
RAL 270 50 15,Noble Blue,#697991,50.36,-0.12,-14.94,hex
RAL 270 50 20,Delft Blue,#607999,50.05,-0.74,-20.16,hex
RAL 270 50 25,Cocktail Blue,#5A7AA2,50.33,-0.42,-25.01,hex
RAL 270 50 30,Sage Blossom Blue,#4E78A9,49.39,-0.06,-30.60,hex
RAL 270 50 35,Viennese Blue,#4278AF,49.11,-0.62,-34.57,hex
RAL 270 50 40,Cornflower Blue,#327AB9,49.61,-0.95,-39.60,hex
RAL 270 60 10,Fantasy Grey,#8591A2,59.75,-0.61,-10.41,hex
RAL 270 60 15,Lilac Blue,#8293AC,60.42,-0.37,-15.11,hex
RAL 270 60 20,Lavender Blue,#7B93B4,60.22,-0.53,-19.98,hex
RAL 270 60 25,Delphinium Blue,#7494BC,60.36,-0.99,-24.34,hex
RAL 270 60 30,Eyeshadow Blue,#6B94C5,60.19,-0.83,-29.71,hex
RAL 270 60 35,Butterfly Blue,#5F93CC,59.58,-0.99,-34.64,hex
RAL 270 70 10,Feather Soft Blue,#A2AEBF,70.67,-0.66,-10.09,hex
RAL 270 70 15,Satin Soft Blue,#9CADC7,70.23,-0.26,-15.20,hex
RAL 270 70 20,Angel Blue,#96AED0,70.39,-0.53,-19.95,hex
RAL 270 70 25,Boy Blue,#8CACD6,69.42,-0.82,-24.78,hex
RAL 270 80 10,Light Pearl Soft Blue,#BEC8D8,80.30,-0.25,-9.12,hex
RAL 270 80 15,Retina Soft Blue,#B6C7E0,79.71,-0.58,-14.35,hex
RAL 270 85 05,Angel Hair Silver,#D2D6DB,85.46,-0.43,-2.93,hex
RAL 270 85 10,Mother-Of-Pearl Silver,#CCD6E6,85.32,-0.26,-9.01,hex
RAL 270 85 15,Murano Soft Blue,#C5D6EE,85.07,-0.83,-13.69,hex
RAL 270 90 05,Bleached White,#DFE3E8,90.07,-0.42,-2.90,hex
RAL 270-1,,#FFDE83,89.46,0.08,48.57,hex
RAL 270-2,,#FACC39,83.87,2.61,73.87,hex
RAL 270-3,,#F4BD16,79.44,6.94,78.81,hex
RAL 270-4,,#EBB100,75.52,9.11,78.26,hex
RAL 270-5,,#F6B600,77.91,11.22,80.45,hex
RAL 270-6,,#FEC43F,82.33,8.65,70.51,hex
RAL 270-M,,#CB9437,65.09,11.96,54.95,hex
RAL 280 20 05,Granite Black,#313238,20.90,1.04,-3.94,hex
RAL 280 20 10,Diamond Black,#2B303E,19.94,1.71,-9.54,hex
RAL 280 20 15,Crow Black,#263145,20.20,1.49,-13.95,hex
RAL 280 20 20,Manganese Black,#202F4B,19.42,3.22,-19.25,hex
RAL 280 20 25,Elite Blue,#1B3053,19.93,4.37,-23.84,hex
RAL 280 20 30,Ambassador Blue,#0D2F5A,19.46,5.65,-29.29,hex
RAL 280 30 05,Smoking Night Blue,#43454C,29.34,0.82,-4.48,hex
RAL 280 30 10,Meteorite Black Blue,#414756,30.16,1.35,-9.72,hex
RAL 280 30 15,Anthracite Blue,#3D475E,30.17,2.23,-14.87,hex
RAL 280 30 20,Garnet Stone Blue,#384866,30.48,2.48,-19.53,hex
RAL 280 30 25,Hydrogen Blue,#33476D,30.19,4.08,-24.45,hex
RAL 280 30 30,Deep Blue,#264674,29.55,4.32,-29.93,hex
RAL 280 30 35,Theatre Blue,#21467A,29.68,5.75,-33.49,hex
RAL 280 30 40,Poster Blue,#134682,29.74,7.18,-38.42,hex
RAL 280 40 05,Gallery Grey,#5B5D65,39.57,0.98,-4.84,hex
RAL 280 40 10,Suede Indigo,#585D6D,39.59,1.79,-9.75,hex
RAL 280 40 15,Dark Lavender,#545E76,39.91,2.13,-14.81,hex
RAL 280 40 20,Starry Sky Blue,#4F5E7E,39.87,2.78,-19.79,hex
RAL 280 40 25,Indigo Navy Blue,#4C5E87,40.07,4.59,-24.98,hex
RAL 280 40 30,Evening Blue,#445E8D,39.84,4.37,-28.99,hex
RAL 280 40 35,Portuguese Blue,#3C5E95,39.81,5.23,-33.90,hex
RAL 280 40 40,Neptune Blue,#2E5D9D,39.31,6.16,-39.51,hex
RAL 280 40 45,Hyacinth Blue,#1E5DA5,39.28,7.16,-44.37,hex
RAL 280 50 05,Noble Grey,#73777F,49.94,0.20,-4.89,hex
RAL 280 50 10,Ice Blue Grey,#717787,50.04,1.29,-9.48,hex
RAL 280 50 15,Granite Blue,#6D778F,50.01,1.86,-14.27,hex
RAL 280 50 20,Lavender Mauve,#687698,49.70,3.17,-20.07,hex
RAL 280 50 25,Costume Blue,#6477A0,50.03,3.57,-24.27,hex
RAL 280 50 30,Light Mauve,#5F76A8,49.76,5.09,-29.38,hex
RAL 280 50 35,Sapphire Shimmer Blue,#5776AF,49.59,5.18,-33.74,hex
RAL 280 50 40,Diva Violet,#5077BA,50.03,6.54,-39.44,hex
RAL 280 60 05,Tulle Grey,#8D9098,59.78,0.53,-4.61,hex
RAL 280 60 10,Sweet Lavender,#898FA0,59.44,1.42,-9.71,hex
RAL 280 60 15,Marble Blue,#868FA9,59.50,2.47,-14.76,hex
RAL 280 60 20,Misty Violet,#8390B3,59.91,3.36,-19.84,hex
RAL 280 60 25,Opal Violet,#7E8FBB,59.59,4.47,-24.90,hex
RAL 280 60 30,Persian Violet,#7990C2,59.80,4.34,-28.55,hex
RAL 280 60 35,Organza Violet,#7391CC,60.12,4.96,-33.72,hex
RAL 280 70 05,Taupe Grey,#A7A9B1,69.30,0.85,-4.35,hex
RAL 280 70 10,Tulle Violet,#A6ACBC,70.35,1.12,-8.89,hex
RAL 280 70 15,Foxflower Viola,#A2ACC5,70.33,1.74,-13.91,hex
RAL 280 70 20,Lilac Scent Soft Blue,#9EABD0,70.14,3.55,-20.28,hex
RAL 280 70 25,Aster Flower Blue,#9BACD8,70.48,4.01,-24.18,hex
RAL 280 80 05,Viola Ice Grey,#C6C8D0,80.67,0.82,-4.22,hex
RAL 280 80 10,Hyacinth White Soft Blue,#C1C7D7,80.23,1.06,-8.66,hex
RAL 280 80 15,Violet Scent Soft Blue,#BCC6DF,79.84,1.63,-13.57,hex
RAL 280 85 05,Pebble Soft Blue White,#D3D7DC,85.81,-0.43,-2.93,hex
RAL 280 85 10,Jewellery White,#CED6E6,85.47,0.38,-8.78,hex
RAL 280 90 05,Mauve White,#DFE3E8,90.07,-0.42,-2.90,hex
RAL 280 93 05,Porcelain White,#EAEDF2,93.65,-0.09,-2.76,hex
RAL 280-1,,#FDE193,90.25,-0.70,41.64,hex
RAL 280-2,,#F0D391,85.59,1.16,36.39,hex
RAL 280-3,,#E1BE78,78.57,3.53,39.87,hex
RAL 280-4,,#D6AE5F,73.15,5.23,45.55,hex
RAL 280-5,,#DCA140,70.23,12.71,56.95,hex
RAL 280-6,,#D0973C,66.42,12.74,54.34,hex
RAL 280-M,,#B28740,59.13,8.68,43.65,hex
RAL 290 20 10,Spinel Stone Black,#272A3B,17.47,3.49,-11.29,hex
RAL 290 20 15,Black Violet,#2B2C42,18.84,5.73,-13.98,hex
RAL 290 20 20,Tropical Night Blue,#2A2E4C,19.91,7.25,-19.10,hex
RAL 290 20 25,Indigo Violet,#242C52,19.16,9.05,-24.35,hex
RAL 290 20 30,Ultramarine Violet,#1D2A58,18.46,11.14,-29.52,hex
RAL 290 20 35,Schiava Blue,#192961,18.61,14.78,-35.26,hex
RAL 290 30 10,Flintstone Blue,#434252,28.64,4.27,-9.43,hex
RAL 290 30 15,Spinel Black,#41435B,29.14,5.34,-14.50,hex
RAL 290 30 20,Church Blue,#3D4161,28.47,7.08,-19.42,hex
RAL 290 30 25,Gloomy Blue,#3C416A,28.85,9.59,-24.60,hex
RAL 290 30 30,Lviv Blue,#384172,28.99,11.13,-29.47,hex
RAL 290 30 35,British Mauve,#35427B,29.62,12.85,-34.16,hex
RAL 290 30 40,Official Violet,#2E4182,29.34,14.59,-39.00,hex
RAL 290 40 10,Shearwater Black,#5B5B6C,39.22,3.86,-9.66,hex
RAL 290 40 15,Agate Violet,#5A5B74,39.44,5.50,-14.26,hex
RAL 290 40 20,Deep Lavender,#565A7D,39.19,7.19,-20.19,hex
RAL 290 40 25,Dusk Mauve,#545883,38.73,9.53,-24.58,hex
RAL 290 40 30,Rich Violet,#50578B,38.53,11.38,-29.79,hex
RAL 290 40 35,Onion Skin Blue,#4C5692,38.32,13.14,-34.38,hex
RAL 290 40 40,Iris Blue,#49589C,39.23,14.39,-38.96,hex
RAL 290 40 45,Violet Blue,#4157A2,38.81,15.34,-43.25,hex
RAL 290 50 10,Ash Mauve,#737486,49.32,3.53,-9.96,hex
RAL 290 50 15,Stormy Mauve,#71738C,49.09,4.83,-13.87,hex
RAL 290 50 20,Silk Crepe Mauve,#6E7196,48.67,7.53,-20.43,hex
RAL 290 50 25,Hyacinth Mauve,#6F729F,49.40,9.60,-24.59,hex
RAL 290 50 30,Mountain Flower Mauve,#6C71A6,49.19,11.20,-29.02,hex
RAL 290 50 35,Chalcedony Violet,#6770AE,48.92,12.67,-34.14,hex
RAL 290 50 40,Gladiola Blue,#6370B6,49.03,14.00,-38.63,hex
RAL 290 60 10,Lavender Blossom Grey,#8C8DA1,59.16,3.80,-10.67,hex
RAL 290 60 15,Delicate Violet,#8C8DA8,59.39,5.37,-14.31,hex
RAL 290 60 20,Opera Mauve,#878BB1,58.78,7.00,-20.40,hex
RAL 290 60 25,Soft Blue Lavender,#888CBA,59.47,8.95,-24.46,hex
RAL 290 60 30,Pleated Mauve,#858BC2,59.29,10.67,-29.27,hex
RAL 290 60 35,True Lavender,#7E89C8,58.50,11.44,-33.92,hex
RAL 290 70 10,Cream Violet,#A9AABD,70.08,3.43,-9.82,hex
RAL 290 70 15,Wisteria Light Soft Blue,#A6A8C5,69.57,5.24,-15.02,hex
RAL 290 70 20,Blossom Mauve,#A3A7CC,69.31,6.39,-19.29,hex
RAL 290 70 25,Sorbet Ice Mauve,#A1A6D6,69.26,8.66,-24.91,hex
RAL 290 80 10,Tulip Soft Blue,#C3C4D6,79.58,3.11,-9.08,hex
RAL 290 80 15,Pale Lilac,#C3C4DD,79.79,4.53,-12.53,hex
RAL 290 85 05,Limestone Mauve,#D6D7DB,86.01,0.39,-2.08,hex
RAL 290 85 10,Orchid White,#D1D5EA,85.55,2.67,-10.76,hex
RAL 290 90 05,Violet White,#E2E3E9,90.32,0.75,-3.03,hex
RAL 290 93 05,Lilac White,#EAECF1,93.38,0.24,-2.65,hex
RAL 290-1,,#D89B50,68.48,15.16,47.53,hex
RAL 290-2,,#BF853B,60.04,15.16,47.48,hex
RAL 290-3,,#D8A960,72.11,8.82,43.86,hex
RAL 290-4,,#CC921B,64.55,12.50,64.34,hex
RAL 290-5,,#E6B03E,74.97,8.91,62.90,hex
RAL 290-6,,#FCAB04,75.97,19.57,79.02,hex
RAL 290-M,,#B87E32,57.41,15.50,48.63,hex
RAL 300 20 05,Night Black,#312F36,19.85,2.58,-4.13,hex
RAL 300 20 10,Heron Blue,#2F2B3A,18.53,5.58,-8.91,hex
RAL 300 20 15,Viola Black,#2F2A41,18.55,8.29,-13.71,hex
RAL 300 20 20,Blackberry Black,#2E2848,18.22,11.49,-19.03,hex
RAL 300 20 25,Cardinal Mauve,#2C284C,18.25,12.14,-21.70,hex
RAL 300 20 30,Ceremonial Purple,#2A2756,18.43,15.68,-28.18,hex
RAL 300 30 05,Night Grey,#46444C,29.31,2.66,-4.50,hex
RAL 300 30 10,Mourning Violet,#474354,29.40,5.66,-9.54,hex
RAL 300 30 15,Club Grey,#464159,28.91,7.89,-13.52,hex
RAL 300 30 20,Mulberry Mauve Black,#463F60,28.65,11.12,-18.45,hex
RAL 300 30 25,Evening Mauve,#463F67,29.00,13.12,-22.40,hex
RAL 300 30 30,Opera Blue,#453E6E,29.00,15.55,-26.87,hex
RAL 300 30 35,Deep Violet,#443E75,29.31,17.41,-30.81,hex
RAL 300 30 40,Sage Violet,#413C7B,28.86,19.83,-35.31,hex
RAL 300 40 05,Baroque Grey,#5F5D64,39.88,2.29,-3.71,hex
RAL 300 40 10,Gobelin Mauve,#5E5A6A,39.13,5.11,-8.55,hex
RAL 300 40 15,Orchid Grey,#5E5871,38.81,8.03,-13.34,hex
RAL 300 40 20,Old Mauve,#5F5779,38.95,11.01,-18.05,hex
RAL 300 40 25,Parma Mauve,#5F5680,38.98,13.45,-22.29,hex
RAL 300 40 30,Wool Violet,#5E5587,38.94,15.65,-26.62,hex
RAL 300 40 35,Fine Purple,#5E548D,38.97,17.95,-30.22,hex
RAL 300 40 40,Clematis Blue,#5A5293,38.40,19.77,-34.78,hex
RAL 300 40 45,Coronation Blue,#59529C,38.83,22.19,-39.53,hex
RAL 300 50 05,Hawk Grey,#77757D,49.65,2.40,-4.11,hex
RAL 300 50 10,Violet Grey,#787384,49.40,5.45,-8.61,hex
RAL 300 50 15,Capercaillie Mauve,#78728C,49.40,7.85,-13.34,hex
RAL 300 50 20,Parisian Violet,#787093,49.12,10.68,-17.91,hex
RAL 300 50 25,Tulip Violet,#776F9A,49.04,12.66,-22.16,hex
RAL 300 50 30,Toy Mauve,#776EA2,49.11,15.28,-26.74,hex
RAL 300 50 35,Wintertime Mauve,#786DAA,49.29,18.27,-31.13,hex
RAL 300 50 40,Clear Mauve,#766CB0,49.14,19.88,-34.87,hex
RAL 300 60 05,Partridge Grey,#919098,60.10,1.95,-4.09,hex
RAL 300 60 10,Rose Grey,#928D9F,59.58,5.45,-8.84,hex
RAL 300 60 15,Antique Viola,#928BA6,59.28,8.09,-13.30,hex
RAL 300 60 20,Larkspur Violet,#928AAE,59.29,10.45,-17.84,hex
RAL 300 60 25,Silk Lilac,#9188B5,58.94,12.89,-22.36,hex
RAL 300 60 30,Heliotropic Mauve,#9187BD,58.99,15.37,-26.82,hex
RAL 300 60 35,Amethyst Grey,#9085C4,58.69,17.94,-31.27,hex
RAL 300 70 05,Velvet Grey,#ACAAB3,70.02,2.43,-4.36,hex
RAL 300 70 10,Morning Mist Grey,#ADA7B9,69.49,5.61,-8.45,hex
RAL 300 70 15,Eyeshadow Viola,#ADA6C2,69.51,8.01,-13.41,hex
RAL 300 70 20,Lavender Violet,#AEA6C9,69.82,9.83,-16.80,hex
RAL 300 70 25,Pink Lavender,#ADA3D1,69.24,12.92,-22.09,hex
RAL 300 80 05,Hazy Mauve,#C8C6CE,80.25,2.17,-3.74,hex
RAL 300 80 10,Pale Violet,#C6C3D6,79.55,4.64,-9.09,hex
RAL 300 80 15,Ice Mauve,#C9C2DD,79.74,7.56,-12.55,hex
RAL 300 85 05,Delicate Viola,#D7D6DC,85.86,1.43,-2.83,hex
RAL 300 85 10,Powder Viola White,#D9D3E5,85.50,5.36,-8.11,hex
RAL 300 90 05,Translucent White,#E4E3E9,90.47,1.42,-2.80,hex
RAL 3000,Flame red,#A72920,37.68,50.30,36.60,hex
RAL 3001,Signal red,#9B2423,34.71,48.30,31.03,hex
RAL 3002,Carmine red,#9B2321,34.56,48.57,32.06,hex
RAL 3003,Ruby red,#861A22,29.22,44.93,24.30,hex
RAL 3004,Purple red,#6B1C23,23.93,35.28,15.90,hex
RAL 3005,Wine red,#59191F,19.72,29.78,12.48,hex
RAL 3007,Black red,#3E2022,16.37,14.75,5.00,hex
RAL 3009,Oxide red,#6D342D,29.15,24.58,16.14,hex
RAL 3011,Brown red,#782423,27.78,36.45,21.26,hex
RAL 3012,Beige red,#C5856D,61.44,21.75,22.93,hex
RAL 3013,Tomato red,#972E25,35.34,43.24,30.32,hex
RAL 3014,Antique pink,#CB7375,58.27,34.71,14.17,hex
RAL 3015,Light pink,#D8A0A6,71.21,21.63,5.06,hex
RAL 3016,Coral red,#A63D30,40.67,42.49,30.66,hex
RAL 3017,Rose,#CA555D,51.66,47.19,19.13,hex
RAL 3018,Strawberry red,#C63F4A,47.05,54.06,24.28,hex
RAL 3020,Traffic red,#BB1F11,40.55,58.92,47.95,hex
RAL 3022,Salmon pink,#CF6955,56.12,38.53,29.74,hex
RAL 3024,Luminous red,#FF2D21,55.33,74.75,58.26,hex
RAL 3026,Luminous bright red,#FF2A1C,55.08,75.31,60.11,hex
RAL 3027,Raspberry red,#AB273C,38.62,53.50,21.04,hex
RAL 3028,Pure red,#CC2C24,45.32,60.79,44.36,hex
RAL 3031,Orient red,#A63437,39.31,46.82,24.83,hex
RAL 3032,Pearl ruby red,#701D24,25.11,36.68,16.94,hex
RAL 3033,Pearl pink,#A53A2E,39.96,43.39,30.96,hex
RAL 310 20 20,Obsidian Lava Black,#382B46,20.09,12.37,-14.66,hex
RAL 310 20 25,Operetta Mauve,#3A284C,19.80,16.79,-19.17,hex
RAL 310 20 30,Powerful Violet,#372252,18.21,21.53,-25.76,hex
RAL 310 30 15,Dark Grey Mauve,#4E4459,30.58,8.92,-10.90,hex
RAL 310 30 20,Powerful Mauve,#4C3F5D,29.11,12.44,-15.75,hex
RAL 310 30 25,English Violet,#513E64,29.70,16.67,-19.29,hex
RAL 310 30 30,Crystal Purple,#533D6B,30.01,19.81,-23.27,hex
RAL 310 30 35,Succinct Violet,#513B6E,29.42,21.24,-26.11,hex
RAL 310 30 40,Loden Purple,#553A76,30.07,25.26,-30.12,hex
RAL 310 40 10,Dark Pink,#645B6B,40.00,6.98,-7.79,hex
RAL 310 40 15,Violet Haze,#675B72,40.54,9.68,-11.25,hex
RAL 310 40 20,Indigo Red,#695A78,40.69,12.41,-14.69,hex
RAL 310 40 25,Charoite Violet,#6A577F,40.27,16.28,-19.60,hex
RAL 310 40 30,Royal Purple,#6A5383,39.39,19.73,-23.39,hex
RAL 310 40 35,Magenta Violet,#6C5389,39.88,21.87,-26.27,hex
RAL 310 40 40,Pure Mauve,#6F5390,40.54,24.57,-29.46,hex
RAL 310 50 10,Dull Mauve,#7D7485,50.15,6.90,-8.04,hex
RAL 310 50 15,Batik Lilac,#7E738B,50.17,9.15,-11.54,hex
RAL 310 50 20,Provence Violet,#827191,50.22,13.07,-14.97,hex
RAL 310 50 25,Baroness Mauve,#847098,50.41,15.92,-18.78,hex
RAL 310 50 30,Bitter Violet,#856D9E,49.97,19.41,-22.96,hex
RAL 310 50 35,Violet Rose,#846BA3,49.58,21.45,-26.51,hex
RAL 310 50 40,Orchid Mauve,#866AAA,49.83,24.35,-30.19,hex
RAL 310 60 10,Gentle Mauve,#958C9E,59.54,6.87,-8.31,hex
RAL 310 60 15,Smoky Mauve,#998BA5,59.85,10.30,-11.81,hex
RAL 310 60 20,Saffron Blossom Mauve,#9C8AAB,60.06,13.17,-14.89,hex
RAL 310 60 25,Flirty Pink,#9E88B1,59.94,16.27,-18.47,hex
RAL 310 60 30,Peony Mauve,#9F86B7,59.74,19.05,-22.16,hex
RAL 310 60 35,Lilac Purple,#A183C0,59.54,23.41,-27.57,hex
RAL 310 70 10,Amorphous Rose,#B1A7B7,69.76,6.60,-6.91,hex
RAL 310 70 15,Transparent Mauve,#B4A6BF,69.99,9.76,-10.96,hex
RAL 310 70 20,Blue Pink,#B5A3C5,69.50,12.98,-15.00,hex
RAL 310 70 25,Glass Violet,#B7A2CC,69.66,15.64,-18.62,hex
RAL 310 80 10,Powder Viola,#CBC2D3,79.60,6.27,-7.36,hex
RAL 310 80 15,Orchid Violet,#CFC1DA,79.88,9.49,-10.68,hex
RAL 310 85 05,Fairy Pink,#D7D5DB,85.58,1.77,-2.71,hex
RAL 310 85 10,Tricot Lilac White,#DCD3E3,85.68,5.98,-6.76,hex
RAL 310 90 05,Wallflower White,#E7E3E7,90.64,2.06,-1.47,hex
RAL 310-1,,#F5D6B4,87.39,5.76,20.78,hex
RAL 310-2,,#EBC297,81.01,8.73,27.13,hex
RAL 310-3,,#DFAB73,73.58,12.30,36.08,hex
RAL 310-4,,#D09355,65.70,16.48,41.55,hex
RAL 310-5,,#BA7C43,57.33,18.48,40.34,hex
RAL 310-6,,#8E5B2D,43.40,16.40,34.49,hex
RAL 310-M,,#B87D4F,57.49,17.96,34.12,hex
RAL 320 20 05,Lava Black,#352F36,20.27,4.29,-3.47,hex
RAL 320 20 10,Obsidian Red,#372A38,19.03,9.06,-6.68,hex
RAL 320 20 15,Spinel Violet,#38283D,18.78,12.07,-10.51,hex
RAL 320 20 20,Aubergine Mauve,#3B2741,19.07,14.93,-12.79,hex
RAL 320 20 25,Dark Purple,#3C2246,18.13,19.88,-17.68,hex
RAL 320 30 05,Violet Black,#49434A,29.22,4.06,-3.30,hex
RAL 320 30 10,Stone Violet,#4D404F,28.93,8.76,-6.95,hex
RAL 320 30 15,Amethyst Dark Violet,#4F3C52,28.12,12.84,-10.09,hex
RAL 320 30 20,Dark Blackberry,#533958,28.03,17.68,-14.10,hex
RAL 320 30 25,Purpurite Violet,#57385E,28.55,21.15,-17.16,hex
RAL 320 30 30,Damson Mauve,#583563,28.17,24.53,-20.97,hex
RAL 320 30 35,Grape Purple,#5A3468,28.46,26.97,-23.72,hex
RAL 320 30 37,Lounge Violet,#5E336D,29.04,30.00,-25.98,hex
RAL 320 40 05,Slate Mauve,#625C63,39.84,3.85,-3.14,hex
RAL 320 40 10,Olivine Basalt,#655867,39.11,8.33,-6.65,hex
RAL 320 40 15,Antique Grey,#69576D,39.45,11.77,-9.80,hex
RAL 320 40 20,Basil Mauve,#6C5472,39.15,15.83,-13.32,hex
RAL 320 40 25,Gladiola Violet,#6E5178,38.82,19.73,-17.50,hex
RAL 320 40 30,Cabbage Blossom Violet,#724C7B,38.16,24.83,-20.33,hex
RAL 320 40 35,Lilac Violet,#754A80,38.27,28.13,-23.21,hex
RAL 320 40 40,Violet Purple,#784888,38.56,32.03,-27.63,hex
RAL 320 50 05,Grey Violet,#78737A,49.08,3.32,-3.16,hex
RAL 320 50 10,British Grey Mauve,#7D7081,48.93,8.41,-7.50,hex
RAL 320 50 15,Parma Grey,#806E85,48.80,11.54,-10.02,hex
RAL 320 50 20,Cyclamen,#876D8C,49.47,16.13,-13.09,hex
RAL 320 50 25,Poetry Mauve,#886891,48.49,20.50,-17.55,hex
RAL 320 50 30,Viola Grey,#8C6897,49.14,23.15,-20.05,hex
RAL 320 50 35,Aster Violetta,#8F629A,48.14,28.29,-23.33,hex
RAL 320 50 40,Empire Violet,#9264A2,49.29,29.83,-26.24,hex
RAL 320 60 05,Aragonite Grey,#948E96,59.75,3.76,-3.44,hex
RAL 320 60 10,Chalk Violet,#988C9B,59.71,7.33,-6.32,hex
RAL 320 60 15,Amethyst Grey Violet,#9C89A1,59.46,11.67,-10.07,hex
RAL 320 60 20,Wonder Violet,#A085A6,58.98,16.37,-13.63,hex
RAL 320 60 25,Nightshade Violet,#A383AC,58.97,19.77,-17.03,hex
RAL 320 60 30,Lobby Lilac,#A780B2,58.85,24.07,-20.61,hex
RAL 320 60 35,Blackberry Sorbet,#A97EB6,58.73,26.69,-23.06,hex
RAL 320 70 05,Elderberry Grey,#AEA8B0,69.57,3.65,-3.34,hex
RAL 320 70 10,Bellflower Violet,#B2A5B7,69.32,8.05,-7.55,hex
RAL 320 70 15,Quartz Violet,#B5A2BC,68.96,11.72,-10.82,hex
RAL 320 70 20,Beach Lilac,#BDA2C4,69.93,16.03,-13.74,hex
RAL 320 70 25,Lilac Pink,#C09DC8,69.11,20.60,-17.17,hex
RAL 320 80 05,Light Violet,#CBC4CB,79.89,3.70,-2.63,hex
RAL 320 80 10,Amethyst Light Violet,#CFC2D1,79.87,7.25,-5.85,hex
RAL 320 80 15,Cosmetic Mauve,#D3BED5,79.32,11.50,-8.79,hex
RAL 320 85 05,Blackberry Cream,#D9D3DA,85.20,3.31,-2.72,hex
RAL 320 85 10,Ametrine Quartz,#DED1E0,85.26,7.15,-5.77,hex
RAL 320 90 05,Apatite Pink,#E8E1E6,90.19,3.25,-1.59,hex
RAL 320-1,,#D2A96C,71.67,7.38,37.03,hex
RAL 320-2,,#AE8151,57.36,11.62,32.63,hex
RAL 320-3,,#B9864C,59.79,13.15,38.53,hex
RAL 320-4,,#A06735,48.80,18.04,37.00,hex
RAL 320-5,,#7F4E2E,38.13,17.32,27.31,hex
RAL 320-6,,#6E4428,33.14,15.07,24.28,hex
RAL 320-M,,#B9731E,54.73,21.24,54.30,hex
RAL 330 20 20,Profound Mauve,#40243D,18.75,17.93,-10.46,hex
RAL 330 20 25,Opulent Mauve,#462343,19.68,22.14,-13.10,hex
RAL 330 30 15,Currant Violet,#553E51,29.34,13.70,-7.54,hex
RAL 330 30 20,Mexican Purple,#5A3C55,29.57,17.78,-9.73,hex
RAL 330 30 25,Parma Plum Red,#5E3958,29.44,21.80,-11.82,hex
RAL 330 30 30,Intense Purple,#63365D,29.62,26.44,-14.73,hex
RAL 330 30 35,Opulent Purple,#673362,29.75,30.56,-17.71,hex
RAL 330 30 40,Intense Mauve,#682D63,28.70,34.38,-19.98,hex
RAL 330 40 10,Patina Violet,#695A67,40.07,8.65,-5.18,hex
RAL 330 40 15,Dark Purple Grey,#6E576B,39.90,13.25,-7.84,hex
RAL 330 40 20,Amaranth Red,#725670,40.25,16.41,-10.35,hex
RAL 330 40 25,Deep Magenta,#775373,40.16,20.70,-12.29,hex
RAL 330 40 30,Phloxflower Violet,#7F4F78,40.35,26.96,-14.99,hex
RAL 330 40 35,Thistle Mauve,#834D7C,40.56,30.29,-17.08,hex
RAL 330 40 40,Visiona Red,#83477D,39.26,33.87,-19.68,hex
RAL 330 40 45,Purpurite Red,#864480,39.18,37.06,-21.63,hex
RAL 330 50 10,Burlap Grey,#81717E,49.48,8.70,-4.86,hex
RAL 330 50 15,Sapphire Pink,#887084,50.08,13.10,-7.43,hex
RAL 330 50 20,Dianthus Mauve,#8D6D89,49.99,17.70,-10.49,hex
RAL 330 50 25,Crystal Pink,#916B8C,50.01,20.91,-12.18,hex
RAL 330 50 30,Tulipan Violet,#966993,50.33,25.21,-15.78,hex
RAL 330 50 35,Violet Red,#9A6596,49.95,29.47,-18.08,hex
RAL 330 50 40,Orchid Purple,#9F6198,49.72,33.79,-19.56,hex
RAL 330 60 10,Greige Violet,#9C8C9A,60.03,8.58,-5.23,hex
RAL 330 60 15,Vesuvian Violet,#A28A9F,60.21,12.85,-7.75,hex
RAL 330 60 20,Gentian Violet,#A887A4,60.19,17.66,-10.58,hex
RAL 330 60 25,Wilhelminian Pink,#AA83A4,59.40,20.64,-11.75,hex
RAL 330 60 30,Stage Mauve,#B081AA,59.74,25.00,-14.61,hex
RAL 330 60 35,Cheddar Pink Mauve,#B67DAF,59.62,30.22,-17.57,hex
RAL 330 60 40,Colombo Red Mauve,#BA7AB3,59.54,33.96,-19.95,hex
RAL 330 70 10,Mist Pink,#B8A6B5,70.04,9.22,-5.33,hex
RAL 330 70 15,Leek Blossom Pink,#BCA3B8,69.72,12.84,-7.42,hex
RAL 330 70 20,Strawberry Pink,#C1A1BD,69.83,16.62,-9.98,hex
RAL 330 70 25,Purple Pink,#CA9EC2,70.11,22.31,-12.23,hex
RAL 330 70 30,Clover Pink,#CD9BC4,69.76,25.34,-13.84,hex
RAL 330 80 10,Purple White,#D3C2CF,80.14,8.25,-4.33,hex
RAL 330 80 15,Lovely Pink,#D8BFD4,79.96,12.48,-7.25,hex
RAL 330 80 20,Designer Pink,#E1BCD8,80.14,17.89,-9.05,hex
RAL 330 85 05,Light Magnolia Rose,#DBD5DA,85.86,2.94,-1.73,hex
RAL 330 85 10,Raspberry Pink,#E4D3E0,86.24,8.13,-4.27,hex
RAL 330 85 15,Heavenly Pink,#EAD1E4,86.35,11.93,-6.17,hex
RAL 330 90 05,Delicacy White,#EBE2E5,90.65,3.57,-0.37,hex
RAL 330-1,,#A86859,50.63,23.95,19.25,hex
RAL 330-2,,#8E4B35,39.65,26.15,25.57,hex
RAL 330-3,,#794E3E,37.59,16.14,16.91,hex
RAL 330-4,,#5C3B2D,28.36,12.74,14.63,hex
RAL 330-5,,#50312A,23.90,13.15,10.32,hex
RAL 330-6,,#46322E,22.93,8.39,6.09,hex
RAL 330-M,,#8B5943,42.82,18.05,21.21,hex
RAL 340 20 05,Liquorice Black,#352D32,19.49,4.72,-1.87,hex
RAL 340 20 10,Mangosteen Violet,#3A2732,18.28,11.06,-3.59,hex
RAL 340 20 15,Sitter Red,#3C2233,17.20,15.50,-5.89,hex
RAL 340 20 20,Juice Violet,#442238,18.62,19.76,-7.13,hex
RAL 340 20 25,Prestige Mauve,#4C213D,19.89,24.38,-8.56,hex
RAL 340 30 05,Apple Herb Black,#4B4247,29.02,4.87,-1.62,hex
RAL 340 30 10,Passionfruit Mauve,#513E49,28.58,10.40,-3.51,hex
RAL 340 30 15,Dark Fig Violet,#573B4C,28.58,15.40,-5.39,hex
RAL 340 30 20,Ruby Violet,#5C384E,28.52,19.68,-6.72,hex
RAL 340 30 25,Blackberry Deep Red,#633654,29.24,24.72,-9.46,hex
RAL 340 30 30,Deep Red,#653054,28.17,28.95,-11.06,hex
RAL 340 30 35,Velvet Mauve,#692B57,27.90,33.58,-13.38,hex
RAL 340 30 38,Forest Fruit Red,#6E2759,28.08,37.54,-14.34,hex
RAL 340 40 05,Mauve Brown,#62595F,38.84,4.84,-2.13,hex
RAL 340 40 10,Spinel Grey,#6A5662,38.90,10.48,-3.81,hex
RAL 340 40 15,Earth Brown Violet,#705364,38.82,15.09,-5.11,hex
RAL 340 40 20,Dahlia Matte Red,#765067,38.84,19.81,-6.85,hex
RAL 340 40 25,Brocade Violet,#7B4D6B,38.87,24.23,-9.24,hex
RAL 340 40 30,Madder Magenta,#80496E,38.69,28.94,-11.31,hex
RAL 340 40 35,Club Mauve,#834370,37.86,33.72,-13.78,hex
RAL 340 40 40,Cherry Red,#883E72,37.65,38.41,-15.27,hex
RAL 340 40 45,Magenta Red,#913977,38.34,44.54,-17.22,hex
RAL 340 50 05,Jubilee Grey,#7C7379,49.41,4.64,-2.05,hex
RAL 340 50 10,Port Wine Red,#85707C,49.53,10.42,-3.55,hex
RAL 340 50 15,Raw Garnet Viola,#8B6C7E,49.16,15.43,-5.22,hex
RAL 340 50 20,Milkwort Red,#916981,49.14,20.00,-6.96,hex
RAL 340 50 25,Rust Magenta,#966684,49.07,24.13,-8.79,hex
RAL 340 50 30,Raspberry Jelly Red,#9B6287,48.83,28.76,-10.88,hex
RAL 340 50 35,Thimble Red,#A05D8B,48.47,34.01,-13.74,hex
RAL 340 50 40,Cyclamen Red,#A7598D,48.62,38.89,-14.63,hex
RAL 340 50 45,Brilliant Carmine,#AD548F,48.52,43.78,-15.89,hex
RAL 340 60 05,Heather Red Grey,#988E94,60.03,4.83,-1.84,hex
RAL 340 60 10,Piano Mauve,#9E8996,59.31,10.25,-3.99,hex
RAL 340 60 15,Evening Pink,#A7879A,59.78,15.43,-5.49,hex
RAL 340 60 20,Capri Fashion Pink,#AC839C,59.35,19.88,-7.22,hex
RAL 340 60 25,Antique Hot Pink,#B07F9E,58.86,23.94,-9.05,hex
RAL 340 60 30,Cheek Red,#B67CA2,58.95,28.45,-11.15,hex
RAL 340 60 35,Hollyhock Blossom Pink,#BD79A5,59.17,33.06,-12.46,hex
RAL 340 60 40,Bishop Red,#C473A9,58.85,39.33,-15.16,hex
RAL 340 70 05,Mauve Grey,#B1A7AD,69.47,4.69,-1.80,hex
RAL 340 70 10,Buckwheat Mauve,#B9A4B0,69.47,9.75,-3.38,hex
RAL 340 70 15,Hollyhock Pink,#C2A1B5,69.68,15.51,-5.75,hex
RAL 340 70 20,Idyllic Pink,#C89EB7,69.58,19.65,-6.95,hex
RAL 340 70 25,Morning Glory Pink,#CA99B7,68.58,23.10,-8.42,hex
RAL 340 70 30,Soft Fuschia,#D496BD,69.10,29.25,-10.86,hex
RAL 340 70 35,Firm Pink,#DA93C1,69.20,33.59,-12.87,hex
RAL 340 80 05,Piano Grey Rose,#CFC4C7,80.11,4.37,-0.12,hex
RAL 340 80 10,Mint Blossom Rose,#D7C2CE,80.45,9.46,-3.30,hex
RAL 340 80 15,Scandalous Rose,#DFBDD0,79.98,15.26,-5.00,hex
RAL 340 80 20,Bonbon Rose,#E6BAD2,79.95,19.64,-6.04,hex
RAL 340 85 05,Strawberry Cream,#DFD4D9,85.90,4.65,-1.11,hex
RAL 340 85 10,Light Flamingo Pink,#E7D1DD,85.91,9.67,-3.13,hex
RAL 340 85 15,Lacquer Mauve,#F0CFE1,86.30,14.50,-4.60,hex
RAL 340 90 05,Rose White,#EBE0E4,90.13,4.43,-0.61,hex
RAL 340 93 05,Dress Pink,#F4EBEF,93.83,3.72,-0.85,hex
RAL 340-1,,#BEA4A9,69.73,10.33,0.93,hex
RAL 340-2,,#A48C92,60.54,10.06,0.16,hex
RAL 340-3,,#7F5452,40.35,17.64,8.49,hex
RAL 340-4,,#683D40,31.00,19.27,6.23,hex
RAL 340-5,,#4F2A2D,21.97,17.55,5.60,hex
RAL 340-6,,#4F2B31,22.35,17.49,3.39,hex
RAL 340-M,,#53353B,25.87,14.45,1.79,hex
RAL 350 20 10,Mulled Wine Red,#3B2932,19.00,10.13,-2.52,hex
RAL 350 20 15,Soft Red,#412533,18.74,15.63,-3.50,hex
RAL 350 20 20,Star Ruby,#482034,18.62,21.87,-4.26,hex
RAL 350 20 25,Chilli Black Red,#4B1C35,18.29,25.52,-5.41,hex
RAL 350 20 30,Tulip Poplar Purple,#531938,19.31,30.40,-5.84,hex
RAL 350 30 10,Sparrow Grey Red,#523E47,28.63,10.41,-2.11,hex
RAL 350 30 15,Siliceous Red,#5A3D4A,29.43,14.98,-2.78,hex
RAL 350 30 20,Liqueur Red,#61394B,29.35,20.52,-3.44,hex
RAL 350 30 25,Wine Gummy Red,#67334C,28.83,26.62,-4.77,hex
RAL 350 30 30,Burlat Red,#6E314F,29.61,30.82,-5.48,hex
RAL 350 30 35,Bordeaux Red,#6F2C4F,28.76,33.83,-6.72,hex
RAL 350 30 40,Dried Flower Purple,#752653,28.89,39.31,-9.07,hex
RAL 350 40 10,Aubergine Grey,#6E5861,39.85,10.66,-1.75,hex
RAL 350 40 15,Opium Mauve,#735362,39.09,15.90,-3.42,hex
RAL 350 40 20,Grey Carmine,#7A5063,39.20,20.65,-3.78,hex
RAL 350 40 25,Nectar Red,#7F4C64,38.90,25.11,-4.78,hex
RAL 350 40 30,Dark Rose,#874766,38.93,31.28,-5.87,hex
RAL 350 40 35,Bonbon Red,#8C4268,38.68,36.09,-7.42,hex
RAL 350 40 40,Cyclamen Red,#913F6A,38.93,39.65,-8.21,hex
RAL 350 40 45,Powder Red,#95396A,38.48,43.88,-8.83,hex
RAL 350 40 50,Madder Red,#9C326B,38.57,49.25,-9.19,hex
RAL 350 50 10,Innocent Pink,#856F79,49.17,10.44,-2.29,hex
RAL 350 50 15,Blunt Violet,#8D6C7A,49.24,15.47,-2.69,hex
RAL 350 50 20,Corundum Red,#95687D,49.22,21.38,-4.41,hex
RAL 350 50 25,Batik Pink,#9C657E,49.35,25.90,-4.72,hex
RAL 350 50 30,Beryl Red,#A16381,49.60,29.36,-6.07,hex
RAL 350 50 35,Crimson,#AA5C81,49.24,36.44,-6.49,hex
RAL 350 50 40,Madder Rose,#B15882,49.42,41.12,-6.70,hex
RAL 350 50 45,Signal Pink,#B15384,48.51,43.94,-9.26,hex
RAL 350 50 50,Nail Polish Pink,#BD4E84,49.42,50.23,-7.72,hex
RAL 350 60 10,Art Nouveau Violet,#A08994,59.44,10.62,-2.63,hex
RAL 350 60 15,Mohair Pink,#A78594,59.09,15.49,-3.06,hex
RAL 350 60 20,Heather Violet,#B18398,59.75,21.01,-4.27,hex
RAL 350 60 25,Heather Rose,#B87F97,59.53,25.66,-3.94,hex
RAL 350 60 30,Venetian Pink,#C07B9A,59.62,31.23,-5.42,hex
RAL 350 60 35,Dolomite Red,#C5769B,59.16,35.87,-6.62,hex
RAL 350 60 40,Camellia Pink,#CD739D,59.60,40.53,-7.01,hex
RAL 350 60 45,Persian Pink,#D06FA0,59.27,44.05,-9.19,hex
RAL 350 70 10,Cold Pink,#BCA5AD,69.91,9.74,-1.04,hex
RAL 350 70 15,Shady Pink,#C4A1AF,69.70,15.18,-2.37,hex
RAL 350 70 25,Coral Pink,#D49AB3,69.73,25.43,-4.37,hex
RAL 350 70 30,Techno Pink,#DD95B4,69.59,31.48,-5.02,hex
RAL 350 70 35,Chewing Gum Pink,#E292B6,69.55,35.13,-6.14,hex
RAL 350 80 10,Magnolia White,#D8BFC8,79.63,10.36,-1.27,hex
RAL 350 80 15,Spring Pink,#DFBCC9,79.54,14.60,-1.86,hex
RAL 350 80 20,Light Pink,#E8B9CD,79.76,20.03,-3.60,hex
RAL 350 85 05,Fairy White,#DED4D8,85.79,4.13,-0.74,hex
RAL 350 85 10,Orchid Rose,#E9D1DA,86.00,9.84,-1.39,hex
RAL 350 85 15,Pale Pink,#EFCDDB,85.57,14.19,-2.50,hex
RAL 350 90 05,Light Rose,#EDE0E1,90.21,4.59,1.10,hex
RAL 350 90 10,Ranuncula White,#F5DDE6,90.25,9.74,-1.39,hex
RAL 350 93 05,Clichy White,#F6EBEE,93.96,4.22,-0.13,hex
RAL 350-1,,#9D311F,36.87,43.83,35.70,hex
RAL 350-2,,#A73F32,41.22,42.03,30.18,hex
RAL 350-3,,#A24733,41.89,36.28,30.18,hex
RAL 350-4,,#813021,31.56,34.04,27.35,hex
RAL 350-5,,#783122,30.17,30.00,24.73,hex
RAL 350-6,,#66322B,27.52,22.56,15.08,hex
RAL 350-M,,#582F2A,24.56,18.08,11.41,hex
RAL 360 20 15,Piermont Stone Red,#43232C,18.27,16.57,0.74,hex
RAL 360 30 05,Russian Red,#4D4244,29.14,5.10,0.52,hex
RAL 360 30 10,Peppercorn Red,#533D44,28.36,10.90,-0.52,hex
RAL 360 30 15,Zinfandel Red,#5A3844,27.90,17.06,-1.10,hex
RAL 360 30 20,Art Deco Red,#623745,28.80,21.16,-0.31,hex
RAL 360 30 25,Clinker Red,#663145,27.98,26.31,-1.43,hex
RAL 360 30 30,Cherry Juice Red,#6C2C45,27.90,31.35,-1.44,hex
RAL 360 30 35,Palace Red,#752745,28.55,37.03,-0.31,hex
RAL 360 30 40,Ember Red,#792445,28.79,39.71,0.14,hex
RAL 360 40 05,Roasted Black,#655A5C,39.33,4.84,0.47,hex
RAL 360 40 10,Mocha Brown,#6B565E,38.88,10.11,-1.35,hex
RAL 360 40 15,Ruby Grey,#73525C,38.64,15.44,-0.35,hex
RAL 360 40 20,Baroque Red,#7B4F5D,38.89,20.63,-0.50,hex
RAL 360 40 25,Frenzied Red,#814A5C,38.44,25.78,-0.43,hex
RAL 360 40 30,Redcurrant,#88455E,38.38,31.57,-1.66,hex
RAL 360 40 35,Orient Pink,#8F415F,38.63,36.40,-1.79,hex
RAL 360 40 40,Aurora Magenta,#963B60,38.65,41.96,-2.26,hex
RAL 360 40 45,Cardinal Red,#9B365E,38.58,45.67,-1.01,hex
RAL 360 40 50,Parlour Red,#A12D5D,38.28,51.09,-0.69,hex
RAL 360 50 05,Pumice Grey,#807375,49.66,5.40,0.73,hex
RAL 360 50 10,Pomace Red,#856F76,49.09,9.89,-0.64,hex
RAL 360 50 15,Evening Crimson,#8E6B76,48.98,15.74,-0.69,hex
RAL 360 50 20,Copper Pink,#946877,48.92,19.99,-1.29,hex
RAL 360 50 25,Jugendstil Pink,#9D6375,48.73,26.00,-0.24,hex
RAL 360 50 30,Cosmetic Red,#A56078,49.16,31.13,-1.29,hex
RAL 360 50 35,Indian Pink,#AD5B78,49.16,36.76,-1.16,hex
RAL 360 50 40,Kir Royale Rose,#B45877,49.52,40.68,0.08,hex
RAL 360 50 45,Cockscomb Red,#BC5378,49.78,46.05,0.01,hex
RAL 360 50 50,Persian Red,#C04C77,49.14,50.53,-0.25,hex
RAL 360 60 05,Ash Pink,#998E91,60.04,4.64,-0.12,hex
RAL 360 60 10,Majolica Mauve,#A08990,59.32,9.90,-0.51,hex
RAL 360 60 15,Fig Fruit Mauve,#A98691,59.46,15.16,-0.78,hex
RAL 360 60 20,Noble Lilac,#B28392,59.68,20.39,-0.91,hex
RAL 360 60 25,Light Red,#B87E91,59.12,25.27,-1.09,hex
RAL 360 70 05,Tea Blossom Pink,#B5A9AC,70.30,4.85,0.01,hex
RAL 360 70 10,Quartz Pink,#BCA3AA,69.32,10.32,-0.24,hex
RAL 360 70 15,Opaline Pink,#C6A0AB,69.53,15.78,-0.37,hex
RAL 360 80 05,Mother-Of-Pearl Pink,#D1C4C6,80.24,4.89,0.63,hex
RAL 360 80 10,Venetian Pink,#D9BFC5,79.64,10.20,0.37,hex
RAL 360 80 15,Soap Pink,#E5BFCA,80.84,15.28,-0.44,hex
RAL 360 85 05,Theatre Powder Rose,#E2D4D4,86.01,4.82,1.73,hex
RAL 360 85 10,Lotus Pink,#EAD0D6,85.74,10.04,0.35,hex
RAL 360 90 05,Ice Pink,#F1E1E0,90.75,5.28,2.45,hex
RAL 360 90 10,Cake Frosting,#F9DFE5,91.04,9.91,0.34,hex
RAL 360 93 05,Arrowhead White,#F9EAEB,93.88,5.23,1.34,hex
RAL 360-1,,#E07D29,62.24,32.66,58.81,hex
RAL 360-2,,#D9751E,59.50,33.68,60.04,hex
RAL 360-3,,#C66217,52.74,35.67,55.77,hex
RAL 360-4,,#B75629,48.12,36.38,43.34,hex
RAL 360-5,,#9A4F2C,42.22,28.40,34.18,hex
RAL 360-6,,#915033,41.21,24.46,28.74,hex
RAL 360-M,,#A45633,45.34,29.15,34.28,hex
RAL 370-1,,#FFAE47,77.28,20.87,62.42,hex
RAL 370-2,,#FF9B38,72.89,30.16,64.24,hex
RAL 370-3,,#FF901D,70.39,35.11,71.08,hex
RAL 370-4,,#E68316,64.26,31.54,66.76,hex
RAL 370-5,,#D4781F,59.46,30.07,59.39,hex
RAL 370-6,,#CD6C10,55.83,33.20,60.50,hex
RAL 370-M,,#B47A3C,56.04,16.54,42.23,hex
RAL 380-1,,#FF9B29,72.81,29.71,69.53,hex
RAL 380-2,,#FF9204,70.76,33.80,75.76,hex
RAL 380-3,,#FA841A,67.21,39.15,69.17,hex
RAL 380-4,,#E27121,59.97,39.40,59.93,hex
RAL 380-5,,#F2782F,63.77,42.51,58.75,hex
RAL 380-6,,#EA6A24,59.83,45.99,59.19,hex
RAL 380-M,,#A7552A,45.47,30.46,39.33,hex
RAL 390-1,,#EB773F,62.69,40.92,50.10,hex
RAL 390-2,,#E36125,57.09,47.68,56.03,hex
RAL 390-3,,#DE5411,53.94,51.38,60.16,hex
RAL 390-4,,#D8511C,52.48,50.76,55.01,hex
RAL 390-5,,#D8480F,51.00,54.34,58.27,hex
RAL 390-6,,#CD5E2A,53.12,40.99,48.94,hex
RAL 390-M,,#BF633B,52.20,33.68,38.81,hex
RAL 4001,Red lilac,#816183,45.44,19.23,-13.90,hex
RAL 4002,Red violet,#8D3C4B,36.75,35.87,8.10,hex
RAL 4003,Heather violet,#C4618C,54.22,44.35,-5.22,hex
RAL 4004,Claret violet,#651E38,23.61,34.21,0.91,hex
RAL 4005,Blue lilac,#76689A,47.09,16.55,-25.18,hex
RAL 4006,Traffic purple,#903373,37.00,46.37,-16.80,hex
RAL 4007,Purple violet,#47243C,19.75,20.46,-8.15,hex
RAL 4008,Signal violet,#844C82,40.71,32.36,-20.50,hex
RAL 4009,Pastel violet,#9D8692,58.32,10.85,-3.17,hex
RAL 4010,Telemagenta,#BB4077,46.40,54.18,-4.38,hex
RAL 4011,Pearl violet,#6E6387,44.22,12.23,-18.34,hex
RAL 4012,Pearl blackberry,#6A6B7F,45.79,4.07,-11.18,hex
RAL 410-1,,#ED8165,65.47,38.88,33.59,hex
RAL 410-2,,#EA734F,61.93,43.34,41.04,hex
RAL 410-3,,#E46440,58.02,47.60,44.24,hex
RAL 410-4,,#DC5D38,55.42,47.62,45.18,hex
RAL 410-5,,#D25535,52.35,47.59,42.98,hex
RAL 410-6,,#D05D42,53.64,43.69,37.35,hex
RAL 410-M,,#AB4924,43.58,38.05,40.64,hex
RAL 420-1,,#EDAE9A,76.44,20.44,19.33,hex
RAL 420-2,,#F29D86,72.70,29.14,25.17,hex
RAL 420-3,,#E98A6C,66.97,33.24,31.57,hex
RAL 420-4,,#E46443,58.05,47.74,42.70,hex
RAL 420-5,,#CC5738,51.77,44.59,40.48,hex
RAL 420-6,,#BF502E,48.28,42.66,41.37,hex
RAL 420-M,,#9D4B32,41.90,32.15,30.56,hex
RAL 430-1,,#F2C2B6,82.29,15.37,12.54,hex
RAL 430-2,,#EC998B,71.20,29.48,20.27,hex
RAL 430-3,,#E48074,64.32,37.24,23.54,hex
RAL 430-4,,#DD5A4C,55.29,50.36,34.25,hex
RAL 430-5,,#D5433C,50.09,56.58,36.79,hex
RAL 430-6,,#BE3A24,44.38,51.62,42.54,hex
RAL 430-M,,#A84C45,44.13,37.28,22.51,hex
RAL 440-1,,#CA383C,46.60,57.19,32.21,hex
RAL 440-2,,#D34C49,51.27,52.93,30.67,hex
RAL 440-3,,#BA3C3E,44.26,50.63,27.52,hex
RAL 440-4,,#9B2929,35.43,46.77,28.24,hex
RAL 440-5,,#A63129,38.67,47.33,32.47,hex
RAL 440-6,,#B93525,42.76,51.93,40.11,hex
RAL 440-M,,#9B252C,34.95,48.36,25.83,hex
RAL 450-1,,#F4C7CA,84.15,16.39,4.54,hex
RAL 450-2,,#EDA5AA,74.71,27.26,8.18,hex
RAL 450-3,,#E07A81,62.81,40.14,14.02,hex
RAL 450-4,,#C85862,52.00,45.49,16.57,hex
RAL 450-5,,#B2312F,41.01,51.54,32.21,hex
RAL 450-6,,#BB201D,40.72,58.91,42.50,hex
RAL 450-M,,#A71616,35.69,55.37,40.09,hex
RAL 460-1,,#EFA3A7,74.41,28.66,9.41,hex
RAL 460-2,,#E37F89,64.42,39.53,11.79,hex
RAL 460-3,,#DF6368,57.67,48.83,21.33,hex
RAL 460-4,,#D35254,52.43,51.01,25.72,hex
RAL 460-5,,#A8373B,40.21,46.48,23.57,hex
RAL 460-6,,#8B1B28,30.47,46.46,22.18,hex
RAL 460-M,,#AE363B,41.15,48.91,24.98,hex
RAL 470-1,,#F0B3C1,78.82,24.18,1.61,hex
RAL 470-2,,#E68B9D,67.82,36.76,5.39,hex
RAL 470-3,,#DE7383,61.16,43.20,10.53,hex
RAL 470-4,,#CA4D67,50.51,51.71,11.57,hex
RAL 470-5,,#AC2D4C,39.87,52.86,12.63,hex
RAL 470-6,,#9C223F,35.15,50.81,14.00,hex
RAL 470-M,,#B14F5D,46.62,41.23,11.59,hex
RAL 480-1,,#F5CAC9,84.93,15.02,6.22,hex
RAL 480-2,,#F5C0BE,82.29,18.66,8.29,hex
RAL 480-3,,#EEBABC,80.14,19.00,6.19,hex
RAL 480-4,,#EEA5B1,74.99,28.58,4.75,hex
RAL 480-5,,#E9909E,69.29,35.34,6.99,hex
RAL 480-6,,#DA6C82,59.20,45.19,8.25,hex
RAL 480-M,,#A87579,54.48,20.62,5.88,hex
RAL 490-1,,#F3CFD0,86.12,12.76,4.20,hex
RAL 490-2,,#F7CAC3,84.97,14.85,9.49,hex
RAL 490-3,,#E89A92,71.11,28.22,16.22,hex
RAL 490-4,,#C37B77,59.07,27.56,13.97,hex
RAL 490-5,,#BE7F8C,59.91,26.20,3.02,hex
RAL 490-6,,#D29EA8,70.17,20.80,2.36,hex
RAL 490-M,,#A77D88,56.74,18.00,0.41,hex
RAL 5000,Violet blue,#304F6E,32.58,-1.54,-21.35,hex
RAL 5001,Green blue,#0E4C64,29.87,-9.55,-19.35,hex
RAL 5002,Ultramarine blue,#00387A,24.43,12.16,-41.99,hex
RAL 5003,Sapphire blue,#1F3855,22.91,0.47,-20.45,hex
RAL 5004,Black blue,#191E28,11.19,0.75,-7.50,hex
RAL 5005,Signal blue,#005387,33.85,-0.73,-34.96,hex
RAL 5007,Brillant blue,#376B8C,43.09,-6.95,-23.37,hex
RAL 5008,Grey blue,#2B3A44,23.53,-3.21,-8.14,hex
RAL 5009,Azure blue,#215F78,37.60,-10.91,-19.83,hex
RAL 5010,Gentian blue,#004F7C,31.91,-2.76,-31.24,hex
RAL 5011,Steel blue,#1A2B3C,16.86,-1.23,-13.01,hex
RAL 5012,Light blue,#0089B6,53.24,-14.62,-32.24,hex
RAL 5013,Cobalt blue,#193153,20.15,3.23,-23.49,hex
RAL 5014,Pigeon blue,#637D96,51.29,-3.01,-16.49,hex
RAL 5015,Sky blue,#007CAF,48.89,-9.86,-35.01,hex
RAL 5017,Traffic blue,#005B8C,36.70,-3.78,-33.49,hex
RAL 5018,Turquoise blue,#048B8C,52.27,-30.11,-9.48,hex
RAL 5019,Capri blue,#005E83,37.19,-9.27,-27.23,hex
RAL 5020,Ocean blue,#00414B,24.60,-14.24,-11.31,hex
RAL 5021,Water blue,#007577,44.31,-26.38,-9.04,hex
RAL 5022,Night blue,#222D5A,19.86,10.86,-28.58,hex
RAL 5023,Distant blue,#41698C,42.94,-3.49,-23.57,hex
RAL 5024,Pastel blue,#6093AC,58.35,-10.25,-18.44,hex
RAL 5025,Pearl gentian blue,#20697C,41.00,-15.42,-17.03,hex
RAL 5026,Pearl night blue,#0F3052,19.33,1.72,-24.17,hex
RAL 510-1,,#ECC8DC,84.13,15.97,-5.18,hex
RAL 510-2,,#E0A5CB,74.24,27.65,-10.79,hex
RAL 510-3,,#D584B1,64.82,37.32,-10.52,hex
RAL 510-4,,#C4638D,54.64,43.47,-5.18,hex
RAL 510-5,,#BA4877,47.51,50.42,-2.76,hex
RAL 510-6,,#9A3B6A,39.65,44.55,-6.99,hex
RAL 510-M,,#8C3D71,38.03,40.06,-14.02,hex
RAL 520-1,,#EFD2DF,86.89,12.24,-2.69,hex
RAL 520-2,,#E8BAD2,80.14,20.33,-5.75,hex
RAL 520-3,,#DCA5C0,73.50,24.42,-5.89,hex
RAL 520-4,,#BA7293,56.67,32.92,-5.83,hex
RAL 520-5,,#A04E6F,44.34,37.78,-3.02,hex
RAL 520-6,,#92526E,43.17,30.41,-4.35,hex
RAL 520-M,,#9E588B,47.12,36.07,-15.81,hex
RAL 530-1,,#98444D,40.16,36.05,11.86,hex
RAL 530-2,,#8F3F4E,37.75,35.39,7.65,hex
RAL 530-3,,#793644,32.08,30.73,5.53,hex
RAL 530-4,,#7C2F4B,31.41,36.31,0.07,hex
RAL 530-5,,#66253D,25.22,31.77,-0.14,hex
RAL 530-6,,#61294A,25.63,29.73,-8.36,hex
RAL 530-M,,#5C2D3A,25.13,23.07,1.56,hex
RAL 540-1,,#D4C1D7,80.20,10.60,-8.54,hex
RAL 540-2,,#BEA1C1,69.67,16.34,-12.45,hex
RAL 540-3,,#805F83,44.82,20.06,-14.85,hex
RAL 540-4,,#966B98,51.00,25.04,-17.71,hex
RAL 540-5,,#81537A,41.63,25.72,-14.24,hex
RAL 540-6,,#562C51,24.87,25.36,-14.33,hex
RAL 540-M,,#562F4E,25.45,22.94,-11.45,hex
RAL 550-1,,#E0D1D9,85.23,6.57,-2.08,hex
RAL 550-2,,#D0BBC9,77.97,9.88,-4.32,hex
RAL 550-3,,#B292A8,64.04,15.78,-7.01,hex
RAL 550-4,,#9C7488,53.32,18.99,-4.76,hex
RAL 550-5,,#8D6177,46.37,21.39,-5.14,hex
RAL 550-6,,#784C5E,37.79,21.40,-2.78,hex
RAL 550-M,,#A78890,59.74,13.10,0.18,hex
RAL 560-1,,#CCBCC7,77.83,7.59,-3.49,hex
RAL 560-2,,#B09CAD,66.54,10.41,-6.13,hex
RAL 560-3,,#8C6F80,50.10,14.42,-5.00,hex
RAL 560-4,,#775460,39.76,16.53,-1.14,hex
RAL 560-5,,#85727F,50.16,9.82,-4.39,hex
RAL 560-6,,#7D6E7F,48.32,9.18,-7.22,hex
RAL 560-M,,#A592A4,62.71,10.36,-6.86,hex
RAL 570-1,,#D1CEE8,83.72,5.97,-12.43,hex
RAL 570-2,,#C3BFE1,78.64,8.04,-16.41,hex
RAL 570-3,,#ADADDD,72.22,10.08,-24.13,hex
RAL 570-4,,#9B9ACF,65.42,11.91,-26.96,hex
RAL 570-5,,#8078B3,53.25,16.45,-30.12,hex
RAL 570-6,,#79689B,47.41,17.76,-25.25,hex
RAL 570-M,,#6B589A,41.90,22.90,-33.35,hex
RAL 580-1,,#C2CFE6,82.81,0.23,-12.83,hex
RAL 580-2,,#BCC7E0,80.13,1.31,-13.68,hex
RAL 580-3,,#A7B2D1,72.67,2.73,-16.94,hex
RAL 580-4,,#69749A,49.29,5.21,-21.87,hex
RAL 580-5,,#41506E,33.95,2.53,-19.14,hex
RAL 580-6,,#243154,20.87,6.23,-22.98,hex
RAL 580-M,,#636C86,45.77,2.81,-15.45,hex
RAL 590-1,,#666D9B,47.14,8.79,-25.79,hex
RAL 590-2,,#424276,30.31,14.51,-29.86,hex
RAL 590-3,,#2A366B,24.30,12.74,-32.56,hex
RAL 590-4,,#272F5B,20.90,11.02,-27.56,hex
RAL 590-5,,#142D58,18.93,7.25,-28.80,hex
RAL 590-6,,#093B7A,25.53,10.64,-40.19,hex
RAL 590-M,,#293862,24.26,7.77,-26.79,hex
RAL 6000,Patina green,#3C7460,44.65,-23.68,5.38,hex
RAL 6001,Emerald green,#366735,39.14,-27.96,23.11,hex
RAL 6002,Leaf green,#325928,33.93,-24.56,23.93,hex
RAL 6003,Olive green,#50533C,34.43,-5.66,13.11,hex
RAL 6004,Blue green,#024442,25.38,-19.05,-4.19,hex
RAL 6005,Moss green,#114232,24.47,-20.84,5.04,hex
RAL 6006,Grey olive,#3C392E,23.95,-0.92,7.34,hex
RAL 6007,Bottle green,#2C3222,19.77,-6.12,9.36,hex
RAL 6008,Brown green,#36342A,21.61,-1.20,6.66,hex
RAL 6009,Fir green,#27352A,20.61,-8.58,5.07,hex
RAL 6010,Grass green,#4D6F39,43.13,-22.95,26.15,hex
RAL 6011,Reseda green,#6B7C59,49.81,-13.03,17.10,hex
RAL 6012,Black green,#2F3D3A,24.47,-6.46,-0.04,hex
RAL 6013,Reed green,#7C765A,49.47,-2.52,16.29,hex
RAL 6014,Yellow olive,#474135,27.78,0.25,8.26,hex
RAL 6015,Black olive,#3D3D36,25.55,-1.51,4.32,hex
RAL 6016,Turquoise green,#00694C,38.94,-33.87,9.07,hex
RAL 6017,May green,#587F40,49.04,-25.79,29.82,hex
RAL 6018,Yellow green,#60993B,57.64,-35.68,42.58,hex
RAL 6019,Pastel green,#B9CEAC,80.42,-13.28,14.56,hex
RAL 6020,Chrome green,#37422F,26.49,-8.69,10.12,hex
RAL 6021,Pale green,#8A9977,61.24,-11.69,16.13,hex
RAL 6022,Olive drab,#3A3327,21.63,0.83,8.77,hex
RAL 6024,Traffic green,#008351,48.04,-43.18,18.63,hex
RAL 6025,Fern green,#5E6E3B,44.01,-15.15,26.40,hex
RAL 6026,Opal green,#005F4E,35.47,-28.84,2.91,hex
RAL 6027,Light green,#7EBAB5,71.48,-20.39,-3.65,hex
RAL 6028,Pine green,#315442,32.67,-17.34,6.59,hex
RAL 6029,Mint green,#006F3D,40.74,-39.84,20.36,hex
RAL 6032,Signal green,#237F52,47.16,-37.76,16.95,hex
RAL 6033,Mint turquoise,#45877F,51.98,-23.12,-2.20,hex
RAL 6034,Pastel turquoise,#7AADAC,67.28,-16.97,-4.91,hex
RAL 6035,Pearl green,#194D25,28.51,-27.27,18.69,hex
RAL 6036,Pearl opal green,#04574B,32.59,-25.56,0.62,hex
RAL 6037,Pure green,#008B29,50.24,-52.42,41.72,hex
RAL 6038,Luminous green,#00B51B,64.26,-65.79,60.02,hex
RAL 6039,Fibrous green,#B3C43E,75.71,-23.11,62.15,hex
RAL 610-1,,#6E8FAB,57.94,-4.44,-18.42,hex
RAL 610-2,,#617A94,50.21,-2.41,-16.98,hex
RAL 610-3,,#6D95B9,60.11,-4.29,-23.05,hex
RAL 610-4,,#89B2D8,70.95,-4.43,-23.56,hex
RAL 610-5,,#4777AE,48.99,0.65,-34.16,hex
RAL 610-6,,#436999,43.65,1.27,-30.22,hex
RAL 610-M,,#7897B5,61.19,-3.41,-19.10,hex
RAL 620-1,,#34688A,41.95,-6.46,-23.96,hex
RAL 620-2,,#6092AC,58.06,-9.70,-18.89,hex
RAL 620-3,,#64818F,52.28,-6.84,-10.91,hex
RAL 620-4,,#3A5A6A,36.46,-7.00,-12.83,hex
RAL 620-5,,#14354B,20.84,-3.79,-17.08,hex
RAL 620-6,,#1E2D3F,17.97,-0.34,-13.34,hex
RAL 620-M,,#093246,19.15,-5.66,-16.37,hex
RAL 630-1,,#51A3D3,63.87,-10.62,-31.92,hex
RAL 630-2,,#446B8E,43.79,-3.31,-23.43,hex
RAL 630-3,,#2E4E6F,32.21,-1.04,-22.57,hex
RAL 630-4,,#2D4A6E,30.83,0.96,-24.10,hex
RAL 630-5,,#1F3454,21.53,2.85,-21.96,hex
RAL 630-6,,#193654,21.89,0.12,-21.42,hex
RAL 630-M,,#16304C,19.25,0.47,-20.23,hex
RAL 640-1,,#49A0C5,62.16,-14.86,-26.79,hex
RAL 640-2,,#0087B5,52.58,-13.87,-32.70,hex
RAL 640-3,,#007BAE,48.54,-9.66,-34.99,hex
RAL 640-4,,#005C8C,37.02,-4.41,-32.99,hex
RAL 640-5,,#00548A,34.34,-0.13,-36.01,hex
RAL 640-6,,#004F7D,31.97,-2.34,-31.77,hex
RAL 640-M,,#004E87,32.25,2.56,-37.51,hex
RAL 650-1,,#64B5D6,69.90,-15.63,-24.23,hex
RAL 650-2,,#0077A0,46.62,-12.69,-29.83,hex
RAL 650-3,,#006C97,42.70,-9.75,-30.64,hex
RAL 650-4,,#005577,33.62,-8.62,-25.44,hex
RAL 650-5,,#1D5B78,36.17,-9.13,-22.04,hex
RAL 650-6,,#0A4962,28.67,-8.88,-19.94,hex
RAL 650-M,,#00719D,44.58,-10.37,-31.25,hex
RAL 660-1,,#0094B0,56.40,-22.70,-23.92,hex
RAL 660-2,,#0B8DA8,53.97,-21.39,-23.07,hex
RAL 660-3,,#51A5B8,63.44,-19.95,-17.53,hex
RAL 660-4,,#3FB8CF,69.35,-25.79,-21.33,hex
RAL 660-5,,#6CC3D4,74.17,-21.69,-16.62,hex
RAL 660-6,,#8AC8D5,76.99,-16.56,-12.79,hex
RAL 660-M,,#5597A9,58.91,-16.01,-15.94,hex
RAL 670-1,,#8AD3EA,80.70,-16.92,-18.47,hex
RAL 670-2,,#97DAEF,83.42,-15.92,-16.97,hex
RAL 670-3,,#8FC5D6,76.45,-13.39,-14.11,hex
RAL 670-4,,#69BBD3,71.72,-18.53,-19.80,hex
RAL 670-5,,#5BB9D5,70.68,-19.84,-22.52,hex
RAL 670-6,,#4EC2E6,73.49,-21.60,-27.50,hex
RAL 670-M,,#74A7B8,65.60,-12.54,-14.12,hex
RAL 680-1,,#72AABA,66.42,-14.17,-14.00,hex
RAL 680-2,,#338FA4,55.10,-19.94,-18.98,hex
RAL 680-3,,#177185,43.78,-17.82,-18.21,hex
RAL 680-4,,#26768D,46.03,-15.96,-19.49,hex
RAL 680-5,,#006A85,41.22,-15.51,-22.18,hex
RAL 680-6,,#005B74,35.48,-13.41,-20.68,hex
RAL 680-M,,#0E455C,27.08,-8.35,-18.56,hex
RAL 690-1,,#3FBFCB,71.30,-30.45,-16.19,hex
RAL 690-2,,#00A2AD,60.65,-30.75,-15.72,hex
RAL 690-3,,#00838E,49.72,-25.68,-14.49,hex
RAL 690-4,,#006C7B,41.46,-20.32,-15.77,hex
RAL 690-5,,#00535F,31.83,-16.88,-13.17,hex
RAL 690-6,,#005160,31.18,-15.36,-14.80,hex
RAL 690-M,,#006773,39.47,-20.51,-13.93,hex
RAL 7000,Squirrel grey,#7A888E,55.78,-3.77,-4.94,hex
RAL 7001,Silver grey,#8C979C,61.75,-2.90,-3.98,hex
RAL 7002,Olive grey,#817863,50.69,-0.20,12.80,hex
RAL 7003,Moss grey,#797669,49.55,-1.30,7.57,hex
RAL 7004,Signal grey,#9A9B9B,63.90,-0.36,-0.13,hex
RAL 7005,Mouse grey,#6B6E6B,46.10,-1.77,1.27,hex
RAL 7006,Beige grey,#766A5E,45.59,2.58,8.46,hex
RAL 7008,Khaki grey,#745F3D,41.59,3.57,22.61,hex
RAL 7009,Green grey,#5D6058,40.24,-2.83,4.16,hex
RAL 7010,Tarpaulin grey,#585C56,38.55,-2.85,2.90,hex
RAL 7011,Iron grey,#52595D,37.35,-1.83,-3.25,hex
RAL 7012,Basalt grey,#575D5E,39.01,-2.12,-1.38,hex
RAL 7013,Brown grey,#575044,34.36,0.62,8.13,hex
RAL 7015,Slate grey,#4F5358,35.11,-0.46,-3.47,hex
RAL 7016,Anthracite grey,#383E42,25.80,-1.51,-3.30,hex
RAL 7021,Black grey,#2F3234,20.57,-0.81,-1.72,hex
RAL 7022,Umbra grey,#4C4A44,31.47,-0.42,3.88,hex
RAL 7023,Concrete grey,#808076,53.31,-1.92,5.43,hex
RAL 7024,Graphite grey,#45494E,30.83,-0.46,-3.54,hex
RAL 7026,Granite grey,#374345,27.45,-4.34,-2.84,hex
RAL 7030,Stone grey,#928E85,59.11,-0.19,5.32,hex
RAL 7031,Blue grey,#5B686D,43.11,-3.76,-4.47,hex
RAL 7032,Pebble grey,#B5B0A1,71.86,-0.86,8.31,hex
RAL 7033,Cement grey,#7F8274,53.75,-3.80,7.20,hex
RAL 7034,Yellow grey,#92886F,56.95,-0.48,14.80,hex
RAL 7035,Light grey,#C5C7C4,80.01,-1.24,1.26,hex
RAL 7036,Platinum grey,#979392,61.24,1.28,1.05,hex
RAL 7037,Dusty grey,#7A7B7A,51.51,-0.58,0.41,hex
RAL 7038,Agate grey,#B0B0A9,71.65,-1.29,3.58,hex
RAL 7039,Quartz grey,#6B665E,43.41,0.42,5.22,hex
RAL 7040,Window grey,#989EA1,64.73,-1.55,-2.31,hex
RAL 7042,Traffic grey A,#8E9291,60.21,-1.65,0.02,hex
RAL 7043,Traffic grey B,#4F5250,34.55,-1.64,0.75,hex
RAL 7044,Silk grey,#B7B3A8,72.98,-0.55,6.11,hex
RAL 7045,Telegrey 1,#8D9295,60.24,-1.21,-2.22,hex
RAL 7046,Telegrey 2,#7E868A,55.40,-2.10,-3.16,hex
RAL 7047,Telegrey 4,#C8C8C7,80.58,-0.18,0.50,hex
RAL 7048,Pearl mouse grey,#817B73,51.92,0.78,5.19,hex
RAL 710-1,,#78D1CD,78.46,-27.65,-6.38,hex
RAL 710-2,,#00AAA7,62.96,-36.41,-8.89,hex
RAL 710-3,,#058A8B,51.92,-29.90,-9.42,hex
RAL 710-4,,#007476,43.94,-26.21,-9.00,hex
RAL 710-5,,#005C60,35.00,-21.43,-8.99,hex
RAL 710-6,,#0C4746,26.81,-18.02,-4.67,hex
RAL 710-M,,#00686B,39.51,-23.85,-8.99,hex
RAL 720-1,,#C2E3DE,87.81,-11.76,-1.19,hex
RAL 720-2,,#A4E2DB,85.70,-21.00,-2.91,hex
RAL 720-3,,#86D3D4,79.85,-23.41,-8.01,hex
RAL 720-4,,#58BEC1,71.38,-28.60,-10.53,hex
RAL 720-5,,#3393A0,56.20,-23.30,-15.03,hex
RAL 720-6,,#197C86,47.42,-23.16,-13.25,hex
RAL 720-M,,#1A949A,55.82,-28.70,-12.21,hex
RAL 730-1,,#CBE7E2,89.55,-10.13,-0.68,hex
RAL 730-2,,#98D3D3,80.72,-18.73,-6.08,hex
RAL 730-3,,#7DB8BA,71.00,-18.47,-7.10,hex
RAL 730-4,,#7BB9B4,71.01,-20.97,-3.81,hex
RAL 730-5,,#79ACAC,66.94,-16.74,-5.42,hex
RAL 730-6,,#46877F,52.02,-22.87,-2.14,hex
RAL 730-M,,#62A293,62.12,-24.15,1.34,hex
RAL 740-1,,#C5DCCE,85.76,-10.29,4.28,hex
RAL 740-2,,#B3D6C9,82.86,-14.10,2.57,hex
RAL 740-3,,#95C3B2,75.22,-18.68,3.61,hex
RAL 740-4,,#498574,51.21,-23.86,3.11,hex
RAL 740-5,,#006F5B,41.41,-32.32,3.53,hex
RAL 740-6,,#005D4E,34.76,-27.90,1.89,hex
RAL 740-M,,#3A6F5F,42.90,-21.91,3.45,hex
RAL 750-1,,#BFD7C9,83.91,-10.67,4.19,hex
RAL 750-2,,#8FB4A0,70.19,-16.60,6.11,hex
RAL 750-3,,#3D7461,44.72,-23.16,4.89,hex
RAL 750-4,,#164234,24.69,-19.15,4.06,hex
RAL 750-5,,#335449,32.97,-14.95,2.63,hex
RAL 750-6,,#2E3C3B,24.09,-5.96,-1.27,hex
RAL 750-M,,#17372D,20.45,-14.79,2.68,hex
RAL 760-1,,#D5E3CA,88.61,-9.12,10.62,hex
RAL 760-2,,#B8CDAA,80.04,-13.46,15.08,hex
RAL 760-3,,#B0BE9B,75.09,-11.09,16.09,hex
RAL 760-4,,#8B9B7A,61.94,-11.88,15.45,hex
RAL 760-5,,#6D7E5C,50.62,-12.83,16.50,hex
RAL 760-6,,#4A6448,39.64,-15.81,12.84,hex
RAL 760-M,,#334B2E,29.24,-15.83,14.42,hex
RAL 770-1,,#989D84,63.72,-6.35,12.49,hex
RAL 770-2,,#A9A88F,68.33,-4.02,13.07,hex
RAL 770-3,,#7A755A,49.01,-2.79,15.63,hex
RAL 770-4,,#817A66,51.32,-0.87,11.93,hex
RAL 770-5,,#B4AF9F,71.46,-1.03,8.84,hex
RAL 770-6,,#7E8273,53.64,-4.37,7.62,hex
RAL 770-M,,#8D8864,56.28,-4.14,20.06,hex
RAL 780-1,,#E9DECC,88.89,0.77,10.17,hex
RAL 780-2,,#E7D6B9,86.30,1.28,16.46,hex
RAL 780-3,,#DDC49A,80.28,2.62,24.35,hex
RAL 780-4,,#D1B186,74.01,5.49,26.32,hex
RAL 780-5,,#A38E79,60.35,4.50,14.10,hex
RAL 780-6,,#74695C,45.07,2.00,8.89,hex
RAL 780-M,,#B2A074,66.42,-0.03,25.37,hex
RAL 790-1,,#3E4849,29.76,-3.78,-1.96,hex
RAL 790-2,,#3B4147,27.20,-1.00,-4.49,hex
RAL 790-3,,#313538,21.89,-0.97,-2.47,hex
RAL 790-4,,#302F32,19.60,1.16,-1.76,hex
RAL 790-5,,#212224,13.20,0.05,-1.50,hex
RAL 790-6,,#21232D,13.91,1.87,-6.92,hex
RAL 790-M,,#221F1D,12.02,0.97,1.88,hex
RAL 8000,Green brown,#89693F,46.69,7.40,28.38,hex
RAL 8001,Ochre brown,#9D622B,47.08,18.97,40.11,hex
RAL 8002,Signal brown,#794D3E,37.34,16.74,16.57,hex
RAL 8003,Clay brown,#7E4B27,37.14,18.14,30.10,hex
RAL 8004,Copper brown,#8D4931,38.99,26.56,27.08,hex
RAL 8007,Fawn brown,#70462B,33.98,15.03,23.58,hex
RAL 8008,Olive brown,#724A25,35.22,13.06,28.59,hex
RAL 8011,Nut brown,#5A3827,27.16,13.04,16.83,hex
RAL 8012,Red brown,#66332B,27.76,21.97,15.39,hex
RAL 8014,Sepia brown,#4A3526,24.14,7.17,13.13,hex
RAL 8015,Chestnut brown,#5E2F26,25.42,20.35,15.36,hex
RAL 8016,Mahogany brown,#4C2B20,21.46,13.95,13.64,hex
RAL 8017,Chocolate brown,#442F29,21.66,8.65,7.65,hex
RAL 8019,Grey brown,#3D3635,23.30,2.87,1.75,hex
RAL 8022,Black brown,#1A1719,8.15,1.98,-0.87,hex
RAL 8023,Orange brown,#A45729,45.46,28.07,39.69,hex
RAL 8024,Beige brown,#795038,38.00,14.31,21.09,hex
RAL 8025,Pale brown,#755847,39.94,9.44,14.49,hex
RAL 8028,Terra brown,#513A2A,26.57,7.82,13.92,hex
RAL 8029,Pearl copper,#7F4031,34.81,25.71,21.44,hex
RAL 810-1,,#979DA2,64.40,-1.14,-3.35,hex
RAL 810-2,,#8A9499,60.68,-2.56,-3.87,hex
RAL 810-3,,#79888E,55.71,-4.12,-5.05,hex
RAL 810-4,,#5E6B73,44.42,-3.04,-6.12,hex
RAL 810-5,,#51595D,37.27,-2.21,-3.38,hex
RAL 810-6,,#394146,27.00,-2.03,-4.15,hex
RAL 810-M,,#404649,29.29,-1.74,-2.64,hex
RAL 820-1,,#C5C8CA,80.43,-0.66,-1.36,hex
RAL 820-2,,#A9AEB2,70.82,-0.98,-2.66,hex
RAL 820-3,,#8D9395,60.52,-1.77,-1.81,hex
RAL 820-4,,#7D8589,55.01,-2.10,-3.16,hex
RAL 820-5,,#50555C,35.94,-0.37,-4.74,hex
RAL 820-6,,#444951,30.85,-0.11,-5.45,hex
RAL 820-M,,#929191,60.25,0.37,0.13,hex
RAL 830-1,,#BABCBA,76.04,-1.07,0.76,hex
RAL 830-2,,#A4A7A5,68.20,-1.45,0.66,hex
RAL 830-3,,#8D9291,60.13,-2.01,-0.10,hex
RAL 830-4,,#6C706D,46.82,-2.14,1.13,hex
RAL 830-5,,#515554,35.76,-1.82,0.03,hex
RAL 830-6,,#575E60,39.37,-2.28,-2.08,hex
RAL 830-M,,#82817F,54.00,-0.02,1.21,hex
RAL 840-1,,#E7E3D8,90.27,-0.54,5.84,hex
RAL 840-2,,#D7D5CC,85.20,-0.90,4.68,hex
RAL 840-3,,#B8B4A8,73.32,-0.72,6.62,hex
RAL 840-4,,#808077,53.34,-1.73,4.88,hex
RAL 840-5,,#5A5D54,38.97,-3.04,4.76,hex
RAL 840-6,,#474135,27.78,0.25,8.26,hex
RAL 840-M,,#494440,29.21,1.29,3.18,hex
RAL 850-1,,#C3C2B9,78.28,-1.27,4.64,hex
RAL 850-2,,#B1B1AA,72.02,-1.29,3.58,hex
RAL 850-3,,#A6A6A0,67.96,-1.12,3.10,hex
RAL 850-4,,#918D85,58.75,-0.01,4.79,hex
RAL 850-5,,#6B6760,43.76,0.20,4.51,hex
RAL 850-6,,#4C4B46,31.83,-0.64,3.12,hex
RAL 850-M,,#625E59,40.12,0.60,3.43,hex
RAL 860-1,,#D8DADB,86.93,-0.49,-0.73,hex
RAL 860-2,,#CFD2D5,84.05,-0.47,-1.84,hex
RAL 860-3,,#C1C2C4,78.41,0.03,-1.12,hex
RAL 860-4,,#9A9A9B,63.63,0.19,-0.52,hex
RAL 860-5,,#7A7A79,51.19,-0.20,0.55,hex
RAL 860-6,,#5B5F5F,39.97,-1.57,-0.54,hex
RAL 860-M,,#A4A09F,66.17,1.26,1.03,hex
RAL 870-1,,#D3D0D0,83.71,1.03,0.36,hex
RAL 870-2,,#969392,61.16,0.91,0.92,hex
RAL 870-3,,#636164,41.41,1.41,-1.42,hex
RAL 870-4,,#514D4E,33.15,1.86,-0.00,hex
RAL 870-5,,#4A4747,30.44,1.25,0.45,hex
RAL 870-6,,#3D3737,23.67,2.63,0.95,hex
RAL 870-M,,#4D4747,30.73,2.51,0.91,hex
RAL 9001,Cream,#E9E0D2,89.53,0.70,7.94,hex
RAL 9002,Grey white,#D6D5CB,85.10,-1.42,5.06,hex
RAL 9003,Signal white,#ECECE7,93.27,-0.88,2.42,hex
RAL 9004,Signal black,#2B2B2C,17.57,0.24,-0.65,hex
RAL 9005,Jet black,#0E0E10,4.02,0.36,-0.99,hex
RAL 9006,White aluminium,#A1A1A0,66.22,-0.19,0.52,hex
RAL 9007,Grey aluminium,#868581,55.51,-0.40,2.28,hex
RAL 9010,Pure white,#F1EDE1,93.76,-0.71,6.28,hex
RAL 9011,Graphite black,#27292B,16.46,-0.39,-1.62,hex
RAL 9012,Cleanroom white,#F8F2E1,95.54,-0.84,8.91,hex
RAL 9016,Traffic white,#F1F1EA,94.97,-1.22,3.37,hex
RAL 9017,Traffic black,#29292A,16.62,0.24,-0.65,hex
RAL 9018,Papyrus white,#C8CBC4,81.28,-2.30,3.12,hex
RAL 9022,Pearl light grey,#858583,55.48,-0.39,1.08,hex
RAL 9023,Pearl dark grey,#787B7A,51.34,-1.33,0.15,hex
PANTONE 100C,,#F3ED86,92.29,-11.90,50.37,hex
PANTONE 100U,,#FEF380,94.62,-11.08,56.24,hex
PANTONE 101C,,#F5EC62,91.81,-13.49,66.14,hex
PANTONE 101U,,#FFF166,93.94,-11.64,67.01,hex
PANTONE 102C,,#FAE600,90.29,-11.54,89.32,hex
PANTONE 102U,,#FFEC2D,92.33,-11.75,84.82,hex
PANTONE 103C,,#CAAD00,71.18,-3.26,73.68,hex
PANTONE 103U,,#B49F29,65.48,-4.76,59.91,hex
PANTONE 104C,,#AC9600,62.16,-4.50,65.95,hex
PANTONE 104U,,#9B8D39,58.33,-5.34,45.47,hex
PANTONE 105C,,#817214,47.95,-4.25,49.22,hex
PANTONE 105U,,#7D7547,48.93,-4.05,26.46,hex
PANTONE 106C,,#F6E761,90.60,-10.68,65.26,hex
PANTONE 106U,,#FFEB68,92.43,-8.55,64.50,hex
PANTONE 107C,,#FAE22F,89.36,-8.84,81.64,hex
PANTONE 107U,,#FFE552,90.74,-6.87,71.70,hex
PANTONE 108C,,#FEDB00,87.84,-4.37,87.73,hex
PANTONE 108U,,#FFDD35,88.56,-4.06,79.49,hex
PANTONE 109C,,#FFD100,85.44,1.12,86.08,hex
PANTONE 109U,,#FFC700,82.97,6.25,84.37,hex
PANTONE 110C,,#DBAE00,73.11,3.72,75.82,hex
PANTONE 110U,,#CC9F26,67.86,5.77,63.92,hex
PANTONE 111C,,#AF8F00,60.57,0.67,64.97,hex
PANTONE 111U,,#9C873B,56.79,-1.45,42.85,hex
PANTONE 112C,,#998000,54.25,-1.22,59.47,hex
PANTONE 112U,,#8A7A3E,51.46,-2.01,34.74,hex
PANTONE 113C,,#FAE15A,89.35,-6.48,66.94,hex
PANTONE 113U,,#FFE15E,89.82,-4.20,65.91,hex
PANTONE 114C,,#FAE051,89.03,-6.48,70.21,hex
PANTONE 114U,,#FFD94A,87.67,-1.22,71.66,hex
PANTONE 115C,,#FBDE4A,88.57,-5.41,72.43,hex
PANTONE 115U,,#FFCE2E,84.79,3.35,78.20,hex
PANTONE 116C,,#FFCE00,84.69,2.66,85.56,hex
PANTONE 116U,,#FFB511,78.67,15.73,79.54,hex
PANTONE 117C,,#CE9D00,67.46,7.04,71.27,hex
PANTONE 117U,,#B78C30,60.82,7.20,52.90,hex
PANTONE 118C,,#B38A00,59.67,5.24,64.54,hex
PANTONE 118U,,#9E8139,55.35,2.65,42.26,hex
PANTONE 119C,,#8A761A,50.02,-2.05,49.44,hex
PANTONE 119U,,#847748,50.18,-1.98,27.62,hex
PANTONE 1205C,,#F3E2A7,89.97,-2.81,31.00,hex
PANTONE 1205U,,#FFE495,91.20,-1.24,41.89,hex
PANTONE 120C,,#F9DF79,89.06,-3.69,52.77,hex
PANTONE 120U,,#FFD96A,87.93,0.63,58.55,hex
PANTONE 1215C,,#F5DD92,88.54,-1.90,39.81,hex
PANTONE 1215U,,#FFDA7E,88.41,1.68,49.70,hex
PANTONE 121C,,#FBDB6E,88.11,-1.72,56.83,hex
PANTONE 121U,,#FFCC52,84.51,5.81,65.29,hex
PANTONE 1225C,,#FDC745,83.00,6.93,68.88,hex
PANTONE 1225U,,#FFBB4F,80.39,14.47,62.24,hex
PANTONE 122C,,#FDD44F,86.27,0.73,68.27,hex
PANTONE 122U,,#FFC03F,81.47,11.14,69.72,hex
PANTONE 1235C,,#FFB300,78.17,16.63,81.09,hex
PANTONE 1235U,,#FFAE3B,77.19,20.37,67.15,hex
PANTONE 123C,,#FFC726,83.05,6.75,78.82,hex
PANTONE 123U,,#FFAC2A,76.64,20.88,72.44,hex
PANTONE 1245C,,#C69200,63.81,9.43,68.36,hex
PANTONE 1245U,,#BB8B41,61.15,10.47,45.69,hex
PANTONE 124C,,#EBAB00,74.06,12.27,77.26,hex
PANTONE 124U,,#D79133,65.70,18.59,57.68,hex
PANTONE 1255C,,#AA800E,56.11,6.88,59.15,hex
PANTONE 1255U,,#A08246,55.97,3.99,36.45,hex
PANTONE 125C,,#BB8900,60.30,9.42,65.39,hex
PANTONE 125U,,#A6813D,56.23,6.51,41.52,hex
PANTONE 1265C,,#836514,44.50,4.18,46.31,hex
PANTONE 1265U,,#887549,50.02,1.04,26.95,hex
PANTONE 126C,,#A17C00,54.02,4.75,59.71,hex
PANTONE 126U,,#8E7742,51.08,1.85,32.24,hex
PANTONE 127C,,#EFDF85,88.36,-6.58,45.93,hex
PANTONE 127U,,#FCE385,90.47,-3.46,48.79,hex
PANTONE 128C,,#F2D65E,85.90,-3.98,61.30,hex
PANTONE 128U,,#FCCF61,85.09,3.91,59.34,hex
PANTONE 129C,,#F1CD44,83.33,-1.25,69.19,hex
PANTONE 129U,,#FAAF3F,76.89,17.92,65.12,hex
PANTONE 130C,,#F1AB00,74.72,14.85,78.03,hex
PANTONE 130U,,#F79B2E,71.84,26.56,66.64,hex
PANTONE 131C,,#D49100,65.16,16.17,70.04,hex
PANTONE 131U,,#BA8032,58.14,15.27,49.45,hex
PANTONE 132C,,#A67A00,54.06,8.19,60.00,hex
PANTONE 132U,,#977A3C,52.76,3.67,37.63,hex
PANTONE 133C,,#715913,39.08,2.52,41.08,hex
PANTONE 133U,,#7C7047,47.40,-1.63,24.48,hex
PANTONE 1345C,,#FBCF8D,85.53,7.13,38.56,hex
PANTONE 1345U,,#FFD591,87.43,6.01,39.06,hex
PANTONE 134C,,#F8D583,86.60,1.89,44.88,hex
PANTONE 134U,,#FFD378,86.61,4.76,50.42,hex
PANTONE 1355C,,#FDC87D,83.80,10.06,44.47,hex
PANTONE 1355U,,#FFC87E,84.01,10.94,44.27,hex
PANTONE 135C,,#FEC85A,83.51,7.91,60.76,hex
PANTONE 135U,,#FFC267,82.29,12.27,53.44,hex
PANTONE 1365C,,#FFB754,79.48,16.82,59.08,hex
PANTONE 1365U,,#FFAD5B,77.23,22.45,53.34,hex
PANTONE 136C,,#FFBC3A,80.48,13.03,70.59,hex
PANTONE 136U,,#FFAD4A,77.07,21.53,60.93,hex
PANTONE 1375C,,#FF9A00,72.48,29.65,77.36,hex
PANTONE 1375U,,#FF9940,72.51,31.49,60.59,hex
PANTONE 137C,,#FF9F00,73.59,27.06,78.07,hex
PANTONE 137U,,#FF9F37,73.76,28.05,65.45,hex
PANTONE 1385C,,#D67500,59.00,32.01,66.20,hex
PANTONE 1385U,,#CD7E3E,60.12,25.14,46.62,hex
PANTONE 138C,,#E47F00,63.08,32.56,69.69,hex
PANTONE 138U,,#D37C32,60.34,28.15,52.68,hex
PANTONE 1395C,,#9E6209,47.01,18.28,52.74,hex
PANTONE 1395U,,#946E43,49.32,9.79,29.68,hex
PANTONE 139C,,#B67100,53.77,20.48,60.75,hex
PANTONE 139U,,#9D6F3C,50.53,12.63,35.20,hex
PANTONE 1405C,,#6C4713,33.44,10.98,35.65,hex
PANTONE 1405U,,#796648,44.28,2.99,19.78,hex
PANTONE 140C,,#7A560F,39.29,8.55,43.10,hex
PANTONE 140U,,#7F6A45,45.98,2.95,23.85,hex
PANTONE 141C,,#EFC868,82.20,2.66,52.47,hex
PANTONE 141U,,#F9C16E,81.52,10.85,49.01,hex
PANTONE 142C,,#F1BB46,78.86,8.16,63.96,hex
PANTONE 142U,,#F8B05D,77.16,18.14,52.11,hex
PANTONE 143C,,#EFAA23,74.33,15.00,71.78,hex
PANTONE 143U,,#F6A04D,73.07,24.80,55.03,hex
PANTONE 144C,,#ED8000,64.52,35.71,71.20,hex
PANTONE 144U,,#F38B3C,67.91,33.74,57.22,hex
PANTONE 145C,,#CF7600,58.25,28.56,65.25,hex
PANTONE 145U,,#C97F3A,59.80,22.70,48.06,hex
PANTONE 146C,,#9F6000,46.63,19.72,54.65,hex
PANTONE 146U,,#9D7441,51.88,10.17,34.13,hex
PANTONE 147C,,#715821,38.90,3.85,34.74,hex
PANTONE 147U,,#76694A,44.87,0.16,19.33,hex
PANTONE 1485C,,#FFB57B,79.47,20.60,40.10,hex
PANTONE 1485U,,#FFA563,75.50,27.14,47.43,hex
PANTONE 148C,,#FBD09D,86.04,8.32,31.00,hex
PANTONE 148U,,#FFC688,83.67,12.89,38.79,hex
PANTONE 1495C,,#FF963B,71.82,32.85,62.02,hex
PANTONE 1495U,,#FF9351,71.37,35.37,51.58,hex
PANTONE 149C,,#FEC688,83.57,12.50,38.64,hex
PANTONE 149U,,#FFB575,79.38,20.10,43.06,hex
PANTONE 1505C,,#FF7200,64.40,49.55,72.48,hex
PANTONE 1505U,,#FF8038,67.27,43.84,58.89,hex
PANTONE 150C,,#FFA94F,76.20,23.87,57.79,hex
PANTONE 150U,,#FF9955,72.70,32.51,51.11,hex
PANTONE 151C,,#FF7300,64.59,49.09,72.58,hex
PANTONE 151U,,#FF883E,68.91,40.08,57.86,hex
PANTONE 1525C,,#CA4E00,49.51,46.67,59.74,hex
PANTONE 1525U,,#BD6439,52.10,32.23,39.68,hex
PANTONE 152C,,#E76F00,60.22,41.90,68.18,hex
PANTONE 152U,,#E07A3F,61.77,35.08,48.65,hex
PANTONE 1535C,,#933F00,37.41,32.66,48.12,hex
PANTONE 1535U,,#976241,46.58,17.86,27.47,hex
PANTONE 153C,,#C06600,52.63,30.78,60.72,hex
PANTONE 153U,,#AC6F42,52.44,19.64,34.69,hex
PANTONE 1545C,,#51260B,20.67,17.95,25.52,hex
PANTONE 1545U,,#7A5F48,42.45,7.58,17.36,hex
PANTONE 154C,,#995409,42.97,23.96,49.50,hex
PANTONE 154U,,#926844,47.53,12.47,26.84,hex
PANTONE 1555C,,#FFBFA0,82.41,19.06,24.61,hex
PANTONE 1555U,,#FFC29E,83.08,17.26,26.58,hex
PANTONE 155C,,#ECD6AF,86.52,1.73,22.07,hex
PANTONE 155U,,#F7C995,83.82,9.51,32.14,hex
PANTONE 1565C,,#FFA97D,76.75,27.05,35.60,hex
PANTONE 1565U,,#FFAA81,77.04,26.88,33.86,hex
PANTONE 156C,,#EFC18A,80.92,9.37,33.89,hex
PANTONE 156U,,#F7B984,79.69,16.14,35.56,hex
PANTONE 1575C,,#FF8642,68.54,41.25,55.67,hex
PANTONE 1575U,,#FF9665,72.24,35.04,42.50,hex
PANTONE 157C,,#ED9B4F,70.88,23.85,51.38,hex
PANTONE 157U,,#F39662,70.70,30.12,41.84,hex
PANTONE 1585C,,#FF6900,62.82,53.67,71.60,hex
PANTONE 1585U,,#FF8450,68.28,42.89,48.60,hex
PANTONE 158C,,#E96B10,59.78,44.77,65.18,hex
PANTONE 158U,,#EE7F4B,64.86,38.62,46.63,hex
PANTONE 1595C,,#DA5C05,54.63,46.16,62.92,hex
PANTONE 1595U,,#D37046,57.93,35.48,40.30,hex
PANTONE 159C,,#CD5806,51.81,43.17,59.94,hex
PANTONE 159U,,#C97146,56.76,30.94,38.59,hex
PANTONE 1605C,,#A24A13,42.20,33.43,46.42,hex
PANTONE 1605U,,#A76C4C,51.23,20.02,27.51,hex
PANTONE 160C,,#A24E12,43.03,31.29,47.45,hex
PANTONE 160U,,#9D6B47,49.67,15.84,28.10,hex
PANTONE 1615C,,#853C10,34.51,28.73,39.31,hex
PANTONE 1615U,,#93654A,46.98,15.25,22.70,hex
PANTONE 161C,,#613517,27.16,16.94,26.79,hex
PANTONE 161U,,#786249,43.08,5.04,17.57,hex
PANTONE 1625C,,#FFA28B,75.43,31.99,26.39,hex
PANTONE 1625U,,#FFA891,76.87,29.47,25.09,hex
PANTONE 162C,,#FDC3AA,83.35,17.39,20.56,hex
PANTONE 162U,,#FFBB9B,81.39,20.59,25.86,hex
PANTONE 1635C,,#FF8E70,70.72,39.92,34.79,hex
PANTONE 1635U,,#FF967E,72.62,36.99,29.68,hex
PANTONE 163C,,#FF9C71,73.70,32.82,38.03,hex
PANTONE 163U,,#FF9C76,73.77,33.22,35.48,hex
PANTONE 1645C,,#FF6C3B,63.60,53.41,53.90,hex
PANTONE 1645U,,#FF7F61,67.51,46.33,38.83,hex
PANTONE 164C,,#FF7E43,66.97,45.24,53.56,hex
PANTONE 164U,,#FF865F,68.85,42.75,41.54,hex
PANTONE 1655C,,#FF5200,59.25,63.19,69.75,hex
PANTONE 1655U,,#FF6F4C,64.29,52.75,46.15,hex
PANTONE 165C,,#FF5F00,61.18,58.01,70.73,hex
PANTONE 165U,,#FF7548,65.32,49.77,49.34,hex
PANTONE 1665C,,#E54800,53.27,58.54,64.25,hex
PANTONE 1665U,,#E56849,59.02,46.51,40.64,hex
PANTONE 166C,,#E55300,54.92,54.10,65.08,hex
PANTONE 166U,,#E16740,58.12,45.06,44.21,hex
PANTONE 1675C,,#A83C0F,40.56,42.54,47.05,hex
PANTONE 1675U,,#AB614A,49.14,27.66,26.09,hex
PANTONE 167C,,#C2510F,48.75,42.45,54.96,hex
PANTONE 167U,,#B46547,51.23,28.92,30.70,hex
PANTONE 1685C,,#863514,33.28,32.96,36.49,hex
PANTONE 1685U,,#95614D,46.28,18.74,20.07,hex
PANTONE 168C,,#6F3014,28.23,26.05,30.27,hex
PANTONE 168U,,#8A614B,44.89,13.78,19.16,hex
PANTONE 169C,,#FFB6B1,80.68,25.83,13.12,hex
PANTONE 169U,,#FFB7AE,80.84,24.93,14.97,hex
PANTONE 170C,,#FF897B,69.89,43.32,27.71,hex
PANTONE 170U,,#FF8D7E,70.75,41.56,27.20,hex
PANTONE 171C,,#FF6141,61.82,58.46,49.10,hex
PANTONE 171U,,#FF7865,66.24,49.96,35.09,hex
PANTONE 172C,,#FD4703,57.47,66.53,68.08,hex
PANTONE 172U,,#FF674D,62.93,56.39,44.07,hex
PANTONE 173C,,#D84519,50.61,55.69,54.69,hex
PANTONE 173U,,#CE614A,54.21,41.44,33.52,hex
PANTONE 174C,,#9A3416,36.72,41.16,39.98,hex
PANTONE 174U,,#9C5B4B,45.72,24.91,20.68,hex
PANTONE 175C,,#703222,29.01,26.13,23.02,hex
PANTONE 175U,,#7D594D,41.28,13.13,12.82,hex
PANTONE 1765C,,#FE9DB0,75.03,38.38,5.59,hex
PANTONE 1765U,,#FFA7B6,77.45,34.32,5.80,hex
PANTONE 1767C,,#FAAFC2,78.97,30.00,1.41,hex
PANTONE 1767U,,#FFBAC9,82.16,27.00,2.33,hex
PANTONE 176C,,#FFACB9,78.62,32.11,5.86,hex
PANTONE 176U,,#FFB1BA,79.76,29.63,6.95,hex
PANTONE 1775C,,#FF859A,69.73,48.28,10.25,hex
PANTONE 1775U,,#FF8B9A,70.91,45.30,11.92,hex
PANTONE 1777C,,#FB6581,62.85,59.41,14.67,hex
PANTONE 1777U,,#FF8091,68.57,49.78,13.65,hex
PANTONE 177C,,#FF818C,68.65,48.81,16.57,hex
PANTONE 177U,,#FF8C91,70.92,43.86,16.93,hex
PANTONE 1785C,,#F9455B,57.23,68.46,29.10,hex
PANTONE 1785U,,#FE6672,63.17,58.74,23.79,hex
PANTONE 1787C,,#F9425F,56.95,69.66,26.40,hex
PANTONE 1787U,,#FC6371,62.35,59.31,23.21,hex
PANTONE 1788C,,#F02233,51.74,73.46,45.07,hex
PANTONE 1788U,,#F95D62,60.65,59.84,29.46,hex
PANTONE 178C,,#FF5B60,61.30,62.46,31.63,hex
PANTONE 178U,,#FF7677,66.18,52.22,25.00,hex
PANTONE 1795C,,#D81F2A,46.65,67.47,43.28,hex
PANTONE 1795U,,#DA5959,54.84,50.60,26.14,hex
PANTONE 1797C,,#D02433,45.52,64.51,36.53,hex
PANTONE 1797U,,#CB4F53,50.59,49.54,23.66,hex
PANTONE 179C,,#E23828,50.87,63.78,49.04,hex
PANTONE 179U,,#E15F55,56.93,50.02,31.34,hex
PANTONE 1805C,,#B0232A,38.90,55.32,32.68,hex
PANTONE 1805U,,#B45858,48.75,37.27,17.59,hex
PANTONE 1807C,,#A12830,36.58,49.41,25.57,hex
PANTONE 1807U,,#A75154,45.28,35.62,14.96,hex
PANTONE 180C,,#C0362C,44.28,54.07,38.27,hex
PANTONE 180U,,#BF6059,52.02,37.39,21.68,hex
PANTONE 1815C,,#7C211E,28.03,38.89,24.92,hex
PANTONE 1815U,,#8F5652,42.92,23.13,12.39,hex
PANTONE 1817C,,#5E2728,23.62,25.22,11.66,hex
PANTONE 1817U,,#795453,39.63,15.27,6.76,hex
PANTONE 181C,,#792720,28.44,35.28,23.99,hex
PANTONE 181U,,#8B5952,43.13,19.73,12.60,hex
PANTONE 182C,,#F8B8CB,81.04,25.87,-0.46,hex
PANTONE 182U,,#FFB8CA,81.73,28.20,1.17,hex
PANTONE 183C,,#FC8DA9,71.29,44.97,4.04,hex
PANTONE 183U,,#FF8DA3,71.53,45.31,7.77,hex
PANTONE 184C,,#F85D7E,61.04,61.60,13.81,hex
PANTONE 184U,,#FC6E83,64.56,55.92,15.92,hex
PANTONE 185C,,#EA0437,49.33,75.67,39.90,hex
PANTONE 185U,,#F15060,57.36,62.40,26.08,hex
PANTONE 186C,,#D21034,44.70,68.63,35.14,hex
PANTONE 186U,,#D2515E,52.28,51.84,19.60,hex
PANTONE 187C,,#B31B34,38.93,58.65,26.78,hex
PANTONE 187U,,#AE535C,46.92,38.00,12.54,hex
PANTONE 188C,,#7C2230,28.50,39.59,13.80,hex
PANTONE 188U,,#895559,42.06,22.15,6.78,hex
PANTONE 1895C,,#F3BCD4,81.72,23.42,-4.38,hex
PANTONE 1895U,,#FEB3CD,80.58,30.91,-2.14,hex
PANTONE 189C,,#F8A1BE,75.56,36.07,-1.42,hex
PANTONE 189U,,#FFABC2,78.63,33.86,0.97,hex
PANTONE 1905C,,#F59BBD,73.89,38.01,-3.36,hex
PANTONE 1905U,,#FD9CBA,74.96,39.85,-0.03,hex
PANTONE 190C,,#F8779E,66.23,53.13,2.84,hex
PANTONE 190U,,#FE87A3,70.21,47.95,5.87,hex
PANTONE 1915C,,#F2558A,59.17,64.11,4.03,hex
PANTONE 1915U,,#F66F92,64.20,54.93,6.71,hex
PANTONE 191C,,#F23F72,55.74,69.91,13.32,hex
PANTONE 191U,,#F87089,64.45,54.22,12.25,hex
PANTONE 1925C,,#E40050,48.36,75.59,23.45,hex
PANTONE 1925U,,#E9506E,56.28,60.92,16.19,hex
PANTONE 192C,,#E90649,49.42,75.96,29.28,hex
PANTONE 192U,,#EE536B,57.49,61.05,19.75,hex
PANTONE 1935C,,#CB0447,43.13,68.94,21.23,hex
PANTONE 1935U,,#C94C63,50.09,51.47,13.36,hex
PANTONE 193C,,#C30C3E,41.56,65.76,24.52,hex
PANTONE 193U,,#C55265,50.51,47.57,12.65,hex
PANTONE 1945C,,#AA113F,36.57,58.80,16.41,hex
PANTONE 1945U,,#B05468,47.72,39.51,6.45,hex
PANTONE 194C,,#9C1E3D,34.67,51.90,14.65,hex
PANTONE 194U,,#A35965,46.81,31.68,6.71,hex
PANTONE 1955C,,#93173B,32.11,51.10,12.19,hex
PANTONE 1955U,,#975361,43.70,29.89,4.47,hex
PANTONE 195C,,#782F40,30.39,33.59,5.73,hex
PANTONE 195U,,#885A61,43.38,19.96,3.75,hex
PANTONE 196C,,#EBC6D3,83.31,15.16,-1.58,hex
PANTONE 196U,,#F4C3CB,83.22,18.65,2.66,hex
PANTONE 197C,,#EB9BB2,72.44,32.94,0.46,hex
PANTONE 197U,,#F2A1B2,74.56,32.28,3.64,hex
PANTONE 198C,,#E44D6F,55.03,60.65,13.74,hex
PANTONE 198U,,#E76B7C,60.75,49.58,14.17,hex
PANTONE 199C,,#DB0C41,46.59,71.78,30.00,hex
PANTONE 199U,,#DD5061,54.00,56.13,20.44,hex
PANTONE 200C,,#C10435,40.71,65.69,29.00,hex
PANTONE 200U,,#BD4F5C,48.49,45.40,15.08,hex
PANTONE 201C,,#9E1B34,34.61,52.75,20.46,hex
PANTONE 201U,,#A15760,45.96,31.40,8.50,hex
PANTONE 202C,,#892034,30.88,44.90,14.79,hex
PANTONE 202U,,#90585E,43.83,23.91,6.36,hex
PANTONE 203C,,#EBADCD,77.26,27.48,-7.27,hex
PANTONE 203U,,#F5B1CC,79.17,28.67,-3.79,hex
PANTONE 204C,,#E87BAC,65.20,47.63,-6.87,hex
PANTONE 204U,,#EE82A4,67.15,45.09,0.61,hex
PANTONE 205C,,#E34585,54.33,65.34,-0.36,hex
PANTONE 205U,,#E56284,59.03,53.90,7.07,hex
PANTONE 206C,,#D7004D,45.62,72.43,21.21,hex
PANTONE 206U,,#D84465,51.47,59.67,14.47,hex
PANTONE 207C,,#B10042,37.38,62.87,15.81,hex
PANTONE 207U,,#AF4C64,45.91,42.73,6.28,hex
PANTONE 208C,,#902147,32.86,48.21,5.25,hex
PANTONE 208U,,#905567,43.37,26.90,0.20,hex
PANTONE 209C,,#752641,28.25,37.03,1.92,hex
PANTONE 209U,,#825864,42.23,19.21,0.16,hex
PANTONE 210C,,#FA9FCC,75.75,39.83,-8.78,hex
PANTONE 210U,,#FFA2CB,76.93,39.82,-6.42,hex
PANTONE 211C,,#F97DB8,68.22,53.77,-8.91,hex
PANTONE 211U,,#FC85B6,70.07,50.59,-5.00,hex
PANTONE 212C,,#F34E9A,58.83,68.67,-5.80,hex
PANTONE 212U,,#F56D9E,64.02,56.83,-0.44,hex
PANTONE 213C,,#E61577,50.33,76.64,2.31,hex
PANTONE 213U,,#E95485,57.43,61.33,4.26,hex
PANTONE 214C,,#D00063,44.68,72.19,5.95,hex
PANTONE 214U,,#D1517A,52.78,54.06,3.58,hex
PANTONE 215C,,#AA1054,37.04,60.44,3.48,hex
PANTONE 215U,,#AE5171,47.08,41.40,0.03,hex
PANTONE 216C,,#7A1D42,27.87,42.51,0.83,hex
PANTONE 216U,,#8A5566,42.55,24.43,-0.47,hex
PANTONE 217C,,#ECBBDD,81.07,23.05,-10.25,hex
PANTONE 217U,,#F4C1E1,83.34,23.26,-8.93,hex
PANTONE 218C,,#E86FB8,63.33,55.15,-16.49,hex
PANTONE 218U,,#EF84B9,68.29,47.22,-9.52,hex
PANTONE 219C,,#E0218A,50.42,75.04,-9.20,hex
PANTONE 219U,,#E45C96,58.37,58.23,-4.41,hex
PANTONE 220C,,#AE0055,37.22,63.45,3.21,hex
PANTONE 220U,,#B04C75,46.56,45.06,-3.12,hex
PANTONE 221C,,#96004B,31.79,57.10,1.24,hex
PANTONE 221U,,#9E4C6E,43.60,37.99,-3.52,hex
PANTONE 222C,,#6C193F,24.46,39.39,-2.47,hex
PANTONE 222U,,#82566B,41.94,21.57,-4.55,hex
PANTONE 223C,,#F293D1,72.46,44.15,-16.56,hex
PANTONE 223U,,#F9A4D8,77.07,38.75,-13.38,hex
PANTONE 224C,,#EF6ABF,63.69,60.54,-19.82,hex
PANTONE 224U,,#F587C7,70.08,49.68,-14.57,hex
PANTONE 225C,,#E5239D,52.17,77.70,-17.82,hex
PANTONE 225U,,#EA60A7,60.47,60.33,-11.04,hex
PANTONE 226C,,#D60077,46.49,75.06,-3.69,hex
PANTONE 226U,,#DC4588,53.23,63.67,-3.91,hex
PANTONE 227C,,#AE005F,37.53,64.27,-2.77,hex
PANTONE 227U,,#AF4879,45.81,47.15,-6.68,hex
PANTONE 228C,,#8A0753,29.87,53.97,-7.19,hex
PANTONE 228U,,#8D4D6D,41.34,31.21,-6.53,hex
PANTONE 229C,,#6A1D44,24.83,37.77,-5.36,hex
PANTONE 229U,,#7A5466,40.31,18.77,-4.00,hex
PANTONE 230C,,#F7A7DB,77.60,37.00,-14.25,hex
PANTONE 230U,,#FEB2E0,80.90,34.38,-11.92,hex
PANTONE 231C,,#F575C9,66.79,58.69,-20.67,hex
PANTONE 231U,,#F984CA,70.11,52.87,-16.14,hex
PANTONE 232C,,#EF40B0,57.23,74.83,-21.09,hex
PANTONE 232U,,#F16AB7,63.70,60.04,-15.24,hex
PANTONE 233C,,#C90081,44.24,73.23,-13.48,hex
PANTONE 233U,,#C84687,49.99,57.43,-8.48,hex
PANTONE 234C,,#A6006B,36.31,63.66,-12.43,hex
PANTONE 234U,,#AA4C7D,45.90,44.14,-9.06,hex
PANTONE 235C,,#890857,29.87,54.00,-9.84,hex
PANTONE 235U,,#914E72,42.28,32.89,-8.14,hex
PANTONE 2364C,Violet,#66596C,39.67,9.19,-8.90,std
PANTONE 2365C,,#EFC3E4,83.43,21.03,-10.45,hex
PANTONE 2365U,,#F8BFE7,83.44,26.69,-11.96,hex
PANTONE 236C,,#F2B0DF,79.19,31.26,-14.08,hex
PANTONE 236U,,#F8A6DE,77.58,38.34,-15.89,hex
PANTONE 2375C,,#E270CD,63.48,56.07,-28.21,hex
PANTONE 2375U,,#EA88D2,69.30,47.40,-22.00,hex
PANTONE 237C,,#EE86D3,69.42,49.82,-22.32,hex
PANTONE 237U,,#F28DD2,71.27,47.38,-18.91,hex
PANTONE 2385C,,#D733B4,51.97,73.59,-31.88,hex
PANTONE 2385U,,#E06FC2,62.60,54.22,-23.37,hex
PANTONE 238C,,#E653BC,58.64,67.39,-25.96,hex
PANTONE 238U,,#E971C0,64.12,55.66,-19.82,hex
PANTONE 2395C,,#C40098,44.24,74.74,-27.57,hex
PANTONE 2395U,,#D557AF,56.15,59.24,-22.52,hex
PANTONE 239C,,#E032AF,53.20,75.24,-26.93,hex
PANTONE 239U,,#DB55AA,56.55,61.11,-18.93,hex
PANTONE 2405C,,#A70084,37.63,66.72,-26.08,hex
PANTONE 2405U,,#BB569D,51.45,49.36,-19.55,hex
PANTONE 240C,,#C41E99,45.59,71.06,-26.08,hex
PANTONE 240U,,#C15598,51.95,50.93,-15.74,hex
PANTONE 2415C,,#970076,33.75,61.82,-23.61,hex
PANTONE 2415U,,#AB5491,48.32,43.46,-17.42,hex
PANTONE 241C,,#AC0481,38.63,66.90,-22.59,hex
PANTONE 241U,,#AF548B,48.66,43.81,-13.26,hex
PANTONE 2425C,,#820063,28.51,55.16,-19.92,hex
PANTONE 2425U,,#975381,44.73,34.71,-13.51,hex
PANTONE 242C,,#7A1A57,28.29,46.05,-12.52,hex
PANTONE 242U,,#8D5977,44.43,26.04,-8.03,hex
PANTONE 243C,,#E8B7E5,80.00,25.26,-16.20,hex
PANTONE 243U,,#F1B2E6,79.76,31.07,-17.01,hex
PANTONE 244C,,#E6A2E0,74.85,34.92,-21.29,hex
PANTONE 244U,,#EB9ADE,73.58,40.41,-22.09,hex
PANTONE 245C,,#DF81D6,66.71,48.25,-28.31,hex
PANTONE 245U,,#E07FD0,66.20,48.55,-25.73,hex
PANTONE 246C,,#C70BAC,46.13,76.83,-36.54,hex
PANTONE 246U,,#CE57B3,55.27,57.87,-26.27,hex
PANTONE 247C,,#B3009D,41.25,72.21,-35.52,hex
PANTONE 247U,,#BD51A2,51.05,53.11,-23.07,hex
PANTONE 248C,,#9E0389,36.26,65.30,-31.46,hex
PANTONE 248U,,#A14F8C,45.72,42.01,-18.52,hex
PANTONE 249C,,#7B2266,30.19,45.57,-19.34,hex
PANTONE 249U,,#885779,43.41,25.72,-10.85,hex
PANTONE 250C,,#E3C0E6,81.70,18.97,-14.23,hex
PANTONE 250U,,#EEBAE9,81.39,26.36,-16.20,hex
PANTONE 251C,,#D99CE1,72.21,34.15,-26.00,hex
PANTONE 251U,,#E096DF,71.55,39.21,-25.84,hex
PANTONE 252C,,#CA65D1,58.48,55.27,-38.49,hex
PANTONE 252U,,#CE70CC,60.85,50.05,-31.94,hex
PANTONE 253C,,#A91BB0,41.78,69.57,-46.16,hex
PANTONE 253U,,#B456AE,51.17,50.10,-30.02,hex
PANTONE 254C,,#962399,37.82,60.00,-38.87,hex
PANTONE 254U,,#9E549A,46.90,40.92,-25.11,hex
PANTONE 255C,,#70266C,29.20,41.88,-24.90,hex
PANTONE 255U,,#83577D,42.95,24.67,-14.04,hex
PANTONE 2562C,,#CFA5E4,73.40,26.68,-25.89,hex
PANTONE 2562U,,#DDAEE9,77.00,27.25,-23.00,hex
PANTONE 2563C,,#C79DD8,70.33,26.09,-24.09,hex
PANTONE 2563U,,#CDA2D9,72.12,25.48,-21.86,hex
PANTONE 2567C,,#BB99DA,68.32,24.90,-28.36,hex
PANTONE 2567U,,#C09FDB,70.26,23.36,-25.90,hex
PANTONE 256C,,#D9BFE0,80.40,15.05,-13.04,hex
PANTONE 256U,,#D4B4DA,77.10,18.18,-14.79,hex
PANTONE 2572C,,#C084DC,64.06,38.46,-36.03,hex
PANTONE 2572U,,#CD90DE,68.17,36.30,-30.66,hex
PANTONE 2573C,,#B279C8,59.26,36.09,-32.39,hex
PANTONE 2573U,,#B989CB,63.77,30.02,-27.05,hex
PANTONE 2577C,,#A276CC,57.07,33.86,-38.20,hex
PANTONE 2577U,,#A47EC6,58.87,28.55,-31.97,hex
PANTONE 257C,,#CBA4D4,72.23,22.75,-18.96,hex
PANTONE 257U,,#C29BCB,68.91,22.96,-19.10,hex
PANTONE 2582C,,#A24CC8,48.29,55.23,-49.83,hex
PANTONE 2582U,,#BB76CF,59.91,41.88,-35.25,hex
PANTONE 2583C,,#9950B2,46.61,46.33,-39.78,hex
PANTONE 2583U,,#A372B5,55.23,31.33,-27.93,hex
PANTONE 2587C,,#8348B5,42.45,45.51,-48.33,hex
PANTONE 2587U,,#936DB7,52.46,29.67,-33.52,hex
PANTONE 258C,,#92499E,43.28,43.89,-33.27,hex
PANTONE 258U,,#A276AE,55.78,27.27,-23.07,hex
PANTONE 2592C,,#9016B2,37.33,66.64,-54.72,hex
PANTONE 2592U,,#AA60BF,52.59,45.40,-37.75,hex
PANTONE 2593C,,#7E2B97,34.80,51.56,-42.70,hex
PANTONE 2593U,,#8E5DA0,47.13,32.14,-28.47,hex
PANTONE 2597C,,#59058D,24.18,54.55,-54.04,hex
PANTONE 2597U,,#825AA4,45.27,31.09,-33.83,hex
PANTONE 259C,,#6C1B72,27.26,46.48,-31.85,hex
PANTONE 259U,,#94679C,49.97,27.49,-21.65,hex
PANTONE 2602C,,#7D0996,31.25,60.77,-47.82,hex
PANTONE 2602U,,#9757A6,47.17,39.53,-31.86,hex
PANTONE 2603C,,#68177F,26.99,49.54,-40.59,hex
PANTONE 2603U,,#845991,44.37,27.97,-23.92,hex
PANTONE 2607C,,#4F027C,20.68,50.32,-49.13,hex
PANTONE 2607U,,#7A5896,43.24,26.48,-28.75,hex
PANTONE 260C,,#5F1D5F,24.12,38.85,-24.65,hex
PANTONE 260U,,#8A658D,47.80,22.13,-16.21,hex
PANTONE 2612C,,#6A1A7A,27.32,47.93,-36.87,hex
PANTONE 2612U,,#86578D,43.96,28.95,-22.13,hex
PANTONE 2613C,,#611774,25.00,45.89,-36.86,hex
PANTONE 2613U,,#7D5787,42.65,24.63,-20.62,hex
PANTONE 2617C,,#4B0B71,19.75,45.00,-43.61,hex
PANTONE 2617U,,#735489,40.88,23.54,-24.66,hex
PANTONE 261C,,#591E55,22.68,34.79,-20.36,hex
PANTONE 261U,,#7F6282,45.44,17.70,-13.32,hex
PANTONE 2622C,,#572458,23.65,31.70,-20.87,hex
PANTONE 2622U,,#7B5B7A,42.91,18.78,-12.35,hex
PANTONE 2623C,,#581963,22.55,39.58,-29.85,hex
PANTONE 2623U,,#75557A,40.71,20.23,-15.76,hex
PANTONE 2627C,,#43125F,17.70,36.90,-35.20,hex
PANTONE 2627U,,#6E527C,39.25,20.03,-19.30,hex
PANTONE 262C,,#4F2248,21.11,26.96,-14.18,hex
PANTONE 262U,,#755E74,42.84,13.50,-8.88,hex
PANTONE 2635C,,#BFAFE4,74.41,16.14,-24.48,hex
PANTONE 2635U,,#C9B7E8,77.35,15.77,-22.09,hex
PANTONE 263C,,#D8CBEB,83.60,10.43,-14.14,hex
PANTONE 263U,,#DCC6EA,82.67,14.21,-14.97,hex
PANTONE 2645C,,#AA94DE,65.75,23.42,-34.68,hex
PANTONE 2645U,,#B9A3E3,70.91,20.69,-29.34,hex
PANTONE 264C,,#BCA8E6,72.50,19.51,-28.51,hex
PANTONE 264U,,#BFA1E3,70.95,23.65,-29.24,hex
PANTONE 2655C,,#9173D3,55.06,32.50,-45.45,hex
PANTONE 2655U,,#A288D9,61.91,26.69,-37.93,hex
PANTONE 265C,,#8D65D2,51.41,39.22,-50.71,hex
PANTONE 265U,,#9D7AD2,57.79,31.56,-40.50,hex
PANTONE 2665C,,#7A52C7,44.65,42.50,-55.34,hex
PANTONE 2665U,,#8C6FCA,53.18,31.15,-43.35,hex
PANTONE 266C,,#6732BA,35.42,52.09,-62.82,hex
PANTONE 266U,,#8A65C4,50.33,34.87,-44.44,hex
PANTONE 267C,,#4F1F91,25.82,46.13,-53.89,hex
PANTONE 267U,,#7F5DAE,46.17,30.91,-38.32,hex
PANTONE 2685C,,#3B0084,18.35,50.68,-58.16,hex
PANTONE 2685U,,#765BA7,44.41,27.73,-37.05,hex
PANTONE 268C,,#4A217E,23.84,39.20,-45.27,hex
PANTONE 268U,,#735990,42.47,22.19,-26.42,hex
PANTONE 2695C,,#381D59,17.65,27.02,-31.36,hex
PANTONE 2695U,,#6C5D80,42.12,13.52,-17.35,hex
PANTONE 269C,,#452663,22.13,27.84,-30.68,hex
PANTONE 269U,,#6E587F,40.94,17.05,-18.53,hex
PANTONE 2705C,,#A29FE0,67.92,15.31,-32.47,hex
PANTONE 2705U,,#BAB6E9,75.93,11.84,-24.90,hex
PANTONE 2706C,,#C4CBEA,82.05,3.82,-16.09,hex
PANTONE 2706U,,#CCD4F1,85.14,3.04,-15.12,hex
PANTONE 2707C,,#BDD0EE,82.97,-0.13,-16.89,hex
PANTONE 2707U,,#C7DBF4,86.67,-1.55,-14.44,hex
PANTONE 2708C,,#B1C5EA,79.17,1.20,-20.57,hex
PANTONE 2708U,,#B2C9EF,80.44,0.51,-21.31,hex
PANTONE 270C,,#ADACDC,71.93,10.40,-24.03,hex
PANTONE 270U,,#ADAEDE,72.51,9.75,-24.23,hex
PANTONE 2715C,,#8580D8,57.45,23.04,-44.56,hex
PANTONE 2715U,,#9F98DF,65.87,18.16,-35.11,hex
PANTONE 2716C,,#94A1E2,67.48,10.69,-34.32,hex
PANTONE 2716U,,#A2AFE9,72.38,8.57,-30.50,hex
PANTONE 2717C,,#A1BDEA,76.01,0.84,-25.47,hex
PANTONE 2717U,,#A9C8F4,79.77,-0.37,-25.06,hex
PANTONE 2718C,,#547ED9,53.83,13.44,-51.06,hex
PANTONE 2718U,,#6A87D8,57.41,12.24,-44.73,hex
PANTONE 271C,,#9490D2,62.42,16.28,-33.32,hex
PANTONE 271U,,#9A9BD4,65.80,12.26,-29.16,hex
PANTONE 2725C,,#5E53C7,42.29,35.96,-59.28,hex
PANTONE 2725U,,#8980D4,57.57,23.01,-42.10,hex
PANTONE 2726C,,#4555C7,41.03,30.30,-61.41,hex
PANTONE 2726U,,#717ACF,53.96,18.95,-45.10,hex
PANTONE 2727C,,#3878DB,51.14,13.51,-56.56,hex
PANTONE 2727U,,#6490E8,60.32,10.67,-49.08,hex
PANTONE 2728C,,#0047BE,34.44,30.19,-67.01,hex
PANTONE 2728U,,#5268C2,46.43,18.91,-49.77,hex
PANTONE 272C,,#7973C2,52.09,21.46,-40.61,hex
PANTONE 272U,,#8586C6,58.14,14.64,-33.32,hex
PANTONE 2735C,,#280092,18.04,53.06,-67.52,hex
PANTONE 2735U,,#6857B2,42.72,29.43,-46.29,hex
PANTONE 2736C,,#1E22AE,25.18,48.21,-72.76,hex
PANTONE 2736U,,#5E60BA,44.65,23.91,-47.94,hex
PANTONE 2738C,,#00129D,19.50,49.34,-71.92,hex
PANTONE 2738U,,#474DA4,36.61,23.74,-47.96,hex
PANTONE 273C,,#25177A,17.51,37.52,-53.26,hex
PANTONE 273U,,#645D9B,42.62,18.04,-32.87,hex
PANTONE 2745C,,#22007A,14.09,46.68,-58.95,hex
PANTONE 2745U,,#61559A,40.20,21.88,-36.11,hex
PANTONE 2746C,,#1A1C96,21.02,43.24,-65.05,hex
PANTONE 2746U,,#595CA5,41.99,18.65,-39.86,hex
PANTONE 2747C,,#00237E,18.83,28.92,-53.68,hex
PANTONE 2747U,,#424F90,35.52,14.55,-37.65,hex
PANTONE 2748C,,#001A7B,16.35,33.67,-55.89,hex
PANTONE 2748U,,#484F8C,35.72,14.69,-34.88,hex
PANTONE 274C,,#211265,13.80,32.87,-45.74,hex
PANTONE 274U,,#5F578B,39.77,15.81,-27.75,hex
PANTONE 2755C,,#1B0069,10.94,41.91,-53.15,hex
PANTONE 2755U,,#5D538B,38.51,17.71,-29.74,hex
PANTONE 2756C,,#151D71,16.65,29.15,-48.92,hex
PANTONE 2756U,,#585C8C,40.61,10.83,-27.09,hex
PANTONE 2757C,,#002065,15.34,20.51,-43.27,hex
PANTONE 2757U,,#454F7E,34.73,9.37,-27.86,hex
PANTONE 2758C,,#001D68,14.83,24.01,-46.08,hex
PANTONE 2758U,,#484D7A,34.17,10.27,-26.24,hex
PANTONE 275C,,#1D1157,11.62,28.18,-39.97,hex
PANTONE 275U,,#5D5683,38.94,13.61,-24.20,hex
PANTONE 2765C,,#1B0C55,10.20,30.07,-40.97,hex
PANTONE 2765U,,#574F77,35.89,12.82,-21.60,hex
PANTONE 2766C,,#151C55,13.51,18.77,-35.55,hex
PANTONE 2766U,,#575A7C,39.23,7.24,-19.51,hex
PANTONE 2767C,,#0B2345,13.84,4.96,-24.07,hex
PANTONE 2767U,,#4A4C64,33.02,5.15,-14.23,hex
PANTONE 2768C,,#071D49,11.99,10.86,-29.84,hex
PANTONE 2768U,,#4A4E6D,34.00,6.38,-18.38,hex
PANTONE 276C,,#241A44,12.80,17.03,-24.94,hex
PANTONE 276U,,#5C556F,37.70,8.69,-13.82,hex
PANTONE 277C,,#ABCAE9,80.06,-3.48,-18.73,hex
PANTONE 277U,,#ADCFF1,81.76,-3.67,-20.41,hex
PANTONE 278C,,#8CB4E8,72.26,-0.49,-30.26,hex
PANTONE 278U,,#8DBAEE,74.16,-1.91,-30.58,hex
PANTONE 279C,,#4189DD,56.32,5.06,-49.39,hex
PANTONE 279U,,#5B8EDB,58.68,5.85,-44.47,hex
PANTONE 280C,,#00267F,19.71,27.25,-52.87,hex
PANTONE 280U,,#3C4981,32.50,11.93,-33.28,hex
PANTONE 281C,,#002569,17.19,18.56,-42.86,hex
PANTONE 281U,,#3F4A75,32.34,8.05,-26.04,hex
PANTONE 282C,,#00204E,13.13,9.95,-31.45,hex
PANTONE 282U,,#434967,31.66,5.57,-18.26,hex
PANTONE 283C,,#93BFEB,75.74,-3.84,-26.51,hex
PANTONE 283U,,#9BC7EE,78.45,-5.21,-23.93,hex
PANTONE 284C,,#6CABE7,68.08,-3.47,-36.32,hex
PANTONE 284U,,#7AB1E8,70.46,-3.33,-33.12,hex
PANTONE 285C,,#0077D4,49.43,7.62,-55.39,hex
PANTONE 285U,,#4982CF,53.90,5.63,-45.32,hex
PANTONE 286C,,#0035AD,28.28,35.45,-67.06,hex
PANTONE 286U,,#3255A4,37.58,14.64,-46.46,hex
PANTONE 287C,,#003798,26.73,25.72,-56.89,hex
PANTONE 287U,,#3C5896,38.09,9.43,-37.21,hex
PANTONE 288C,,#003082,22.74,21.42,-49.79,hex
PANTONE 288U,,#3D5588,36.49,6.72,-31.26,hex
PANTONE 289C,,#00234C,13.96,6.66,-28.72,hex
PANTONE 289U,,#434F69,33.57,2.29,-16.58,hex
PANTONE 2905C,,#92C9EB,78.39,-9.43,-22.46,hex
PANTONE 2905U,,#8AC9ED,78.04,-10.96,-24.10,hex
PANTONE 290C,,#BED9ED,85.34,-4.77,-12.79,hex
PANTONE 290U,,#A7D4EE,82.63,-8.72,-17.53,hex
PANTONE 2915C,,#62B4E8,70.22,-10.15,-33.57,hex
PANTONE 2915U,,#64B3E8,70.02,-9.21,-33.88,hex
PANTONE 291C,,#A4CEEC,80.79,-6.90,-19.27,hex
PANTONE 291U,,#7FBEEB,74.40,-8.36,-28.65,hex
PANTONE 2925C,,#0092DD,57.82,-5.16,-47.07,hex
PANTONE 2925U,,#4097DB,60.19,-3.99,-42.16,hex
PANTONE 292C,,#6AB2E7,69.95,-7.74,-33.43,hex
PANTONE 292U,,#62A8E5,66.72,-4.48,-37.38,hex
PANTONE 2935C,,#005BC3,40.28,18.86,-60.40,hex
PANTONE 2935U,,#1B5FAA,40.11,7.55,-46.00,hex
PANTONE 293C,,#0047B6,33.74,27.00,-63.45,hex
PANTONE 293U,,#235BA8,39.01,10.18,-46.57,hex
PANTONE 2945C,,#0053A5,35.79,11.86,-50.00,hex
PANTONE 2945U,,#29588C,36.64,2.16,-33.53,hex
PANTONE 294C,,#003580,24.01,16.95,-46.45,hex
PANTONE 294U,,#385988,37.41,3.00,-29.83,hex
PANTONE 2955C,,#003B6F,24.56,5.14,-34.78,hex
PANTONE 2955U,,#395775,35.93,-1.95,-20.48,hex
PANTONE 295C,,#002D62,19.05,9.40,-35.25,hex
PANTONE 295U,,#375172,33.80,0.33,-21.93,hex
PANTONE 2965C,,#003151,19.18,-1.33,-23.75,hex
PANTONE 2965U,,#3D5265,33.91,-2.70,-13.58,hex
PANTONE 296C,,#002740,14.52,-2.06,-19.54,hex
PANTONE 296U,,#435060,33.51,-0.92,-11.01,hex
PANTONE 2975C,,#A5D9EC,83.80,-12.34,-14.73,hex
PANTONE 2975U,,#8BD5EE,81.43,-16.67,-19.50,hex
PANTONE 297C,,#78C7EB,76.58,-14.74,-25.34,hex
PANTONE 297U,,#7ECCEE,78.34,-15.15,-24.24,hex
PANTONE 2985C,,#40BDE8,71.76,-20.35,-31.27,hex
PANTONE 2985U,,#48B8E7,70.47,-16.99,-32.71,hex
PANTONE 298C,,#42B4E6,69.12,-16.02,-34.27,hex
PANTONE 298U,,#4CB4E7,69.43,-14.28,-34.31,hex
PANTONE 2995C,,#00A2E1,62.74,-12.72,-41.55,hex
PANTONE 2995U,,#0D9DDB,61.05,-11.76,-40.86,hex
PANTONE 299C,,#00A0E2,62.19,-11.25,-42.95,hex
PANTONE 299U,,#1295D8,58.58,-8.16,-43.07,hex
PANTONE 3005C,,#0076CC,48.65,5.08,-52.08,hex
PANTONE 3005U,,#0078BF,48.50,-1.28,-44.87,hex
PANTONE 300C,,#0067C6,43.91,12.21,-56.26,hex
PANTONE 300U,,#006EB6,44.98,1.32,-45.27,hex
PANTONE 3015C,,#0060A1,39.48,1.66,-41.70,hex
PANTONE 3015U,,#216A95,42.46,-6.83,-29.79,hex
PANTONE 301C,,#00529B,34.80,8.34,-45.60,hex
PANTONE 301U,,#28628E,39.81,-3.56,-29.74,hex
PANTONE 3025C,,#00496E,29.13,-4.78,-26.86,hex
PANTONE 3025U,,#37617A,39.18,-6.95,-18.53,hex
PANTONE 302C,Blue,#00436E,23.34,-3.29,-24.45,std
PANTONE 302U,,#375E77,38.11,-6.12,-18.35,hex
PANTONE 3035C,,#003A4F,22.27,-8.28,-17.56,hex
PANTONE 3035U,,#405866,36.04,-5.17,-10.96,hex
PANTONE 303C,,#00344D,20.01,-5.20,-19.76,hex
PANTONE 303U,,#3F5666,35.34,-4.26,-12.02,hex
PANTONE 304C,,#A2DBEB,84.14,-14.43,-13.70,hex
PANTONE 304U,,#8EDDED,83.74,-20.23,-15.46,hex
PANTONE 305C,,#53CAEB,76.11,-23.36,-26.17,hex
PANTONE 305U,,#53CAEC,76.15,-23.06,-26.65,hex
PANTONE 306C,,#00B5E6,68.57,-21.11,-35.18,hex
PANTONE 306U,,#00B4E4,68.20,-21.28,-34.67,hex
PANTONE 307C,,#0070B2,45.36,-1.52,-42.34,hex
PANTONE 307U,,#0074A2,45.77,-10.19,-32.33,hex
PANTONE 308C,,#005883,35.24,-5.58,-30.31,hex
PANTONE 308U,,#266782,40.77,-11.23,-21.00,hex
PANTONE 309C,,#003947,21.51,-11.02,-13.40,hex
PANTONE 309U,,#3F5864,35.90,-6.06,-9.93,hex
PANTONE 3105C,,#6FD2E4,79.08,-24.22,-17.82,hex
PANTONE 3105U,,#4CCEDE,76.65,-30.26,-18.38,hex
PANTONE 310C,,#66CFE6,77.97,-23.99,-20.60,hex
PANTONE 310U,,#5BD0E6,77.90,-26.50,-20.74,hex
PANTONE 3115C,,#00C4DC,72.66,-31.95,-23.45,hex
PANTONE 3115U,,#00BFD3,70.84,-32.45,-21.32,hex
PANTONE 311C,,#00C2E3,72.31,-28.70,-27.78,hex
PANTONE 311U,,#01BEDB,70.83,-29.34,-25.70,hex
PANTONE 3125C,,#00AECE,65.53,-25.74,-26.70,hex
PANTONE 3125U,,#00ABC2,64.18,-28.26,-22.12,hex
PANTONE 312C,,#00A7D4,63.66,-20.06,-32.91,hex
PANTONE 312U,,#00AFD0,65.91,-25.57,-27.22,hex
PANTONE 3135C,,#0092BA,56.19,-18.10,-29.93,hex
PANTONE 3135U,,#008EA6,54.13,-23.06,-21.68,hex
PANTONE 313C,,#0092C7,56.76,-13.36,-36.40,hex
PANTONE 313U,,#008DB1,54.26,-18.63,-27.79,hex
PANTONE 3145C,,#007A97,47.17,-17.74,-23.68,hex
PANTONE 3145U,,#007788,45.59,-21.54,-17.24,hex
PANTONE 314C,,#007FAC,49.68,-12.72,-32.03,hex
PANTONE 314U,,#007D99,48.22,-18.65,-23.24,hex
PANTONE 3155C,,#00667C,39.51,-16.65,-19.37,hex
PANTONE 3155U,,#1B6875,40.27,-17.99,-13.90,hex
PANTONE 315C,,#006685,39.91,-13.22,-24.21,hex
PANTONE 315U,,#206779,40.22,-15.34,-16.40,hex
PANTONE 3165C,,#004F5D,30.36,-15.37,-14.16,hex
PANTONE 3165U,,#2F5C66,36.40,-12.39,-10.50,hex
PANTONE 316C,,#004650,26.62,-15.20,-11.50,hex
PANTONE 316U,,#3E5A62,36.40,-8.15,-7.93,hex
PANTONE 317C,,#BFE5EA,88.47,-11.27,-6.55,hex
PANTONE 317U,,#AEE9E8,88.50,-18.76,-5.58,hex
PANTONE 318C,,#8EDBE5,82.95,-21.20,-12.41,hex
PANTONE 318U,,#6BD9DE,80.75,-30.08,-12.12,hex
PANTONE 319C,,#36CCDA,75.47,-33.29,-18.05,hex
PANTONE 319U,,#25C9D0,74.01,-36.44,-14.87,hex
PANTONE 320C,,#0097AC,57.18,-25.62,-20.44,hex
PANTONE 320U,,#009DA5,58.81,-30.92,-13.98,hex
PANTONE 321C,,#008193,49.26,-22.92,-18.12,hex
PANTONE 321U,,#00838A,49.58,-27.03,-12.37,hex
PANTONE 322C,,#006F7A,42.42,-22.27,-13.70,hex
PANTONE 322U,,#167378,43.93,-23.44,-10.19,hex
PANTONE 323C,,#006068,36.68,-20.71,-11.43,hex
PANTONE 323U,,#2F6165,38.01,-15.56,-7.46,hex
PANTONE 3242C,,#75D9D8,80.94,-29.48,-8.60,hex
PANTONE 3242U,,#5DDBD3,80.57,-36.61,-6.58,hex
PANTONE 3245C,,#7BDDD8,82.31,-30.02,-6.54,hex
PANTONE 3245U,,#4EDCCA,80.22,-41.94,-2.34,hex
PANTONE 3248C,,#7BD2C8,78.74,-28.61,-3.28,hex
PANTONE 3248U,,#6ACEB9,76.50,-34.39,1.43,hex
PANTONE 324C,,#98D9DB,82.60,-19.92,-7.56,hex
PANTONE 324U,,#82D8D5,81.10,-26.65,-6.70,hex
PANTONE 3252C,,#41D2D2,77.20,-37.12,-11.12,hex
PANTONE 3252U,,#00CDC2,74.54,-44.02,-6.52,hex
PANTONE 3255C,,#32D4CB,77.32,-41.73,-7.21,hex
PANTONE 3255U,,#00CFBB,74.96,-46.86,-2.13,hex
PANTONE 3258C,,#43C4B7,72.29,-37.87,-3.80,hex
PANTONE 3258U,,#48C1AC,71.21,-38.58,0.63,hex
PANTONE 325C,,#47C7C7,73.74,-34.25,-10.33,hex
PANTONE 325U,,#40C1BB,71.43,-35.85,-7.26,hex
PANTONE 3262C,,#00BAB9,68.47,-38.24,-10.64,hex
PANTONE 3262U,,#00BAAE,68.15,-41.51,-5.07,hex
PANTONE 3265C,,#00C2B6,70.84,-42.69,-5.48,hex
PANTONE 3265U,,#00C0AA,69.89,-45.23,-0.31,hex
PANTONE 3268C,,#00A994,62.09,-41.56,0.48,hex
PANTONE 3268U,,#28B29A,65.45,-41.22,2.07,hex
PANTONE 326C,,#00AFAD,64.70,-36.87,-9.63,hex
PANTONE 326U,,#00AAA1,62.78,-38.22,-5.80,hex
PANTONE 3272C,,#00A19C,59.79,-35.64,-7.43,hex
PANTONE 3272U,,#00A49A,60.68,-37.61,-4.98,hex
PANTONE 3275C,,#00B09D,64.55,-42.03,-0.96,hex
PANTONE 3275U,,#00AA93,62.38,-42.27,1.46,hex
PANTONE 3278C,,#00997A,56.27,-41.91,6.73,hex
PANTONE 3278U,,#009C82,57.45,-41.00,3.88,hex
PANTONE 327C,,#008579,49.68,-33.42,-2.25,hex
PANTONE 327U,,#008F85,53.32,-34.38,-3.87,hex
PANTONE 3282C,,#008480,49.57,-30.78,-6.52,hex
PANTONE 3282U,,#008780,50.55,-32.20,-5.05,hex
PANTONE 3285C,,#009384,54.59,-36.50,-1.43,hex
PANTONE 3285U,,#009081,53.52,-36.03,-1.25,hex
PANTONE 3288C,,#007E64,46.76,-36.40,5.85,hex
PANTONE 3288U,,#208776,50.62,-32.69,0.92,hex
PANTONE 328C,,#007168,42.47,-29.30,-2.76,hex
PANTONE 328U,,#137D79,47.22,-28.44,-5.87,hex
PANTONE 3292C,,#005A53,33.85,-24.85,-2.57,hex
PANTONE 3292U,,#346E6A,42.64,-19.99,-3.59,hex
PANTONE 3295C,,#007C6F,46.39,-32.31,-1.18,hex
PANTONE 3295U,,#237E74,47.67,-28.56,-2.21,hex
PANTONE 3298C,,#006752,38.39,-31.32,4.65,hex
PANTONE 3298U,,#387469,44.73,-22.43,0.10,hex
PANTONE 329C,,#00625A,36.88,-26.52,-2.46,hex
PANTONE 329U,,#2E7572,44.97,-22.69,-4.98,hex
PANTONE 3302C,,#00423C,24.39,-20.36,-1.71,hex
PANTONE 3302U,,#41615F,38.72,-12.11,-2.60,hex
PANTONE 3305C,,#004A41,27.51,-22.78,-0.40,hex
PANTONE 3305U,,#466964,41.73,-13.76,-1.20,hex
PANTONE 3308C,,#004236,24.20,-22.36,1.98,hex
PANTONE 3308U,,#48615B,39.04,-10.75,0.38,hex
PANTONE 330C,,#00524D,30.81,-22.82,-3.27,hex
PANTONE 330U,,#446463,39.99,-11.82,-3.17,hex
PANTONE 331C,,#B2E7DF,87.94,-18.50,-1.64,hex
PANTONE 331U,,#93E8D3,86.31,-30.39,2.09,hex
PANTONE 332C,,#9FE4DB,85.99,-23.41,-2.52,hex
PANTONE 332U,,#70E2CB,82.99,-37.99,1.30,hex
PANTONE 333C,,#43D9C7,79.01,-43.01,-2.55,hex
PANTONE 333U,,#00D2B3,75.66,-50.27,3.21,hex
PANTONE 334C,,#009878,55.90,-42.02,7.33,hex
PANTONE 334U,,#00957E,55.07,-39.11,2.72,hex
PANTONE 335C,,#007B63,45.72,-35.37,4.95,hex
PANTONE 335U,,#247E6F,47.55,-29.85,0.57,hex
PANTONE 336C,,#006651,38.01,-31.16,4.73,hex
PANTONE 336U,,#3A7267,44.11,-21.40,0.39,hex
PANTONE 3375C,,#81E0C7,82.97,-33.97,3.46,hex
PANTONE 3375U,,#5FE0B7,81.38,-45.30,9.48,hex
PANTONE 337C,,#94D8C8,81.61,-24.80,1.06,hex
PANTONE 337U,,#82D5BA,79.54,-31.41,5.43,hex
PANTONE 3385C,,#3BD6B2,77.42,-48.15,6.35,hex
PANTONE 3385U,,#3AD4A7,76.54,-50.11,10.96,hex
PANTONE 338C,,#76D1BD,77.95,-31.97,1.44,hex
PANTONE 338U,,#4CC1A1,71.04,-40.59,6.40,hex
PANTONE 3395C,,#00C590,70.83,-53.93,15.15,hex
PANTONE 3395U,,#00C795,71.56,-53.50,13.49,hex
PANTONE 339C,,#00B08B,64.09,-46.91,8.36,hex
PANTONE 339U,,#22AE8A,63.71,-44.30,8.41,hex
PANTONE 3405C,,#00AE68,62.73,-54.21,25.58,hex
PANTONE 3405U,,#00B27A,64.36,-51.82,18.07,hex
PANTONE 340C,,#009460,54.05,-46.33,18.30,hex
PANTONE 340U,,#009E77,57.83,-44.75,10.64,hex
PANTONE 3415C,,#00774B,43.80,-39.87,16.36,hex
PANTONE 3415U,,#308167,48.64,-31.23,6.89,hex
PANTONE 341C,,#007856,44.38,-37.59,10.73,hex
PANTONE 341U,,#347963,46.05,-27.50,5.55,hex
PANTONE 3425C,,#006644,37.70,-34.67,12.17,hex
PANTONE 3425U,,#417764,45.96,-22.83,4.90,hex
PANTONE 342C,,#006A4E,39.34,-33.76,8.43,hex
PANTONE 342U,,#407060,43.54,-20.44,3.80,hex
PANTONE 3435C,,#004731,25.94,-26.24,7.72,hex
PANTONE 3435U,,#4B675B,41.14,-13.11,3.45,hex
PANTONE 343C,,#00533E,30.72,-28.02,6.14,hex
PANTONE 343U,,#48655B,40.31,-13.04,2.23,hex
PANTONE 344C,,#A6DEC1,84.07,-23.79,8.45,hex
PANTONE 344U,,#8ED8AC,80.65,-32.29,14.51,hex
PANTONE 345C,,#89D5AF,79.61,-31.76,11.43,hex
PANTONE 345U,,#6ECD9C,75.68,-39.35,15.83,hex
PANTONE 346C,,#5EC998,73.82,-42.34,15.27,hex
PANTONE 346U,,#4EBD88,69.32,-44.10,17.53,hex
PANTONE 347C,,#009543,53.92,-52.23,33.70,hex
PANTONE 347U,,#169B62,56.58,-47.18,20.64,hex
PANTONE 348C,,#007E3A,45.94,-45.85,28.60,hex
PANTONE 348U,,#34855B,49.81,-35.00,15.48,hex
PANTONE 349C,,#006233,35.93,-36.95,19.88,hex
PANTONE 349U,,#477258,44.34,-21.14,9.78,hex
PANTONE 350C,,#18472C,26.40,-23.26,11.62,hex
PANTONE 350U,,#546758,41.67,-10.46,6.11,hex
PANTONE 351C,,#A7E6C4,86.40,-26.77,10.22,hex
PANTONE 351U,,#93E6B4,85.04,-35.80,16.52,hex
PANTONE 352C,,#87E0B0,82.70,-37.23,15.24,hex
PANTONE 352U,,#70E0A3,81.51,-45.78,20.25,hex
PANTONE 353C,,#6ADCA2,80.10,-45.70,18.79,hex
PANTONE 353U,,#50D691,77.18,-52.15,23.56,hex
PANTONE 354C,,#00AB39,61.15,-60.55,46.74,hex
PANTONE 354U,,#00A95C,60.91,-54.76,29.54,hex
PANTONE 355C,,#009530,53.71,-54.78,42.47,hex
PANTONE 355U,,#19975D,55.20,-46.41,21.56,hex
PANTONE 356C,,#007229,41.52,-44.35,32.07,hex
PANTONE 356U,,#397E58,47.62,-31.23,14.23,hex
PANTONE 357C,,#0F4D2A,28.32,-28.43,15.38,hex
PANTONE 357U,,#516E5A,43.71,-15.09,7.77,hex
PANTONE 358C,,#A5DB92,82.24,-30.77,30.46,hex
PANTONE 358U,,#97D88A,80.47,-35.29,32.08,hex
PANTONE 359C,,#9FD98B,81.21,-32.91,32.63,hex
PANTONE 359U,,#7DCC77,75.37,-41.09,34.87,hex
PANTONE 360C,,#55BE47,68.90,-53.06,49.70,hex
PANTONE 360U,,#5DB860,67.61,-45.41,36.38,hex
PANTONE 361C,,#12AD2B,61.82,-61.49,52.96,hex
PANTONE 361U,,#4DAA50,62.43,-46.30,37.87,hex
PANTONE 362C,,#289728,54.80,-52.10,47.05,hex
PANTONE 362U,,#56944F,55.81,-34.37,30.27,hex
PANTONE 363C,,#2F8927,50.26,-45.84,42.80,hex
PANTONE 363U,,#57854E,51.10,-27.09,24.79,hex
PANTONE 364C,,#317023,41.79,-35.92,35.51,hex
PANTONE 364U,,#5B794E,47.56,-19.51,20.19,hex
PANTONE 365C,,#CCE5A2,87.72,-19.48,30.03,hex
PANTONE 365U,,#C2E692,87.06,-25.74,37.15,hex
PANTONE 366C,,#BCE18D,85.23,-26.18,37.20,hex
PANTONE 366U,,#A8DC7D,82.37,-33.05,41.26,hex
PANTONE 367C,,#A4D867,80.73,-35.15,49.79,hex
PANTONE 367U,,#8FD16A,77.57,-39.12,44.27,hex
PANTONE 368C,,#62BD19,68.80,-52.08,65.23,hex
PANTONE 368U,,#67B346,66.19,-43.49,47.28,hex
PANTONE 369C,,#4FA600,60.72,-49.76,62.14,hex
PANTONE 369U,,#62A044,60.03,-37.16,41.09,hex
PANTONE 370C,,#4F8A10,51.70,-38.16,52.10,hex
PANTONE 370U,,#698A48,53.65,-23.66,31.51,hex
PANTONE 371C,,#4A601C,37.67,-19.62,34.72,hex
PANTONE 371U,,#68724D,46.33,-10.61,19.30,hex
PANTONE 372C,,#D7E9A1,89.53,-17.56,33.09,hex
PANTONE 372U,,#D1F08F,90.72,-25.39,43.53,hex
PANTONE 373C,,#CDE985,88.42,-24.67,45.45,hex
PANTONE 373U,,#B9E972,86.90,-34.12,52.33,hex
PANTONE 374C,,#BAE55F,85.66,-33.65,59.42,hex
PANTONE 374U,,#A6E35F,83.90,-40.15,57.11,hex
PANTONE 375C,,#87D300,77.12,-48.96,75.99,hex
PANTONE 375U,,#73C92D,73.29,-50.48,64.36,hex
PANTONE 376C,,#76B900,68.42,-44.30,68.89,hex
PANTONE 376U,,#70AB37,64.04,-38.29,51.53,hex
PANTONE 377C,,#679000,54.90,-32.03,58.12,hex
PANTONE 377U,,#728F41,55.69,-23.39,37.72,hex
PANTONE 378C,,#4D5A12,35.86,-15.69,37.20,hex
PANTONE 378U,,#747B4D,50.00,-10.56,24.31,hex
PANTONE 379C,,#DDE56C,88.21,-18.95,57.22,hex
PANTONE 379U,,#E7EE7B,91.49,-18.10,54.39,hex
PANTONE 380C,,#D3E13C,86.02,-24.08,73.70,hex
PANTONE 380U,,#D4E458,87.09,-23.55,64.44,hex
PANTONE 381C,,#C8DB00,83.41,-27.17,82.51,hex
PANTONE 381U,,#BAD739,81.48,-29.62,69.74,hex
PANTONE 382C,,#B9D300,80.13,-29.60,79.58,hex
PANTONE 382U,,#99C221,73.20,-34.10,68.34,hex
PANTONE 383C,,#9FAA00,66.61,-20.75,68.68,hex
PANTONE 383U,,#8E9A36,60.90,-18.17,49.23,hex
PANTONE 384C,,#8B9000,57.50,-16.36,61.23,hex
PANTONE 384U,,#868B3C,55.95,-13.32,40.87,hex
PANTONE 385C,,#6E6A12,43.75,-8.87,45.47,hex
PANTONE 385U,,#7E7B4B,50.82,-6.52,26.65,hex
PANTONE 386C,,#E5E96E,89.89,-17.56,58.42,hex
PANTONE 386U,,#EFF178,92.85,-16.68,57.52,hex
PANTONE 387C,,#DEE63A,88.18,-22.06,76.63,hex
PANTONE 387U,,#E3ED55,90.58,-22.04,69.66,hex
PANTONE 388C,,#D7E300,86.70,-24.75,85.43,hex
PANTONE 388U,,#D5E739,87.77,-26.25,76.32,hex
PANTONE 389C,,#C6DB00,83.27,-28.00,82.34,hex
PANTONE 389U,,#BDDC04,82.92,-32.11,81.45,hex
PANTONE 390C,,#B2BC00,73.18,-21.46,74.19,hex
PANTONE 390U,,#97A926,65.82,-22.78,60.31,hex
PANTONE 391C,,#959200,58.93,-12.86,62.66,hex
PANTONE 391U,,#888A3B,55.81,-11.99,41.25,hex
PANTONE 392C,,#7F7800,49.43,-9.03,54.86,hex
PANTONE 392U,,#7E7D41,51.25,-8.75,32.63,hex
PANTONE 3935C,,#F0EB7A,91.39,-13.18,54.90,hex
PANTONE 3935U,,#FCF389,94.57,-11.07,51.91,hex
PANTONE 393C,,#EDEB8F,91.42,-12.35,44.83,hex
PANTONE 393U,,#F8F283,93.93,-12.69,53.89,hex
PANTONE 3945C,,#EFE600,89.37,-16.16,88.24,hex
PANTONE 3945U,,#FCF05F,93.38,-12.81,69.23,hex
PANTONE 394C,,#E9E73F,89.32,-17.81,76.43,hex
PANTONE 394U,,#F2EE56,92.00,-16.41,71.11,hex
PANTONE 3955C,,#ECE100,87.82,-14.98,87.00,hex
PANTONE 3955U,,#FAEB37,91.69,-13.04,81.52,hex
PANTONE 395C,,#E4E400,87.96,-19.81,86.81,hex
PANTONE 395U,,#EDEC3F,90.94,-18.60,78.06,hex
PANTONE 3965C,,#E9DC00,86.26,-13.78,85.76,hex
PANTONE 3965U,,#F8E815,90.66,-13.17,87.61,hex
PANTONE 396C,,#DDDF00,86.08,-20.32,85.19,hex
PANTONE 396U,,#DBE200,86.73,-22.60,85.59,hex
PANTONE 3975C,,#BBA800,68.44,-7.30,71.09,hex
PANTONE 3975U,,#B6A72D,67.85,-7.95,60.79,hex
PANTONE 397C,,#BEB800,73.04,-14.25,74.53,hex
PANTONE 397U,,#A8AA31,67.50,-15.45,58.60,hex
PANTONE 3985C,,#9B8900,56.94,-5.26,61.48,hex
PANTONE 3985U,,#9C903F,59.32,-6.09,43.75,hex
PANTONE 398C,,#ABA200,65.36,-11.32,68.21,hex
PANTONE 398U,,#959539,60.05,-12.30,47.18,hex
PANTONE 3995C,,#6A5B07,38.83,-2.50,44.28,hex
PANTONE 3995U,,#837B4A,51.25,-4.46,27.85,hex
PANTONE 399C,,#998D00,57.87,-8.35,62.05,hex
PANTONE 399U,,#8A8537,54.51,-8.71,41.76,hex
PANTONE 400C,,#CDC9C4,81.15,0.49,2.98,hex
PANTONE 400U,,#C7C1BA,78.36,0.86,4.26,hex
PANTONE 401C,,#BDB8B1,75.00,0.51,4.17,hex
PANTONE 401U,,#B4AEA7,71.40,0.88,4.35,hex
PANTONE 402C,,#ADA59D,68.19,1.45,5.17,hex
PANTONE 402U,,#A39E98,65.36,0.71,3.77,hex
PANTONE 403C,,#988F86,59.93,1.71,5.98,hex
PANTONE 403U,,#928D88,58.92,0.91,3.32,hex
PANTONE 404C,,#7C7369,48.97,1.64,6.79,hex
PANTONE 404U,,#8B8681,56.21,0.93,3.35,hex
PANTONE 405C,,#645A50,38.90,2.20,7.25,hex
PANTONE 405U,,#77726D,48.34,0.96,3.45,hex
PANTONE 406C,,#CAC4C2,79.57,1.73,1.74,hex
PANTONE 406U,,#C7BEBA,77.59,2.45,3.14,hex
PANTONE 407C,,#B2A8A2,69.53,2.53,4.38,hex
PANTONE 407U,,#ABA2A0,67.30,2.89,2.20,hex
PANTONE 408C,,#A59997,64.17,4.04,2.63,hex
PANTONE 408U,,#9D9594,62.34,2.75,1.58,hex
PANTONE 409C,,#948683,57.06,4.73,3.53,hex
PANTONE 409U,,#948B8A,58.60,3.16,1.74,hex
PANTONE 410C,,#7B6E6A,47.50,4.35,4.08,hex
PANTONE 410U,,#8A8280,55.00,2.64,2.16,hex
PANTONE 411C,,#62524E,36.33,5.90,4.81,hex
PANTONE 411U,,#7A726F,48.66,2.52,2.77,hex
PANTONE 412C,,#372B27,18.74,4.78,4.70,hex
PANTONE 412U,,#645C59,39.72,2.63,2.88,hex
PANTONE 413C,,#C8C9C3,80.73,-1.43,2.87,hex
PANTONE 413U,,#BCBDB4,76.30,-1.98,4.42,hex
PANTONE 414C,,#B5B6B0,73.81,-1.46,2.93,hex
PANTONE 414U,,#ABACA5,70.09,-1.65,3.47,hex
PANTONE 415C,,#9D9D96,64.55,-1.31,3.66,hex
PANTONE 415U,,#9D9F99,65.17,-1.86,2.87,hex
PANTONE 416C,,#87887F,56.38,-2.10,4.70,hex
PANTONE 416U,,#91928C,60.31,-1.51,3.05,hex
PANTONE 417C,,#6E6F64,46.45,-2.54,6.00,hex
PANTONE 417U,,#82847F,54.85,-1.73,2.44,hex
PANTONE 418C,,#5A5B51,38.29,-2.42,5.63,hex
PANTONE 418U,,#7A7B75,51.37,-1.56,3.14,hex
PANTONE 419C,,#1F211C,12.37,-2.15,3.07,hex
PANTONE 419U,,#595955,37.71,-0.83,2.31,hex
PANTONE 420C,,#CCCCCC,82.05,-0.00,0.00,hex
PANTONE 420U,,#BDBEBD,76.87,-0.53,0.38,hex
PANTONE 421C,,#BABBBC,75.83,-0.16,-0.63,hex
PANTONE 421U,,#B3B5B5,73.52,-0.70,-0.25,hex
PANTONE 422C,,#A9AAAB,69.56,-0.16,-0.64,hex
PANTONE 422U,,#9EA1A2,66.03,-0.88,-0.89,hex
PANTONE 423C,,#939495,61.27,-0.17,-0.65,hex
PANTONE 423U,,#909496,61.06,-1.05,-1.56,hex
PANTONE 424C,,#767A7D,50.98,-0.88,-2.16,hex
PANTONE 424U,,#88898A,57.04,-0.17,-0.66,hex
PANTONE 425C,,#56595C,37.65,-0.53,-2.14,hex
PANTONE 425U,,#7C7E7F,52.66,-0.55,-0.80,hex
PANTONE 426C,,#212424,13.90,-1.37,-0.47,hex
PANTONE 426U,,#686869,44.04,0.21,-0.56,hex
PANTONE 427C,,#D2D6D9,85.41,-0.80,-1.95,hex
PANTONE 427U,,#C2C7CA,79.94,-1.15,-2.10,hex
PANTONE 428C,,#C3C8CD,80.36,-0.77,-3.09,hex
PANTONE 428U,,#ACB3B8,72.54,-1.47,-3.39,hex
PANTONE 429C,,#A8ADB4,70.53,-0.39,-4.19,hex
PANTONE 429U,,#91999F,62.76,-1.64,-4.13,hex
PANTONE 430C,,#868F98,58.96,-1.36,-5.88,hex
PANTONE 430U,,#808991,56.61,-1.59,-5.40,hex
PANTONE 431C,,#616A74,44.39,-1.14,-6.74,hex
PANTONE 431U,,#737B82,51.18,-1.46,-4.83,hex
PANTONE 432C,,#414B56,31.41,-1.21,-7.84,hex
PANTONE 432U,,#676C73,45.42,-0.38,-4.55,hex
PANTONE 433C,,#212930,16.12,-1.48,-5.71,hex
PANTONE 433U,,#5B5D62,39.47,0.31,-3.13,hex
PANTONE 434C,,#D3C9CE,81.88,4.35,-1.25,hex
PANTONE 434U,,#D6CACB,82.30,4.34,1.00,hex
PANTONE 435C,,#C8BAC0,76.80,6.00,-1.24,hex
PANTONE 435U,,#B7A9AD,70.50,5.75,-0.23,hex
PANTONE 436C,,#B7A6AD,69.72,7.39,-1.37,hex
PANTONE 436U,,#A99B9F,65.26,5.84,-0.23,hex
PANTONE 437C,,#846E74,48.66,9.72,-0.09,hex
PANTONE 437U,,#8D7F83,54.53,6.06,-0.22,hex
PANTONE 438C,,#513E3E,28.23,8.29,3.18,hex
PANTONE 438U,,#817275,49.48,6.38,0.48,hex
PANTONE 439C,,#443535,23.78,6.70,2.55,hex
PANTONE 439U,,#736869,45.03,4.52,1.01,hex
PANTONE 440C,,#392E2C,20.07,4.61,3.16,hex
PANTONE 440U,,#69615F,41.81,2.79,2.29,hex
PANTONE 441C,,#CBD1D4,83.47,-1.48,-2.19,hex
PANTONE 441U,,#B9C2C1,77.73,-3.28,-0.57,hex
PANTONE 442C,,#B3BCC0,75.67,-2.33,-3.09,hex
PANTONE 442U,,#ACB6B6,73.29,-3.47,-1.20,hex
PANTONE 443C,,#99A3A6,66.31,-2.93,-2.77,hex
PANTONE 443U,,#8F9A9B,62.77,-3.72,-1.88,hex
PANTONE 444C,,#7B858A,54.89,-2.60,-3.94,hex
PANTONE 444U,,#7E8689,55.37,-2.31,-2.62,hex
PANTONE 445C,,#4F5559,35.75,-1.46,-3.14,hex
PANTONE 445U,,#6B7173,47.20,-1.84,-1.89,hex
PANTONE 446C,,#3D4242,27.52,-2.07,-0.71,hex
PANTONE 446U,,#636968,43.88,-2.52,-0.24,hex
PANTONE 447C,,#323532,21.78,-2.00,1.44,hex
PANTONE 447U,,#5F625F,41.21,-1.80,1.30,hex
PANTONE 4485C,,#5D4718,31.58,3.83,30.79,hex
PANTONE 4485U,,#7B6F4B,47.09,-1.00,21.77,hex
PANTONE 448C,,#473E26,26.52,-0.13,16.18,hex
PANTONE 448U,,#66614E,41.10,-1.49,11.57,hex
PANTONE 4495C,,#836E2C,47.18,0.19,38.82,hex
PANTONE 4495U,,#90845F,55.34,-1.34,21.66,hex
PANTONE 449C,,#4D4325,28.71,-0.48,19.71,hex
PANTONE 449U,,#716B54,45.17,-1.73,13.77,hex
PANTONE 4505C,,#9B8948,57.39,-1.94,36.99,hex
PANTONE 4505U,,#A39771,62.60,-1.61,21.66,hex
PANTONE 450C,,#514826,30.70,-1.53,21.67,hex
PANTONE 450U,,#7E785A,50.22,-2.82,17.35,hex
PANTONE 4515C,,#B5A570,67.95,-1.99,29.60,hex
PANTONE 4515U,,#B1A57E,67.85,-1.83,21.83,hex
PANTONE 451C,,#9F9B74,63.40,-4.99,21.03,hex
PANTONE 451U,,#929172,59.50,-5.02,16.64,hex
PANTONE 4525C,,#C5BA8E,75.42,-2.99,23.76,hex
PANTONE 4525U,,#C1B58C,73.73,-2.17,22.48,hex
PANTONE 452C,,#B5B292,72.05,-4.34,16.78,hex
PANTONE 452U,,#A8A687,67.54,-4.59,16.35,hex
PANTONE 4535C,,#D4CCAA,81.88,-2.75,17.97,hex
PANTONE 4535U,,#CABE96,77.03,-2.07,21.77,hex
PANTONE 453C,,#C8C5AC,79.15,-3.22,12.93,hex
PANTONE 453U,,#BCB999,74.63,-4.33,16.66,hex
PANTONE 4545C,,#DED9C2,86.53,-2.16,11.95,hex
PANTONE 4545U,,#D6CCA6,81.97,-2.59,20.23,hex
PANTONE 454C,,#D5D3BF,84.22,-2.75,10.15,hex
PANTONE 454U,,#CAC8AC,80.09,-4.06,14.28,hex
PANTONE 455C,,#655415,36.29,-0.30,37.21,hex
PANTONE 455U,,#776F48,46.66,-3.14,22.86,hex
PANTONE 456C,,#977F09,53.79,-1.45,57.43,hex
PANTONE 456U,,#908145,54.09,-2.62,34.34,hex
PANTONE 457C,,#B29200,61.68,0.40,65.88,hex
PANTONE 457U,,#AD9844,63.14,-2.58,46.09,hex
PANTONE 458C,,#DBCA67,80.90,-6.67,50.96,hex
PANTONE 458U,,#CEB964,75.29,-3.49,45.47,hex
PANTONE 459C,,#DFD27C,83.57,-7.23,44.09,hex
PANTONE 459U,,#DDCB77,81.52,-4.94,43.98,hex
PANTONE 460C,,#E5DB97,86.78,-6.53,34.73,hex
PANTONE 460U,,#E8D98B,86.33,-5.69,40.26,hex
PANTONE 461C,,#E7E3B5,89.52,-5.95,23.02,hex
PANTONE 461U,,#EEE29F,89.43,-5.68,34.28,hex
PANTONE 4625C,,#4E2614,20.27,17.02,20.06,hex
PANTONE 4625U,,#715845,39.45,7.40,14.95,hex
PANTONE 462C,,#563F23,28.53,6.27,20.93,hex
PANTONE 462U,,#70624D,42.33,2.08,14.03,hex
PANTONE 4635C,,#905A33,43.48,18.29,31.40,hex
PANTONE 4635U,,#92715E,50.37,10.22,15.54,hex
PANTONE 463C,,#6D4921,34.25,11.02,29.52,hex
PANTONE 463U,,#856F51,48.20,4.13,19.95,hex
PANTONE 4645C,,#B17F5C,57.37,15.08,26.64,hex
PANTONE 4645U,,#A07D6B,55.28,10.90,15.00,hex
PANTONE 464C,,#855723,41.10,14.03,36.81,hex
PANTONE 464U,,#9B7C56,54.09,6.77,25.27,hex
PANTONE 4655C,,#C09477,64.74,12.60,21.71,hex
PANTONE 4655U,,#B28E7B,61.86,10.80,15.30,hex
PANTONE 465C,,#B99C6B,65.87,3.96,29.64,hex
PANTONE 465U,,#B0946F,62.98,5.10,23.48,hex
PANTONE 4665C,,#D1AE97,73.59,9.29,16.57,hex
PANTONE 4665U,,#CAA58E,70.47,10.21,17.05,hex
PANTONE 466C,,#CAB388,73.92,1.90,25.02,hex
PANTONE 466U,,#C1A67F,69.57,4.16,23.87,hex
PANTONE 4675C,,#DDC2B0,80.23,6.73,12.56,hex
PANTONE 4675U,,#DAB9A1,77.39,8.22,16.58,hex
PANTONE 467C,,#D5C4A1,79.73,0.51,19.77,hex
PANTONE 467U,,#D2BA92,76.62,2.60,23.45,hex
PANTONE 4685C,,#E4D2C5,85.31,4.10,8.69,hex
PANTONE 4685U,,#E6CAB4,83.11,6.44,14.60,hex
PANTONE 468C,,#E0D4BB,85.26,0.06,13.86,hex
PANTONE 468U,,#E0CEAA,83.39,0.69,20.21,hex
PANTONE 4695C,,#532821,21.82,19.19,13.66,hex
PANTONE 4695U,,#775C50,41.46,9.16,11.14,hex
PANTONE 469C,,#613418,26.92,17.61,25.96,hex
PANTONE 469U,,#7B604B,42.89,7.81,16.18,hex
PANTONE 4705C,,#7F4C3E,37.90,19.96,17.46,hex
PANTONE 4705U,,#8B6F66,49.27,9.61,9.20,hex
PANTONE 470C,,#9B4D1B,41.78,29.15,42.32,hex
PANTONE 470U,,#A37052,51.82,16.62,24.76,hex
PANTONE 4715C,,#9B6E5F,50.63,15.85,15.47,hex
PANTONE 4715U,,#997D73,54.74,9.20,9.52,hex
PANTONE 471C,,#B75312,47.37,37.24,52.25,hex
PANTONE 471U,,#BE7B54,57.80,22.01,31.95,hex
PANTONE 4725C,,#B28D7F,61.70,11.91,12.80,hex
PANTONE 4725U,,#AE9188,62.53,9.43,8.84,hex
PANTONE 472C,,#E49969,69.68,23.07,36.52,hex
PANTONE 472U,,#DB9271,67.14,23.92,28.73,hex
PANTONE 4735C,,#C5AAA0,71.66,8.19,8.77,hex
PANTONE 4735U,,#BDA195,68.37,8.37,10.06,hex
PANTONE 473C,,#EDB996,78.99,14.13,24.96,hex
PANTONE 473U,,#EEAB88,75.50,20.39,27.76,hex
PANTONE 4745C,,#D4BEB6,78.58,6.46,6.87,hex
PANTONE 4745U,,#CEB4A9,75.22,7.55,9.04,hex
PANTONE 474C,,#EEC5A9,82.37,10.54,19.51,hex
PANTONE 474U,,#F6BD9D,80.97,16.31,24.09,hex
PANTONE 4755C,,#DDCDC7,83.53,4.54,4.98,hex
PANTONE 4755U,,#DCC6BB,81.40,5.93,8.32,hex
PANTONE 475C,,#F0D0BB,85.62,8.00,14.56,hex
PANTONE 475U,,#FACCAD,85.27,11.93,21.59,hex
PANTONE 476C,,#513127,23.98,13.25,12.44,hex
PANTONE 476U,,#6E5E52,41.10,4.39,9.27,hex
PANTONE 477C,,#5E2F24,25.38,20.17,16.62,hex
PANTONE 477U,,#7D6556,44.72,7.23,12.13,hex
PANTONE 478C,,#723629,30.34,25.23,20.37,hex
PANTONE 478U,,#8E6E5C,49.10,10.01,14.91,hex
PANTONE 479C,,#AD806C,57.47,14.66,17.66,hex
PANTONE 479U,,#AC8C7E,60.81,9.94,12.04,hex
PANTONE 480C,,#C8A99A,71.55,8.96,11.94,hex
PANTONE 480U,,#C3A492,69.63,8.59,13.58,hex
PANTONE 481C,,#D5BDB0,78.27,6.42,9.68,hex
PANTONE 481U,,#D3B7A7,76.38,7.51,11.83,hex
PANTONE 482C,,#DDCEC4,83.71,3.52,6.84,hex
PANTONE 482U,,#DFC8B7,82.06,5.35,11.44,hex
PANTONE 483C,,#6A2E22,27.11,25.82,20.49,hex
PANTONE 483U,,#7D5B4F,41.86,12.20,12.39,hex
PANTONE 484C,,#9F2D20,36.66,46.19,35.06,hex
PANTONE 484U,,#A05B4E,46.32,26.84,19.80,hex
PANTONE 485C,,#DC241F,47.73,67.24,50.18,hex
PANTONE 485U,,#E45D50,56.98,51.68,34.33,hex
PANTONE 486C,,#EC9384,69.73,31.91,22.12,hex
PANTONE 486U,,#F08D80,68.85,36.16,23.22,hex
PANTONE 487C,,#ECAB9D,75.70,22.02,16.65,hex
PANTONE 487U,,#F3A293,74.19,28.27,20.13,hex
PANTONE 488C,,#ECBBAF,79.88,15.88,12.80,hex
PANTONE 488U,,#F4B9A9,80.07,19.13,16.40,hex
PANTONE 489C,,#EBCDC3,84.62,8.92,8.84,hex
PANTONE 489U,,#F5C7B8,83.82,14.13,13.68,hex
PANTONE 490C,,#5A272A,22.97,23.76,9.31,hex
PANTONE 490U,,#775554,39.68,13.97,6.18,hex
PANTONE 491C,,#772B2F,29.05,33.61,15.02,hex
PANTONE 491U,,#8E595A,43.70,21.99,8.59,hex
PANTONE 492C,,#91353B,35.76,39.32,17.01,hex
PANTONE 492U,,#9D5D60,46.77,26.50,9.56,hex
PANTONE 493C,,#DC8699,65.41,35.27,4.02,hex
PANTONE 493U,,#C77C89,60.22,30.80,5.33,hex
PANTONE 494C,,#E7A7B6,74.83,25.70,1.68,hex
PANTONE 494U,,#E59AA8,71.28,29.92,4.23,hex
PANTONE 495C,,#EDB8C5,79.80,21.06,0.82,hex
PANTONE 495U,,#F1AFBC,77.87,25.92,2.95,hex
PANTONE 496C,,#EFC4CE,83.07,16.82,0.78,hex
PANTONE 496U,,#F9C2CC,83.49,21.11,2.57,hex
PANTONE 4975C,,#441E1F,16.78,18.38,7.85,hex
PANTONE 4975U,,#745654,39.60,12.10,6.01,hex
PANTONE 497C,,#4E2A28,21.69,16.45,8.59,hex
PANTONE 497U,,#715956,40.13,9.34,5.49,hex
PANTONE 4985C,,#854A50,38.66,25.71,7.47,hex
PANTONE 4985U,,#8F6A6F,48.63,15.56,2.99,hex
PANTONE 498C,,#68322E,27.91,23.71,13.70,hex
PANTONE 498U,,#805D5B,43.02,14.00,6.78,hex
PANTONE 4995C,,#A16971,50.54,23.55,4.82,hex
PANTONE 4995U,,#9F787F,54.38,16.32,2.11,hex
PANTONE 499C,,#763931,31.81,25.89,17.32,hex
PANTONE 499U,,#8D615F,45.69,17.60,8.35,hex
PANTONE 5005C,,#B7848C,60.31,20.78,3.50,hex
PANTONE 5005U,,#B28A90,61.36,16.14,2.67,hex
PANTONE 500C,,#C88691,62.82,26.82,4.52,hex
PANTONE 500U,,#BD898F,62.25,20.73,4.67,hex
PANTONE 5015C,,#D1A9B0,72.94,15.71,1.95,hex
PANTONE 5015U,,#CAA1A6,70.04,15.90,3.18,hex
PANTONE 501C,,#DEACB7,75.11,19.92,1.43,hex
PANTONE 501U,,#D8A5AC,72.55,19.82,3.69,hex
PANTONE 5025C,,#DBBCC1,78.97,11.85,1.58,hex
PANTONE 5025U,,#DCB6BA,77.41,14.29,3.12,hex
PANTONE 502C,,#E5BFC7,80.76,14.80,1.06,hex
PANTONE 502U,,#E6B7BD,78.67,17.84,3.44,hex
PANTONE 5035C,,#E3CBD0,83.76,9.22,0.58,hex
PANTONE 5035U,,#E6C6C7,82.56,11.44,3.68,hex
PANTONE 503C,,#E9CCD2,84.57,11.13,0.76,hex
PANTONE 503U,,#F2CDCF,85.53,13.29,3.85,hex
PANTONE 504C,,#4E2029,19.28,22.70,4.54,hex
PANTONE 504U,,#7F5D62,43.10,14.70,2.60,hex
PANTONE 505C,,#6E2639,26.73,33.69,4.93,hex
PANTONE 505U,,#8A5C66,44.26,20.35,2.01,hex
PANTONE 506C,,#7E2B42,30.78,37.92,5.11,hex
PANTONE 506U,,#9A6372,48.27,24.40,0.84,hex
PANTONE 507C,,#D38DA6,66.25,30.10,-2.22,hex
PANTONE 507U,,#CF8FA4,66.21,27.27,-1.21,hex
PANTONE 508C,,#E2ABBF,75.49,23.15,-2.35,hex
PANTONE 508U,,#DF9CAE,71.23,27.53,0.75,hex
PANTONE 509C,,#E7B9CA,79.59,19.19,-2.25,hex
PANTONE 509U,,#EAAEBE,76.97,24.24,0.47,hex
PANTONE 510C,,#E9C2D1,82.12,16.25,-2.29,hex
PANTONE 510U,,#F2BFCB,82.08,20.05,0.99,hex
PANTONE 5115C,,#4B253E,20.70,21.78,-8.03,hex
PANTONE 5115U,,#6F5564,39.24,13.47,-4.50,hex
PANTONE 511C,,#60244E,24.64,32.71,-12.56,hex
PANTONE 511U,,#745568,39.93,16.20,-5.88,hex
PANTONE 5125C,,#704165,34.33,26.16,-12.49,hex
PANTONE 5125U,,#7D6378,45.14,14.32,-7.77,hex
PANTONE 512C,,#7E2271,31.28,48.11,-24.64,hex
PANTONE 512U,,#8A587F,44.11,26.97,-13.40,hex
PANTONE 5135C,,#885E80,45.36,22.94,-12.14,hex
PANTONE 5135U,,#8C7287,51.11,14.00,-7.64,hex
PANTONE 513C,,#95288F,37.65,56.48,-33.06,hex
PANTONE 513U,,#9E5F98,49.16,34.57,-20.44,hex
PANTONE 5145C,,#A17E9A,56.91,18.38,-9.82,hex
PANTONE 5145U,,#A4899F,60.15,14.14,-7.83,hex
PANTONE 514C,,#D385C8,65.59,39.96,-22.33,hex
PANTONE 514U,,#CE89C3,65.71,35.30,-19.39,hex
PANTONE 5155C,,#C0A6BD,70.98,13.52,-8.27,hex
PANTONE 5155U,,#B99EB2,68.01,13.43,-6.65,hex
PANTONE 515C,,#DFA5D6,74.48,29.22,-16.46,hex
PANTONE 515U,,#E2A5D4,74.72,29.87,-14.97,hex
PANTONE 5165C,,#D6C5D3,81.25,8.41,-4.82,hex
PANTONE 5165U,,#CCB4C4,75.74,11.36,-4.94,hex
PANTONE 516C,,#E7BADF,80.42,22.24,-12.34,hex
PANTONE 516U,,#E8B6DC,79.49,24.18,-12.11,hex
PANTONE 5175C,,#E0D5DE,86.36,5.36,-3.07,hex
PANTONE 5175U,,#DAC5D0,81.51,9.26,-2.80,hex
PANTONE 517C,,#EBCAE3,84.72,15.79,-8.05,hex
PANTONE 517U,,#F2C8E3,84.86,19.22,-7.77,hex
PANTONE 5185C,,#45293B,20.70,16.25,-6.05,hex
PANTONE 5185U,,#756069,43.02,10.11,-1.91,hex
PANTONE 518C,,#4B2A46,22.28,20.26,-11.07,hex
PANTONE 518U,,#6C5969,40.17,10.84,-6.23,hex
PANTONE 5195C,,#5E3A51,29.41,19.80,-7.31,hex
PANTONE 5195U,,#816C78,47.94,10.48,-3.56,hex
PANTONE 519C,,#5A2D5F,26.38,29.08,-21.15,hex
PANTONE 519U,,#775D7A,43.00,16.11,-12.26,hex
PANTONE 5205C,,#8B687D,48.10,17.60,-6.20,hex
PANTONE 5205U,,#907B8A,53.95,10.83,-5.12,hex
PANTONE 520C,,#682F73,29.95,36.57,-28.26,hex
PANTONE 520U,,#815F87,45.08,21.26,-16.85,hex
PANTONE 5215C,,#B195A6,64.64,13.37,-5.00,hex
PANTONE 5215U,,#A28C9C,60.64,11.14,-5.41,hex
PANTONE 521C,,#AD85BA,60.96,24.87,-21.88,hex
PANTONE 521U,,#A98BB5,61.86,19.11,-17.72,hex
PANTONE 5225C,,#C6B0BE,74.05,10.34,-4.22,hex
PANTONE 5225U,,#C2ACB9,72.55,10.20,-3.73,hex
PANTONE 522C,,#BD9ECA,69.14,19.44,-18.25,hex
PANTONE 522U,,#BC9FC6,69.16,17.75,-16.01,hex
PANTONE 5235C,,#D4C4CE,80.70,7.35,-2.97,hex
PANTONE 5235U,,#D6C3CC,80.56,8.22,-2.07,hex
PANTONE 523C,,#CBB2D5,75.66,15.29,-14.32,hex
PANTONE 523U,,#D0B7D5,77.33,14.26,-11.78,hex
PANTONE 5245C,,#DFD4DB,85.95,5.01,-2.09,hex
PANTONE 5245U,,#E0CFD6,84.65,7.09,-1.33,hex
PANTONE 524C,,#DACCE1,83.72,8.64,-8.62,hex
PANTONE 524U,,#DAC5DC,81.84,11.43,-8.74,hex
PANTONE 5255C,,#2A254B,17.10,13.32,-22.87,hex
PANTONE 5255U,,#5D566C,37.96,7.70,-11.56,hex
PANTONE 525C,,#51265A,23.25,29.14,-22.88,hex
PANTONE 525U,,#735775,40.81,17.22,-12.57,hex
PANTONE 5265C,,#433B67,27.57,14.81,-24.65,hex
PANTONE 5265U,,#6D6B82,46.15,5.84,-12.41,hex
PANTONE 526C,,#61207F,27.04,44.70,-40.56,hex
PANTONE 526U,,#805791,43.43,27.83,-25.40,hex
PANTONE 5275C,,#57527E,37.05,12.84,-24.11,hex
PANTONE 5275U,,#7B7992,51.79,6.14,-13.23,hex
PANTONE 527C,,#6E20A0,31.55,54.58,-53.55,hex
PANTONE 527U,,#9361B0,49.36,34.93,-34.33,hex
PANTONE 5285C,,#8581A4,55.45,9.04,-18.05,hex
PANTONE 5285U,,#9694AC,62.20,5.65,-12.27,hex
PANTONE 528C,,#A774CD,57.19,36.67,-38.55,hex
PANTONE 528U,,#B889D2,63.95,31.17,-30.70,hex
PANTONE 5295C,,#AAA7C1,69.49,6.25,-12.90,hex
PANTONE 5295U,,#B1AFC3,72.19,4.61,-9.90,hex
PANTONE 529C,,#C6A4E1,72.22,23.76,-26.13,hex
PANTONE 529U,,#CEA5E1,73.20,25.76,-24.57,hex
PANTONE 5305C,,#C1BED1,77.74,4.67,-9.14,hex
PANTONE 5305U,,#C5C2D2,79.10,4.06,-7.61,hex
PANTONE 530C,,#CFB1E3,76.23,19.93,-21.04,hex
PANTONE 530U,,#DBB9E8,79.38,20.48,-18.87,hex
PANTONE 5315C,,#D4D4E0,85.23,2.23,-5.90,hex
PANTONE 5315U,,#DBD8E1,86.80,2.66,-4.05,hex
PANTONE 531C,,#D7C4E7,81.67,13.06,-14.91,hex
PANTONE 531U,,#E4C7EB,83.62,16.50,-14.01,hex
PANTONE 532C,,#262A39,17.29,2.50,-10.19,hex
PANTONE 532U,,#5B5C64,39.24,1.37,-4.71,hex
PANTONE 533C,,#253355,21.64,5.45,-22.43,hex
PANTONE 533U,,#5E6578,42.83,1.78,-11.53,hex
PANTONE 534C,,#293F6F,27.22,7.79,-30.44,hex
PANTONE 534U,,#5B6983,44.18,1.22,-16.13,hex
PANTONE 535C,,#95A1C3,66.38,3.25,-18.86,hex
PANTONE 535U,,#8C9DB8,64.28,0.05,-15.96,hex
PANTONE 536C,,#A4B1CD,72.06,1.43,-15.69,hex
PANTONE 536U,,#A4B5CB,73.06,-1.19,-13.09,hex
PANTONE 537C,,#BDC6DA,79.77,0.90,-11.00,hex
PANTONE 537U,,#BDCADA,80.81,-1.22,-9.45,hex
PANTONE 538C,,#D2D7E4,85.96,0.77,-6.96,hex
PANTONE 538U,,#CDD7E1,85.51,-1.45,-6.07,hex
PANTONE 5395C,,#02253A,13.48,-3.06,-16.98,hex
PANTONE 5395U,,#464C59,32.24,0.78,-8.46,hex
PANTONE 539C,,#002A46,15.99,-1.42,-21.35,hex
PANTONE 539U,,#465062,33.82,0.66,-11.78,hex
PANTONE 5405C,,#3E647E,40.64,-5.71,-18.69,hex
PANTONE 5405U,,#5B6F80,45.84,-3.16,-11.81,hex
PANTONE 540C,,#002F5D,19.32,5.62,-31.51,hex
PANTONE 540U,,#3F526F,34.47,0.97,-18.97,hex
PANTONE 5415C,,#587993,49.32,-4.75,-17.80,hex
PANTONE 5415U,,#677F91,51.96,-4.24,-12.54,hex
PANTONE 541C,,#003C79,25.60,8.86,-39.47,hex
PANTONE 541U,,#3A557C,35.70,1.90,-25.16,hex
PANTONE 5425C,,#7C98AE,61.48,-4.55,-14.68,hex
PANTONE 5425U,,#7993A5,59.57,-4.91,-12.47,hex
PANTONE 542C,,#5998C9,60.60,-6.07,-31.39,hex
PANTONE 542U,,#699CC6,62.39,-5.56,-26.89,hex
PANTONE 5435C,,#A5B8C9,73.87,-2.93,-10.78,hex
PANTONE 5435U,,#9DB4C4,72.09,-4.43,-10.76,hex
PANTONE 543C,,#93B9DC,73.59,-4.43,-21.66,hex
PANTONE 543U,,#79ABD2,67.90,-6.45,-25.00,hex
PANTONE 5445C,,#BCCAD6,80.62,-2.36,-7.59,hex
PANTONE 5445U,,#B4C7D3,79.19,-3.98,-8.16,hex
PANTONE 544C,,#B1CBE5,80.58,-3.13,-15.76,hex
PANTONE 544U,,#97C1DF,76.10,-6.85,-19.46,hex
PANTONE 5455C,,#CCD6E0,85.16,-1.45,-6.08,hex
PANTONE 5455U,,#C7D7E0,85.06,-3.60,-6.26,hex
PANTONE 545C,,#BFD3E6,83.64,-2.82,-11.61,hex
PANTONE 545U,,#AECFE6,81.48,-5.92,-14.97,hex
PANTONE 5463C,,#002830,14.01,-10.01,-9.08,hex
PANTONE 5463U,,#3E4E56,32.13,-4.16,-6.78,hex
PANTONE 5467C,,#183533,19.96,-11.50,-2.12,hex
PANTONE 5467U,,#545F5F,39.40,-4.24,-1.45,hex
PANTONE 546C,,#003440,19.33,-10.82,-12.02,hex
PANTONE 546U,,#465058,33.44,-2.00,-6.02,hex
PANTONE 5473C,,#00626E,37.59,-19.62,-13.74,hex
PANTONE 5473U,,#516D75,44.19,-8.11,-7.76,hex
PANTONE 5477C,,#3C5B59,36.30,-11.85,-2.49,hex
PANTONE 5477U,,#5F7070,45.89,-6.31,-2.13,hex
PANTONE 547C,,#003E51,23.80,-9.98,-16.50,hex
PANTONE 547U,,#415866,36.10,-4.85,-10.85,hex
PANTONE 5483C,,#4F8D97,55.02,-17.21,-11.54,hex
PANTONE 5483U,,#5F8289,52.07,-10.49,-7.76,hex
PANTONE 5487C,,#627D7C,50.36,-9.90,-2.66,hex
PANTONE 5487U,,#697C7D,50.57,-6.70,-2.88,hex
PANTONE 548C,,#004159,25.26,-8.52,-19.46,hex
PANTONE 548U,,#3E5E6F,38.16,-6.75,-13.32,hex
PANTONE 5493C,,#81ADB5,67.94,-12.76,-8.87,hex
PANTONE 5493U,,#769CA3,61.89,-11.28,-7.89,hex
PANTONE 5497C,,#8DA09F,64.41,-6.87,-1.75,hex
PANTONE 5497U,,#819595,60.19,-7.08,-2.40,hex
PANTONE 549C,,#5B97B1,59.46,-12.28,-19.61,hex
PANTONE 549U,,#6899AE,60.59,-10.88,-16.14,hex
PANTONE 5503C,,#A1C3C9,76.57,-10.03,-6.78,hex
PANTONE 5503U,,#94B7BC,72.09,-10.64,-6.44,hex
PANTONE 5507C,,#AAB8B9,73.76,-4.63,-2.17,hex
PANTONE 5507U,,#96A9A7,67.76,-7.01,-1.22,hex
PANTONE 550C,,#85B0C6,69.55,-9.05,-15.82,hex
PANTONE 550U,,#7AAABE,66.98,-10.95,-15.34,hex
PANTONE 5513C,,#BED5D9,83.73,-6.86,-4.58,hex
PANTONE 5513U,,#ACCACD,79.28,-9.37,-4.86,hex
PANTONE 5517C,,#BFCBCC,80.82,-3.88,-1.91,hex
PANTONE 5517U,,#A9BAB7,74.17,-6.43,-0.48,hex
PANTONE 551C,,#9FC1D3,76.20,-7.36,-12.77,hex
PANTONE 551U,,#96C0CE,75.23,-10.68,-11.57,hex
PANTONE 5523C,,#CFDEE1,87.46,-4.43,-3.19,hex
PANTONE 5523U,,#BCD5D6,83.51,-8.11,-3.32,hex
PANTONE 5527C,,#CCD4D4,84.32,-2.71,-0.94,hex
PANTONE 5527U,,#B8C7C4,79.05,-5.68,-0.26,hex
PANTONE 552C,,#B9D0DC,82.16,-5.24,-8.54,hex
PANTONE 552U,,#B0D0DC,81.57,-8.05,-9.48,hex
PANTONE 5535C,,#1B3930,21.48,-13.87,2.15,hex
PANTONE 5535U,,#485956,36.36,-7.24,-0.44,hex
PANTONE 553C,,#214232,25.11,-16.56,6.03,hex
PANTONE 553U,,#5A685D,42.56,-7.70,4.41,hex
PANTONE 5545C,,#4A6D62,43.17,-15.17,2.14,hex
PANTONE 5545U,,#60766F,47.74,-9.62,1.17,hex
PANTONE 554C,,#24604A,36.43,-25.31,6.86,hex
PANTONE 554U,,#577565,46.56,-14.45,5.33,hex
PANTONE 5555C,,#6E8D82,56.06,-13.31,2.29,hex
PANTONE 5555U,,#768E87,57.02,-10.03,0.88,hex
PANTONE 555C,,#13694E,39.23,-31.55,8.30,hex
PANTONE 555U,,#567E6A,49.42,-18.57,6.47,hex
PANTONE 5565C,,#8FA8A0,66.81,-10.29,1.22,hex
PANTONE 5565U,,#8AA29A,64.62,-10.02,1.35,hex
PANTONE 556C,,#74A18E,62.64,-19.33,5.02,hex
PANTONE 556U,,#719E8B,61.51,-19.39,5.05,hex
PANTONE 5575C,,#A9BDB6,74.96,-8.21,1.21,hex
PANTONE 5575U,,#9DB4AB,71.39,-9.70,1.92,hex
PANTONE 557C,,#98BAAC,72.74,-14.31,3.30,hex
PANTONE 557U,,#88B29F,69.17,-18.07,5.13,hex
PANTONE 5585C,,#C0CFCB,81.92,-5.83,0.24,hex
PANTONE 5585U,,#A2B9AF,73.20,-9.85,2.41,hex
PANTONE 558C,,#ACC7BD,78.05,-11.05,1.94,hex
PANTONE 558U,,#9AC0AE,74.59,-16.35,4.89,hex
PANTONE 5595C,,#D3DEDB,87.58,-4.24,0.19,hex
PANTONE 5595U,,#C1D2C7,82.68,-7.80,3.48,hex
PANTONE 559C,,#C0D4CD,83.28,-8.04,1.17,hex
PANTONE 559U,,#B5D1C0,81.42,-12.63,5.29,hex
PANTONE 5605C,,#193025,17.71,-12.23,4.24,hex
PANTONE 5605U,,#5E695E,43.20,-6.53,4.77,hex
PANTONE 560C,,#22483F,27.66,-16.14,1.23,hex
PANTONE 560U,,#4B5E5B,38.30,-7.92,-0.68,hex
PANTONE 5615C,,#5A7060,45.09,-11.64,6.23,hex
PANTONE 5615U,,#6A7970,49.38,-7.46,3.06,hex
PANTONE 561C,,#0F6259,37.04,-25.54,-1.59,hex
PANTONE 561U,,#466D69,43.15,-14.72,-2.14,hex
PANTONE 5625C,,#6C8072,51.66,-10.24,5.18,hex
PANTONE 5625U,,#798981,55.63,-7.46,2.32,hex
PANTONE 562C,,#007770,44.75,-29.64,-4.20,hex
PANTONE 562U,,#43807A,49.54,-21.33,-2.88,hex
PANTONE 5635C,,#97A69B,66.69,-7.44,3.89,hex
PANTONE 5635U,,#8D9D94,63.27,-7.48,2.77,hex
PANTONE 563C,,#72B8B4,70.28,-22.93,-4.93,hex
PANTONE 563U,,#76B9AF,70.62,-23.54,-1.66,hex
PANTONE 5645C,,#B1BCB5,75.23,-5.13,2.22,hex
PANTONE 5645U,,#9FAFA5,70.00,-7.52,3.22,hex
PANTONE 564C,,#98CCC9,78.51,-17.42,-3.99,hex
PANTONE 564U,,#88C6BC,75.61,-21.98,-1.33,hex
PANTONE 5655C,,#BDC5BF,78.76,-3.87,2.05,hex
PANTONE 5655U,,#B3C0B6,76.47,-6.36,3.50,hex
PANTONE 565C,,#B9DCDA,85.28,-11.85,-2.86,hex
PANTONE 565U,,#91D1C5,79.41,-22.87,-0.55,hex
PANTONE 5665C,,#CDD3CD,83.95,-3.14,2.25,hex
PANTONE 5665U,,#BCC8BD,79.43,-6.15,4.08,hex
PANTONE 566C,,#CDE3E2,88.64,-7.45,-2.00,hex
PANTONE 566U,,#B4E1D6,86.21,-16.75,0.57,hex
PANTONE 567C,,#18453B,26.06,-18.27,1.45,hex
PANTONE 567U,,#4A635D,39.86,-10.72,0.37,hex
PANTONE 568C,,#006C5B,40.38,-30.95,2.04,hex
PANTONE 568U,,#458075,49.48,-22.12,-0.02,hex
PANTONE 569C,,#008478,49.32,-33.26,-2.19,hex
PANTONE 569U,,#2C8F82,53.80,-31.35,-1.35,hex
PANTONE 570C,,#76C6BE,74.80,-26.43,-3.71,hex
PANTONE 570U,,#62C2B1,72.46,-32.53,-0.16,hex
PANTONE 571C,,#9DD6CF,81.71,-19.67,-2.46,hex
PANTONE 571U,,#85D8C8,80.89,-28.93,-0.07,hex
PANTONE 572C,,#B4DEDB,85.53,-14.21,-3.06,hex
PANTONE 572U,,#95DECF,83.51,-25.92,0.13,hex
PANTONE 573C,,#C1E2DE,87.49,-11.57,-1.68,hex
PANTONE 573U,,#BBE9DE,88.98,-16.96,0.46,hex
PANTONE 5743C,,#3E4723,28.52,-10.42,20.36,hex
PANTONE 5743U,,#636A51,43.59,-7.52,13.17,hex
PANTONE 5747C,,#404616,28.19,-10.27,27.29,hex
PANTONE 5747U,,#70744E,47.61,-8.21,20.54,hex
PANTONE 574C,,#404F24,31.37,-14.01,23.29,hex
PANTONE 574U,,#6A7355,46.95,-9.09,15.51,hex
PANTONE 5753C,,#5E6639,41.50,-10.96,24.37,hex
PANTONE 5753U,,#747C61,50.68,-8.10,13.78,hex
PANTONE 5757C,,#6F732D,46.75,-11.81,37.32,hex
PANTONE 5757U,,#81855C,54.25,-8.57,21.67,hex
PANTONE 575C,,#56732E,44.85,-22.68,34.17,hex
PANTONE 575U,,#6F8456,52.46,-16.23,22.41,hex
PANTONE 5763C,,#6E7649,47.95,-10.88,23.81,hex
PANTONE 5763U,,#7E876D,54.94,-8.22,12.90,hex
PANTONE 5767C,,#8D9150,58.50,-11.56,33.88,hex
PANTONE 5767U,,#94986C,61.51,-8.91,22.74,hex
PANTONE 576C,,#668E3C,54.55,-28.20,38.66,hex
PANTONE 576U,,#7A9B62,60.30,-22.13,26.26,hex
PANTONE 5773C,,#939871,61.53,-8.59,19.98,hex
PANTONE 5773U,,#9AA184,64.98,-7.74,14.29,hex
PANTONE 5777C,,#A7AB74,68.46,-10.34,27.91,hex
PANTONE 5777U,,#A6A97B,67.96,-8.73,23.46,hex
PANTONE 577C,,#B2C891,77.77,-17.01,25.12,hex
PANTONE 577U,,#93B479,69.63,-21.97,26.53,hex
PANTONE 5783C,,#ADB291,71.40,-7.52,16.31,hex
PANTONE 5783U,,#B5BB9F,74.74,-7.04,13.49,hex
PANTONE 5787C,,#C1C49A,77.96,-8.05,20.80,hex
PANTONE 5787U,,#BABE8F,75.61,-9.18,23.34,hex
PANTONE 578C,,#BDD0A0,81.00,-14.78,21.76,hex
PANTONE 578U,,#A7C58E,76.13,-19.99,24.36,hex
PANTONE 5793C,,#BDC2A9,77.44,-6.15,12.00,hex
PANTONE 5793U,,#C5CAAF,80.30,-6.43,12.91,hex
PANTONE 5797C,,#CED1B3,82.90,-6.16,14.56,hex
PANTONE 5797U,,#C7CA9C,80.06,-8.61,22.69,hex
PANTONE 579C,,#C5D5A9,83.09,-13.02,19.99,hex
PANTONE 579U,,#BAD29E,81.29,-17.17,23.18,hex
PANTONE 5803C,,#CED2BF,83.43,-4.72,8.95,hex
PANTONE 5803U,,#CFD3B8,83.61,-6.03,12.92,hex
PANTONE 5807C,,#D9DCC5,86.98,-4.99,10.96,hex
PANTONE 5807U,,#D1D3A9,83.45,-7.62,20.63,hex
PANTONE 580C,,#CFDDBB,86.29,-10.66,15.13,hex
PANTONE 580U,,#C9DCAC,85.29,-14.65,21.52,hex
PANTONE 5815C,,#4B4516,28.93,-4.15,28.40,hex
PANTONE 5815U,,#736F4C,46.36,-4.36,20.09,hex
PANTONE 581C,,#605A12,37.56,-6.48,39.40,hex
PANTONE 581U,,#78754A,48.52,-5.87,24.16,hex
PANTONE 5825C,,#7D762F,48.91,-6.92,39.09,hex
PANTONE 5825U,,#8B865D,55.41,-4.82,22.80,hex
PANTONE 582C,,#888600,54.33,-12.44,58.79,hex
PANTONE 582U,,#919145,58.70,-10.94,39.84,hex
PANTONE 5835C,,#9D9754,61.60,-7.56,35.91,hex
PANTONE 5835U,,#938F66,58.80,-5.26,22.41,hex
PANTONE 583C,,#ABB400,70.39,-20.52,71.89,hex
PANTONE 583U,,#A6B340,69.98,-19.98,55.14,hex
PANTONE 5845C,,#ADA86B,67.99,-7.45,32.17,hex
PANTONE 5845U,,#A7A375,66.29,-5.96,24.48,hex
PANTONE 584C,,#CBD34C,81.73,-19.72,63.44,hex
PANTONE 584U,,#CED665,83.00,-18.16,54.08,hex
PANTONE 5855C,,#C7C397,78.11,-5.69,22.68,hex
PANTONE 5855U,,#BDB889,74.13,-5.72,24.58,hex
PANTONE 585C,,#D8DB6F,85.21,-15.77,52.23,hex
PANTONE 585U,,#E3E685,89.21,-14.79,46.78,hex
PANTONE 5865C,,#D3CFAC,82.62,-4.38,17.93,hex
PANTONE 5865U,,#CCC895,79.79,-6.65,26.09,hex
PANTONE 586C,,#DDE18A,87.51,-14.11,42.09,hex
PANTONE 586U,,#E7E988,90.34,-14.41,46.80,hex
PANTONE 5875C,,#D9D7B9,85.43,-4.34,15.08,hex
PANTONE 5875U,,#D7D3A1,83.76,-6.52,25.33,hex
PANTONE 587C,,#E2E59F,89.26,-11.74,33.89,hex
PANTONE 587U,,#EAEC97,91.56,-13.13,41.03,hex
PANTONE 600C,,#EEEBB6,92.12,-7.28,26.16,hex
PANTONE 600U,,#F9F29D,94.35,-9.71,41.88,hex
PANTONE 601C,,#EEEAA5,91.57,-8.97,34.08,hex
PANTONE 601U,,#F7EF8F,93.23,-10.46,47.28,hex
PANTONE 602C,,#EEE88D,90.70,-10.68,44.92,hex
PANTONE 602U,,#F7EE83,92.82,-11.11,52.53,hex
PANTONE 603C,,#EDE25E,88.55,-12.06,64.08,hex
PANTONE 603U,,#F3E564,89.87,-10.71,63.10,hex
PANTONE 604C,,#EADB1B,86.12,-12.56,82.72,hex
PANTONE 604U,,#EDDC4D,86.86,-10.07,69.19,hex
PANTONE 605C,,#E0CA00,80.79,-8.61,81.47,hex
PANTONE 605U,,#E0CC39,81.47,-8.41,70.79,hex
PANTONE 606C,,#D8BD00,76.68,-5.44,78.20,hex
PANTONE 606U,,#CEB829,74.55,-6.47,68.96,hex
PANTONE 607C,,#EBE9C3,91.63,-5.51,18.76,hex
PANTONE 607U,,#F3EAA1,91.90,-7.56,36.61,hex
PANTONE 608C,,#E9E6B4,90.42,-6.87,24.80,hex
PANTONE 608U,,#F0E691,90.40,-8.49,42.60,hex
PANTONE 609C,,#E7E29A,88.79,-8.94,35.87,hex
PANTONE 609U,,#EBE081,88.24,-9.05,47.65,hex
PANTONE 610C,,#E2D973,85.52,-10.41,50.90,hex
PANTONE 610U,,#E0D268,83.41,-8.62,53.55,hex
PANTONE 611C,,#D8CC46,80.87,-11.17,65.24,hex
PANTONE 611U,,#C8B94E,74.53,-7.72,54.80,hex
PANTONE 612C,,#C4B300,72.21,-9.04,74.17,hex
PANTONE 612U,,#B7A73F,68.07,-6.58,53.98,hex
PANTONE 613C,,#B39D00,64.72,-5.07,68.09,hex
PANTONE 613U,,#A29438,60.91,-6.09,48.89,hex
PANTONE 614C,,#E3E1C1,88.94,-4.63,15.93,hex
PANTONE 614U,,#E1D9A1,86.11,-5.81,28.64,hex
PANTONE 615C,,#DDDBB1,86.61,-6.13,20.96,hex
PANTONE 615U,,#D8D096,82.87,-6.04,29.86,hex
PANTONE 616C,,#D7D29D,83.43,-6.54,26.96,hex
PANTONE 616U,,#CDC588,78.86,-6.38,31.66,hex
PANTONE 617C,,#C9C37F,77.86,-7.98,34.95,hex
PANTONE 617U,,#BBB275,72.02,-5.88,32.35,hex
PANTONE 618C,,#B4A851,68.24,-7.10,45.84,hex
PANTONE 618U,,#A69D62,64.24,-5.50,32.02,hex
PANTONE 619C,,#9C8E2A,58.59,-6.33,52.21,hex
PANTONE 619U,,#968D54,58.20,-5.12,31.54,hex
PANTONE 620C,,#887811,50.34,-4.41,52.36,hex
PANTONE 620U,,#877F49,52.74,-5.06,30.35,hex
PANTONE 621C,,#D2DFDC,87.80,-4.90,-0.04,hex
PANTONE 621U,,#CADFD4,87.04,-9.04,3.01,hex
PANTONE 622C,,#BDD2CC,82.52,-8.19,0.57,hex
PANTONE 622U,,#B3CBC1,79.70,-10.02,2.25,hex
PANTONE 623C,Green,#9EBCB3,72.62,-12.93,2.58,std
PANTONE 623U,,#96B5AB,71.19,-12.57,1.58,hex
PANTONE 624C,,#78A095,62.76,-16.01,1.30,hex
PANTONE 624U,,#82A198,63.76,-12.61,1.14,hex
PANTONE 625C,,#518274,50.66,-19.98,2.35,hex
PANTONE 625U,,#6C8A82,55.05,-12.35,0.80,hex
PANTONE 626C,,#1F5647,32.70,-22.21,3.38,hex
PANTONE 626U,,#59756F,46.97,-11.50,-0.01,hex
PANTONE 627C,,#032D23,15.58,-17.18,2.46,hex
PANTONE 627U,,#455D58,37.48,-10.21,-0.07,hex
PANTONE 628C,,#C8E2E8,88.21,-7.35,-5.83,hex
PANTONE 628U,,#B4E0E6,86.37,-12.90,-7.63,hex
PANTONE 629C,,#AADAE5,84.14,-13.02,-10.47,hex
PANTONE 629U,,#8DD0DE,79.64,-17.64,-13.64,hex
PANTONE 630C,,#82CBDD,77.68,-18.17,-16.09,hex
PANTONE 630U,,#74C4D7,74.89,-19.56,-17.13,hex
PANTONE 631C,,#48B8D2,69.69,-23.55,-22.44,hex
PANTONE 631U,,#56B2CB,68.11,-20.13,-20.96,hex
PANTONE 632C,,#009EC0,60.12,-22.33,-27.23,hex
PANTONE 632U,,#3998B5,58.66,-18.32,-23.21,hex
PANTONE 633C,,#007CA4,48.38,-14.03,-29.42,hex
PANTONE 633U,,#27829E,50.53,-16.62,-22.55,hex
PANTONE 634C,,#00628C,38.95,-8.10,-29.94,hex
PANTONE 634U,,#226E8A,43.25,-13.05,-21.99,hex
PANTONE 635C,,#ADDDEB,85.30,-12.33,-11.91,hex
PANTONE 635U,,#ACE3EF,86.97,-14.77,-11.53,hex
PANTONE 636C,,#8DD4E9,81.09,-16.93,-17.34,hex
PANTONE 636U,,#8AD8ED,82.18,-18.70,-17.84,hex
PANTONE 637C,,#5BC8E7,75.64,-22.22,-24.72,hex
PANTONE 637U,,#5EC8E5,75.66,-22.26,-23.60,hex
PANTONE 638C,,#00B2DE,67.36,-22.32,-32.69,hex
PANTONE 638U,,#32B8DF,69.67,-22.27,-29.62,hex
PANTONE 639C,,#009ACF,59.54,-14.86,-36.55,hex
PANTONE 639U,,#009ECC,60.61,-18.11,-33.19,hex
PANTONE 640C,,#0085C2,52.58,-7.84,-40.12,hex
PANTONE 640U,,#008ABA,53.73,-13.70,-33.76,hex
PANTONE 641C,,#0070B2,45.36,-1.52,-42.34,hex
PANTONE 641U,,#0078A7,47.26,-10.60,-32.91,hex
PANTONE 642C,,#CED9E7,86.26,-0.98,-8.13,hex
PANTONE 642U,,#D3E0EA,88.50,-2.41,-6.37,hex
PANTONE 643C,,#C5D2E3,83.71,-1.02,-9.87,hex
PANTONE 643U,,#BFD2E4,83.32,-2.72,-11.03,hex
PANTONE 644C,,#97B1D0,71.27,-1.87,-18.61,hex
PANTONE 644U,,#9DB9D5,73.98,-3.22,-17.21,hex
PANTONE 645C,,#7498C0,61.63,-2.16,-24.63,hex
PANTONE 645U,,#84A3C4,65.81,-2.74,-20.38,hex
PANTONE 646C,,#5781AE,52.71,-1.68,-28.30,hex
PANTONE 646U,,#6E8DB0,57.56,-1.96,-21.86,hex
PANTONE 647C,,#11568C,35.34,0.47,-35.64,hex
PANTONE 647U,,#5F7A9D,50.44,-0.49,-21.91,hex
PANTONE 648C,,#002B5F,18.16,9.51,-34.71,hex
PANTONE 648U,,#4E6282,41.16,1.18,-20.24,hex
PANTONE 649C,,#D4DCE8,87.49,-0.41,-6.79,hex
PANTONE 649U,,#E1E7EE,91.38,-0.71,-4.09,hex
PANTONE 650C,,#C2CDE0,82.12,0.04,-10.67,hex
PANTONE 650U,,#D7E0EB,88.81,-0.93,-6.40,hex
PANTONE 651C,,#99AECE,70.52,-0.11,-18.63,hex
PANTONE 651U,,#AFC3DC,78.06,-1.50,-14.73,hex
PANTONE 652C,,#6F8DB9,57.97,0.81,-26.34,hex
PANTONE 652U,,#89A2C4,65.86,-0.72,-20.28,hex
PANTONE 653C,,#2A568F,36.23,4.75,-35.99,hex
PANTONE 653U,,#6780A4,52.95,0.25,-22.07,hex
PANTONE 654C,,#003066,20.33,9.01,-35.79,hex
PANTONE 654U,,#55688B,43.79,2.21,-21.56,hex
PANTONE 655C,,#002252,14.13,10.29,-32.54,hex
PANTONE 655U,,#4E5D7F,39.55,3.39,-20.91,hex
PANTONE 656C,,#D4DDED,87.88,0.05,-8.84,hex
PANTONE 656U,,#E2EAF2,92.32,-1.17,-4.79,hex
PANTONE 657C,,#BFD0EA,82.98,-0.39,-14.73,hex
PANTONE 657U,,#D6E2F2,89.44,-0.91,-9.15,hex
PANTONE 658C,,#A1BBE4,75.28,0.46,-23.35,hex
PANTONE 658U,,#B8CFEE,82.37,-1.12,-17.82,hex
PANTONE 659C,,#6E96D5,61.59,3.47,-36.47,hex
PANTONE 659U,,#96B6E5,73.28,0.32,-27.01,hex
PANTONE 660C,,#296DC1,45.98,8.93,-50.00,hex
PANTONE 660U,,#658BCC,57.65,5.02,-37.64,hex
PANTONE 661C,,#003596,26.00,26.28,-56.86,hex
PANTONE 661U,,#4967AA,44.26,9.57,-39.28,hex
PANTONE 662C,,#002280,18.81,30.40,-54.99,hex
PANTONE 662U,,#425390,36.66,11.94,-35.84,hex
PANTONE 663C,,#DED8E6,87.17,4.59,-6.13,hex
PANTONE 663U,,#E2D9E3,87.65,4.85,-3.80,hex
PANTONE 664C,,#D7D0E0,84.45,5.33,-7.03,hex
PANTONE 664U,,#DACFDD,84.36,6.31,-5.55,hex
PANTONE 665C,,#C5BBD3,77.35,8.01,-10.76,hex
PANTONE 665U,,#C5B8CE,76.44,8.66,-9.41,hex
PANTONE 666C,,#A392B7,63.15,13.54,-16.94,hex
PANTONE 666U,,#AEA1BC,68.11,9.88,-12.17,hex
PANTONE 667C,,#7C6495,46.40,19.70,-23.22,hex
PANTONE 667U,,#9083A1,56.82,10.92,-14.16,hex
PANTONE 668C,,#624A7E,35.99,21.43,-25.70,hex
PANTONE 668U,,#817391,50.66,11.54,-14.31,hex
PANTONE 669C,,#432C5F,23.07,22.38,-26.58,hex
PANTONE 669U,,#71637F,44.19,11.39,-13.55,hex
PANTONE 670C,,#EAD4E4,87.09,10.35,-5.09,hex
PANTONE 670U,,#F3D6E5,88.36,12.54,-3.66,hex
PANTONE 671C,,#E6C1DB,81.88,17.46,-8.03,hex
PANTONE 671U,,#EFC3DD,83.23,19.82,-7.01,hex
PANTONE 672C,,#E1A7CF,74.92,27.60,-11.95,hex
PANTONE 672U,,#E8A7CD,75.58,29.65,-9.80,hex
PANTONE 673C,,#DA89BE,66.91,38.43,-14.64,hex
PANTONE 673U,,#DF8CBA,68.01,37.89,-10.69,hex
PANTONE 674C,,#CE62A4,56.62,50.47,-15.51,hex
PANTONE 674U,,#CD72A1,59.52,41.64,-9.43,hex
PANTONE 675C,,#B62A79,42.74,60.95,-11.17,hex
PANTONE 675U,,#BD618E,53.30,42.26,-7.87,hex
PANTONE 676C,,#A30059,35.02,61.28,-2.87,hex
PANTONE 676U,,#A85079,46.24,40.90,-6.16,hex
PANTONE 677C,,#E5D1DF,85.80,9.34,-4.38,hex
PANTONE 677U,,#EDD2E0,86.74,11.72,-3.45,hex
PANTONE 678C,,#E2C9DA,83.45,11.66,-5.22,hex
PANTONE 678U,,#E5C0D4,81.35,16.43,-5.06,hex
PANTONE 679C,,#DEBDD4,80.00,15.62,-7.13,hex
PANTONE 679U,,#DAACC6,75.13,20.94,-6.79,hex
PANTONE 680C,,#CB97B7,68.20,24.55,-8.96,hex
PANTONE 680U,,#C08BA9,63.78,24.87,-7.80,hex
PANTONE 681C,,#B8749E,57.22,32.89,-11.41,hex
PANTONE 681U,,#A5708D,53.51,25.48,-7.30,hex
PANTONE 682C,,#9C4878,42.85,40.80,-10.80,hex
PANTONE 682U,,#905D78,45.79,25.01,-6.57,hex
PANTONE 683C,,#7C2250,29.44,42.79,-6.13,hex
PANTONE 683U,,#805268,40.61,22.64,-4.71,hex
PANTONE 684C,,#E5CAD9,83.92,11.98,-3.96,hex
PANTONE 684U,,#ECCBD9,84.77,13.87,-2.64,hex
PANTONE 685C,,#E1BCD0,79.91,16.49,-5.07,hex
PANTONE 685U,,#E4BDD0,80.43,17.00,-4.28,hex
PANTONE 686C,,#DBAEC6,75.71,20.21,-5.93,hex
PANTONE 686U,,#D5A6BE,72.98,21.08,-5.63,hex
PANTONE 687C,,#C686A9,63.28,29.75,-8.48,hex
PANTONE 687U,,#BD8CA6,63.61,22.73,-6.39,hex
PANTONE 688C,,#B46B93,54.37,34.61,-9.33,hex
PANTONE 688U,,#A2738C,53.85,22.50,-6.23,hex
PANTONE 689C,,#95416F,40.11,40.70,-9.49,hex
PANTONE 689U,,#8E6178,46.52,21.94,-5.51,hex
PANTONE 690C,,#6D2348,26.51,36.59,-5.48,hex
PANTONE 690U,,#7C5060,39.36,20.93,-1.66,hex
PANTONE 691C,,#E7CDD2,84.64,9.90,0.85,hex
PANTONE 691U,,#F1D3D5,87.04,10.75,2.86,hex
PANTONE 692C,,#E2C1C8,81.01,12.83,0.85,hex
PANTONE 692U,,#E9C0C5,81.32,15.37,3.00,hex
PANTONE 693C,,#D9A7B1,73.26,19.87,1.97,hex
PANTONE 693U,,#DAA5AD,72.78,20.70,3.49,hex
PANTONE 694C,,#CA909C,65.68,23.68,2.45,hex
PANTONE 694U,,#C38D96,64.04,21.82,3.38,hex
PANTONE 695C,,#B06876,52.33,30.56,4.69,hex
PANTONE 695U,,#AC7680,55.37,22.63,3.13,hex
PANTONE 696C,,#944554,39.91,34.77,7.04,hex
PANTONE 696U,,#98656C,48.34,21.58,4.51,hex
PANTONE 697C,,#81333D,32.64,34.59,11.05,hex
PANTONE 697U,,#87565B,42.10,21.03,5.58,hex
PANTONE 698C,,#EDCFD7,85.77,11.78,-0.09,hex
PANTONE 698U,,#FAD7DA,88.92,12.62,3.04,hex
PANTONE 699C,,#F0C2CD,82.66,18.07,0.73,hex
PANTONE 699U,,#FCC2CC,83.78,22.17,3.03,hex
PANTONE 700C,,#ECA9B9,75.89,26.87,1.65,hex
PANTONE 700U,,#F8AAB6,77.33,30.24,5.54,hex
PANTONE 701C,,#E58DA2,68.26,36.00,3.20,hex
PANTONE 701U,,#E98F9D,69.04,35.74,7.20,hex
PANTONE 702C,,#D5647C,56.80,46.75,8.23,hex
PANTONE 702U,,#D87987,61.68,38.41,8.85,hex
PANTONE 703C,,#BA394E,44.12,52.86,17.58,hex
PANTONE 703U,,#B45A65,49.44,37.54,10.78,hex
PANTONE 704C,,#A22630,36.52,50.42,25.56,hex
PANTONE 704U,,#A24F56,44.16,34.98,12.08,hex
PANTONE 705C,,#F2D6DE,88.09,11.01,-0.37,hex
PANTONE 705U,,#FFDDE2,90.99,12.53,1.90,hex
PANTONE 706C,,#F5C7D4,84.49,18.30,-0.28,hex
PANTONE 706U,,#FFCAD4,86.13,20.24,2.23,hex
PANTONE 707C,,#F5B0C1,78.65,27.55,1.41,hex
PANTONE 707U,,#FFB0BF,79.66,30.83,4.10,hex
PANTONE 708C,,#F590A6,70.95,40.64,5.11,hex
PANTONE 708U,,#FE99A8,73.99,39.45,8.50,hex
PANTONE 709C,,#EF6782,61.37,54.71,11.75,hex
PANTONE 709U,,#F47C8A,66.13,47.21,13.96,hex
PANTONE 710C,,#E54661,53.93,62.56,20.58,hex
PANTONE 710U,,#E4636F,58.57,51.15,18.62,hex
PANTONE 711C,,#D32939,46.62,64.33,34.44,hex
PANTONE 711U,,#CE5055,51.29,50.26,23.49,hex
PANTONE 712C,,#FACDAE,85.53,11.53,21.42,hex
PANTONE 712U,,#FFCA9D,84.97,12.98,29.64,hex
PANTONE 713C,,#FBC399,82.83,14.64,28.80,hex
PANTONE 713U,,#FFC190,82.60,16.29,33.27,hex
PANTONE 714C,,#FDB179,78.29,21.73,39.60,hex
PANTONE 714U,,#FFB07B,78.31,23.21,38.64,hex
PANTONE 715C,,#F9964A,71.18,31.08,54.49,hex
PANTONE 715U,,#F99963,72.11,31.00,43.21,hex
PANTONE 716C,,#F17C0E,64.28,39.46,69.17,hex
PANTONE 716U,,#EA8651,65.86,33.79,44.58,hex
PANTONE 717C,,#DE6100,56.17,45.25,65.14,hex
PANTONE 717U,,#D77540,59.47,34.13,45.31,hex
PANTONE 718C,,#CF5200,51.04,46.68,61.02,hex
PANTONE 718U,,#C76C3D,55.29,32.26,41.56,hex
PANTONE 719C,,#EFCFB8,85.22,7.72,15.57,hex
PANTONE 719U,,#F2C6A2,82.85,10.65,23.94,hex
PANTONE 720C,,#ECC3A5,81.61,10.32,20.56,hex
PANTONE 720U,,#ECBA93,79.08,12.87,26.66,hex
PANTONE 721C,,#E5AE86,75.24,15.04,28.31,hex
PANTONE 721U,,#DFA880,73.06,15.21,28.51,hex
PANTONE 722C,,#D58F59,65.37,21.03,39.22,hex
PANTONE 722U,,#CA916C,64.88,17.10,28.14,hex
PANTONE 723C,,#C0722F,55.53,25.43,48.40,hex
PANTONE 723U,,#B9825F,59.07,17.05,27.37,hex
PANTONE 724C,,#9A4B00,41.06,29.21,50.83,hex
PANTONE 724U,,#A57350,52.78,15.57,27.17,hex
PANTONE 725C,,#843B00,34.06,28.50,44.88,hex
PANTONE 725U,,#946747,47.56,14.22,25.21,hex
PANTONE 726C,,#E8CEBB,84.43,6.10,12.77,hex
PANTONE 726U,,#E8C6A9,82.06,7.75,19.01,hex
PANTONE 727C,,#E1BEA4,79.34,8.64,17.79,hex
PANTONE 727U,,#DCB596,76.36,9.66,21.10,hex
PANTONE 728C,,#D5AA88,72.68,11.07,23.52,hex
PANTONE 728U,,#CAA182,69.23,10.84,21.91,hex
PANTONE 729C,,#C38E63,63.22,14.97,30.75,hex
PANTONE 729U,,#BB9275,63.68,11.44,21.29,hex
PANTONE 730C,,#AC703D,52.62,18.73,37.57,hex
PANTONE 730U,,#A57E62,55.89,11.26,21.07,hex
PANTONE 731C,,#793F0D,33.24,21.69,38.67,hex
PANTONE 731U,,#957156,50.54,10.49,20.48,hex
PANTONE 732C,,#64300A,26.29,20.78,32.64,hex
PANTONE 732U,,#88674D,46.27,9.62,19.78,hex
PANTONE 7401C,,#F5E1A4,89.83,-1.90,32.38,hex
PANTONE 7401U,,#FEE5A5,91.61,-0.39,34.37,hex
PANTONE 7402C,,#ECD898,86.61,-2.18,34.10,hex
PANTONE 7402U,,#F3DA9A,87.74,-0.27,34.68,hex
PANTONE 7403C,,#EED484,85.47,-1.49,42.77,hex
PANTONE 7403U,,#F4CF81,84.71,3.19,43.43,hex
PANTONE 7404C,,#F4DA40,86.87,-6.76,74.13,hex
PANTONE 7404U,,#FDCF41,84.94,2.64,72.24,hex
PANTONE 7405C,,#F2CD00,83.20,-2.39,83.94,hex
PANTONE 7405U,,#E6B10E,75.02,7.07,76.09,hex
PANTONE 7406C,,#F1C400,80.84,1.80,82.23,hex
PANTONE 7406U,,#F1B828,77.96,8.62,73.51,hex
PANTONE 7407C,,#CBA052,68.35,7.09,46.04,hex
PANTONE 7407U,,#CCA36E,69.58,8.33,33.21,hex
PANTONE 7408C,,#F6BE00,79.85,7.05,81.78,hex
PANTONE 7408U,,#EE9D26,71.17,21.53,68.26,hex
PANTONE 7409C,,#F0B323,76.61,10.69,73.68,hex
PANTONE 7409U,,#F7AD50,76.22,18.53,57.10,hex
PANTONE 7410C,,#FEAD77,77.46,24.05,39.61,hex
PANTONE 7410U,,#FFA06E,74.53,30.52,40.64,hex
PANTONE 7411C,,#E6A65D,72.82,16.02,46.56,hex
PANTONE 7411U,,#E9A16F,72.21,21.33,36.65,hex
PANTONE 7412C,,#D38235,61.72,25.06,52.74,hex
PANTONE 7412U,,#D08C60,64.17,21.16,33.89,hex
PANTONE 7413C,,#DC8633,63.76,26.60,56.01,hex
PANTONE 7413U,,#DE8958,65.07,27.86,39.63,hex
PANTONE 7414C,,#C16C18,54.17,28.35,56.28,hex
PANTONE 7414U,,#C07F53,58.99,20.55,34.02,hex
PANTONE 7415C,,#E6BAA8,78.91,13.20,15.11,hex
PANTONE 7415U,,#EBB5A5,78.13,17.34,15.70,hex
PANTONE 7416C,,#E56A54,59.54,46.19,35.26,hex
PANTONE 7416U,,#EA746A,62.53,44.69,26.93,hex
PANTONE 7417C,,#E04E39,53.60,55.67,42.90,hex
PANTONE 7417U,,#E76B61,60.22,47.31,28.92,hex
PANTONE 7418C,,#CD545B,51.93,48.54,20.75,hex
PANTONE 7418U,,#BF6366,52.91,37.05,15.24,hex
PANTONE 7419C,,#B04A5A,45.45,43.04,11.77,hex
PANTONE 7419U,,#A6626B,49.38,28.62,6.83,hex
PANTONE 7420C,,#9B2242,35.02,50.74,11.85,hex
PANTONE 7420U,,#A45768,46.59,33.52,4.60,hex
PANTONE 7421C,,#651D32,23.26,34.01,4.53,hex
PANTONE 7421U,,#7D4E5B,38.84,21.71,0.71,hex
PANTONE 7422C,,#F4CDD4,85.83,14.79,1.66,hex
PANTONE 7422U,,#FDD4DA,88.46,15.24,2.41,hex
PANTONE 7423C,,#E06287,58.35,52.58,4.24,hex
PANTONE 7423U,,#E2758F,62.40,44.95,5.48,hex
PANTONE 7424C,,#E24585,54.16,65.06,-0.63,hex
PANTONE 7424U,,#D9577D,55.13,54.27,5.33,hex
PANTONE 7425C,,#B52555,40.91,58.70,8.65,hex
PANTONE 7425U,,#BB5A73,50.82,41.64,4.50,hex
PANTONE 7426C,,#A4123F,35.37,57.06,14.58,hex
PANTONE 7426U,,#B1556A,48.12,39.59,5.83,hex
PANTONE 7427C,,#971B2F,33.07,50.44,21.44,hex
PANTONE 7427U,,#A5525C,45.37,35.16,10.18,hex
PANTONE 7428C,,#6A2C3E,27.34,29.69,2.36,hex
PANTONE 7428U,,#805C67,43.10,16.53,-0.43,hex
PANTONE 7429C,,#E2BCCB,79.87,15.99,-2.43,hex
PANTONE 7429U,,#EECCD9,85.19,14.04,-2.00,hex
PANTONE 7430C,,#DCA9BF,74.42,22.09,-3.99,hex
PANTONE 7430U,,#E6B5C9,78.51,20.81,-3.30,hex
PANTONE 7431C,,#C9809E,61.94,32.35,-4.17,hex
PANTONE 7431U,,#DCA2B9,72.60,24.91,-3.36,hex
PANTONE 7432C,,#B55C80,50.73,40.15,-3.50,hex
PANTONE 7432U,,#C5819A,61.57,29.76,-2.48,hex
PANTONE 7433C,,#A73A64,41.48,48.42,-0.29,hex
PANTONE 7433U,,#B96F89,55.57,32.71,-1.63,hex
PANTONE 7434C,,#9B3259,37.79,46.84,1.01,hex
PANTONE 7434U,,#A8677D,51.28,29.09,-1.12,hex
PANTONE 7435C,,#872651,32.11,44.66,-2.60,hex
PANTONE 7435U,,#8C566B,43.20,25.41,-2.55,hex
PANTONE 7436C,,#EEDAEA,89.05,9.62,-5.32,hex
PANTONE 7436U,,#F3D5ED,88.33,14.46,-7.91,hex
PANTONE 7437C,,#CCAED0,74.61,16.84,-13.16,hex
PANTONE 7437U,,#D4B6D6,77.47,16.34,-12.08,hex
PANTONE 7438C,,#D59ED7,71.90,29.89,-21.02,hex
PANTONE 7438U,,#D79BD7,71.42,32.17,-21.73,hex
PANTONE 7439C,,#B288B9,62.15,24.65,-19.46,hex
PANTONE 7439U,,#C09CC6,68.80,20.76,-16.53,hex
PANTONE 7440C,,#A277A6,55.71,25.07,-18.55,hex
PANTONE 7440U,,#B796BA,66.08,18.70,-14.02,hex
PANTONE 7441C,,#9F5CC0,50.49,44.66,-41.73,hex
PANTONE 7441U,,#AE7ECA,60.06,32.51,-32.32,hex
PANTONE 7442C,,#963CBD,43.35,57.47,-51.45,hex
PANTONE 7442U,,#9E62BE,51.52,40.70,-38.95,hex
PANTONE 7443C,,#DDDAE8,87.65,3.59,-6.48,hex
PANTONE 7443U,,#DDD8EB,87.23,5.20,-8.68,hex
PANTONE 7444C,,#B6B8DC,75.69,6.63,-18.24,hex
PANTONE 7444U,,#BCBDE2,77.62,7.11,-18.53,hex
PANTONE 7445C,,#A7A2C3,68.02,8.46,-16.25,hex
PANTONE 7445U,,#ACA8C7,70.11,7.64,-15.27,hex
PANTONE 7446C,,#8986CA,58.63,16.84,-34.79,hex
PANTONE 7446U,,#9493CF,63.07,13.80,-30.64,hex
PANTONE 7447C,,#5D4777,34.33,19.88,-23.99,hex
PANTONE 7447U,,#7F7392,50.51,11.06,-15.14,hex
PANTONE 7448C,,#4B384C,26.29,12.50,-8.98,hex
PANTONE 7448U,,#726874,45.27,6.34,-5.27,hex
PANTONE 7449C,,#41273B,19.60,15.92,-7.77,hex
PANTONE 7449U,,#63515C,36.58,9.58,-3.60,hex
PANTONE 7450C,,#BDC5DB,79.54,1.64,-11.88,hex
PANTONE 7450U,,#C3CBE0,81.67,1.42,-11.32,hex
PANTONE 7451C,,#89ABE3,69.46,2.35,-31.86,hex
PANTONE 7451U,,#94B3EA,72.54,2.71,-30.87,hex
PANTONE 7452C,,#8094DD,62.50,11.43,-39.43,hex
PANTONE 7452U,,#91A0E4,67.10,10.96,-36.04,hex
PANTONE 7453C,,#7BA6DE,67.09,0.17,-32.85,hex
PANTONE 7453U,,#88ADE3,69.94,0.98,-31.13,hex
PANTONE 7454C,,#5F8FB4,57.44,-5.96,-24.40,hex
PANTONE 7454U,,#7599BB,61.78,-3.80,-21.58,hex
PANTONE 7455C,,#3A5DAE,40.87,14.43,-47.09,hex
PANTONE 7455U,,#6B7DB9,53.27,9.12,-33.66,hex
PANTONE 7456C,,#606EB2,48.07,13.24,-37.83,hex
PANTONE 7456U,,#8089C0,58.31,9.85,-29.70,hex
PANTONE 7457C,,#BBDDE6,86.00,-9.25,-8.13,hex
PANTONE 7457U,,#BFE3ED,88.03,-9.62,-8.78,hex
PANTONE 7458C,,#71B2C9,69.16,-14.69,-18.17,hex
PANTONE 7458U,,#67A5BF,64.61,-12.98,-19.58,hex
PANTONE 7459C,,#4298B5,58.93,-16.84,-22.78,hex
PANTONE 7459U,,#518EAA,56.08,-11.74,-20.82,hex
PANTONE 7460C,,#0086BF,52.74,-9.56,-38.17,hex
PANTONE 7460U,,#008EC0,55.23,-13.72,-34.84,hex
PANTONE 7461C,,#007DBA,49.75,-6.22,-40.01,hex
PANTONE 7461U,,#4492C6,57.91,-7.65,-33.96,hex
PANTONE 7462C,,#00558C,34.78,0.06,-36.53,hex
PANTONE 7462U,,#547AA3,50.03,-1.68,-26.09,hex
PANTONE 7463C,,#002B49,16.55,-0.74,-22.53,hex
PANTONE 7463U,,#51657D,42.06,-1.18,-15.82,hex
PANTONE 7464C,,#A0D1CA,80.37,-17.33,-1.73,hex
PANTONE 7464U,,#AADBD7,84.02,-16.59,-3.22,hex
PANTONE 7465C,,#40C1AC,71.01,-39.89,0.32,hex
PANTONE 7465U,,#55C7B5,73.62,-36.62,-0.70,hex
PANTONE 7466C,,#00B0B9,65.40,-33.60,-15.27,hex
PANTONE 7466U,,#00B4BC,66.73,-34.54,-14.92,hex
PANTONE 7467C,,#00A3AD,60.97,-31.23,-15.25,hex
PANTONE 7467U,,#00A8B0,62.62,-32.66,-14.43,hex
PANTONE 7468C,,#007398,44.98,-13.44,-27.67,hex
PANTONE 7468U,,#3F7793,47.44,-9.94,-20.80,hex
PANTONE 7469C,,#005F86,37.67,-8.68,-28.31,hex
PANTONE 7469U,,#3C6E89,44.11,-8.61,-19.98,hex
PANTONE 7470C,,#005A70,34.97,-14.38,-19.01,hex
PANTONE 7470U,,#437083,44.83,-9.94,-15.28,hex
PANTONE 7471C,,#7EDDD3,82.30,-30.52,-3.89,hex
PANTONE 7471U,,#7FE2D8,83.89,-31.46,-4.19,hex
PANTONE 7472C,,#5CB8B2,69.30,-28.83,-5.38,hex
PANTONE 7472U,,#6BBDB9,71.57,-25.98,-5.80,hex
PANTONE 7473C,,#279989,57.09,-34.78,-0.57,hex
PANTONE 7473U,,#5EA59A,63.03,-25.04,-1.28,hex
PANTONE 7474C,,#007681,45.00,-23.48,-13.98,hex
PANTONE 7474U,,#458A94,53.58,-18.82,-12.02,hex
PANTONE 7475C,,#487A7B,47.91,-16.52,-5.85,hex
PANTONE 7475U,,#6B8B8D,55.60,-10.71,-4.75,hex
PANTONE 7476C,,#0D5257,31.36,-18.03,-8.78,hex
PANTONE 7476U,,#5A777B,48.00,-9.40,-5.60,hex
PANTONE 7477C,,#244C5A,30.11,-9.47,-12.53,hex
PANTONE 7477U,,#5D7079,46.04,-4.87,-7.32,hex
PANTONE 7478C,,#9BE3BF,84.83,-29.93,10.51,hex
PANTONE 7478U,,#A0EAC5,87.17,-30.58,10.74,hex
PANTONE 7479C,,#26D07C,74.17,-60.04,30.27,hex
PANTONE 7479U,,#29CB7E,72.68,-57.55,27.27,hex
PANTONE 7480C,,#00BF6F,68.32,-58.80,29.25,hex
PANTONE 7480U,,#00C281,69.59,-56.20,21.46,hex
PANTONE 7481C,,#00B74F,65.30,-61.49,41.51,hex
PANTONE 7481U,,#00BA6E,66.70,-57.26,27.65,hex
PANTONE 7482C,,#009F4D,57.40,-53.97,32.88,hex
PANTONE 7482U,,#27A770,60.99,-46.98,18.97,hex
PANTONE 7483C,,#275D38,35.09,-27.25,15.99,hex
PANTONE 7483U,,#587762,47.17,-15.83,7.98,hex
PANTONE 7484C,,#00573F,32.20,-29.54,7.60,hex
PANTONE 7484U,,#456E60,43.15,-17.83,3.28,hex
PANTONE 7485C,,#D0DEBB,86.62,-10.81,15.61,hex
PANTONE 7485U,,#D5E4C0,88.66,-11.27,15.91,hex
PANTONE 7486C,,#BCE194,85.34,-25.25,33.81,hex
PANTONE 7486U,,#B7E394,85.58,-27.99,34.06,hex
PANTONE 7487C,,#8EDD65,80.96,-45.25,50.70,hex
PANTONE 7487U,,#8BE076,81.90,-45.49,43.76,hex
PANTONE 7488C,,#78D64B,77.63,-51.95,58.00,hex
PANTONE 7488U,,#63D05A,75.14,-54.14,48.45,hex
PANTONE 7489C,,#74AA50,64.19,-33.97,40.41,hex
PANTONE 7489U,,#7AAB6D,65.25,-28.39,26.85,hex
PANTONE 7490C,,#719949,58.76,-27.85,37.34,hex
PANTONE 7490U,,#7B9E6B,61.42,-21.90,22.84,hex
PANTONE 7491C,,#79863C,53.43,-16.31,37.70,hex
PANTONE 7491U,,#818C61,56.37,-11.67,21.70,hex
PANTONE 7492C,,#BFCC80,79.51,-16.37,36.41,hex
PANTONE 7492U,,#BCCA87,78.86,-15.65,31.92,hex
PANTONE 7493C,,#BBC592,77.62,-11.98,24.50,hex
PANTONE 7493U,,#B7C194,76.28,-11.14,21.56,hex
PANTONE 7494C,,#9CAF88,69.12,-13.75,17.85,hex
PANTONE 7494U,,#9EB091,69.73,-12.04,13.81,hex
PANTONE 7495C,,#8F993E,60.76,-16.63,45.52,hex
PANTONE 7495U,,#838E59,56.97,-13.05,26.94,hex
PANTONE 7496C,,#76881D,53.54,-20.85,51.00,hex
PANTONE 7496U,,#758448,52.68,-15.66,30.48,hex
PANTONE 7497C,,#7A7256,48.06,-1.66,16.67,hex
PANTONE 7497U,,#8C8778,56.35,-0.85,8.74,hex
PANTONE 7498C,,#5B6236,39.96,-10.40,24.09,hex
PANTONE 7498U,,#777D64,51.28,-6.95,12.91,hex
PANTONE 7499C,,#F1E6B2,91.01,-4.19,26.74,hex
PANTONE 7499U,,#FAEDBC,93.68,-3.07,25.38,hex
PANTONE 7500C,,#DFD1A7,84.01,-1.66,22.63,hex
PANTONE 7500U,,#E6D5AB,85.68,-0.55,22.93,hex
PANTONE 7501C,,#D9C89E,81.03,-0.48,23.21,hex
PANTONE 7501U,,#DECBA5,82.36,0.81,21.40,hex
PANTONE 7502C,,#CEB888,75.56,0.82,27.29,hex
PANTONE 7502U,,#C7AF87,72.60,2.72,23.72,hex
PANTONE 7503C,,#A89968,63.43,-1.80,27.78,hex
PANTONE 7503U,,#9D9272,60.73,-1.15,18.47,hex
PANTONE 7504C,,#94795D,52.69,6.33,19.31,hex
PANTONE 7504U,,#948272,55.56,4.18,11.18,hex
PANTONE 7505C,,#816040,43.37,9.19,23.43,hex
PANTONE 7505U,,#887566,50.59,4.88,11.01,hex
PANTONE 7506C,,#EFDBB2,88.08,0.68,22.70,hex
PANTONE 7506U,,#F9E1B7,90.51,1.99,23.58,hex
PANTONE 7507C,,#FCD299,86.55,7.23,33.77,hex
PANTONE 7507U,,#FFDDAA,89.80,4.66,29.41,hex
PANTONE 7508C,,#E1B87F,77.18,7.39,34.48,hex
PANTONE 7508U,,#E0B384,75.92,10.17,30.19,hex
PANTONE 7509C,,#D6A461,70.67,10.74,41.56,hex
PANTONE 7509U,,#D2A273,70.02,11.84,31.23,hex
PANTONE 7510C,,#C6893F,61.88,16.22,47.81,hex
PANTONE 7510U,,#BE8B60,61.88,14.25,30.55,hex
PANTONE 7511C,,#B77729,55.51,18.54,50.62,hex
PANTONE 7511U,,#A77750,54.02,14.16,28.80,hex
PANTONE 7512C,,#A6631B,48.40,21.71,48.89,hex
PANTONE 7512U,,#966B47,48.83,12.78,26.87,hex
PANTONE 7513C,,#E1B7A7,77.68,12.77,13.85,hex
PANTONE 7513U,,#E7BBB4,79.52,14.73,9.52,hex
PANTONE 7514C,,#D5A286,70.67,15.15,21.88,hex
PANTONE 7514U,,#DAAB9C,73.83,15.04,14.31,hex
PANTONE 7515C,,#C58B68,62.79,17.94,27.50,hex
PANTONE 7515U,,#C2907F,64.12,16.59,16.43,hex
PANTONE 7516C,,#99552B,43.43,24.58,36.01,hex
PANTONE 7516U,,#A07462,52.78,14.87,16.77,hex
PANTONE 7517C,,#85431E,36.17,25.38,34.21,hex
PANTONE 7517U,,#936957,48.25,14.39,16.78,hex
PANTONE 7518C,,#6D4F47,36.55,11.40,9.67,hex
PANTONE 7518U,,#817172,49.12,6.41,1.74,hex
PANTONE 7519C,,#5E4B3C,33.43,5.58,11.98,hex
PANTONE 7519U,,#756B66,45.98,2.98,4.22,hex
PANTONE 7520C,,#EABEB0,80.44,13.68,13.02,hex
PANTONE 7520U,,#F3C4BF,83.07,15.97,8.85,hex
PANTONE 7521C,,#C09C83,66.99,9.72,18.14,hex
PANTONE 7521U,,#C4A195,69.04,11.05,11.10,hex
PANTONE 7522C,,#B46A55,52.59,27.35,24.45,hex
PANTONE 7522U,,#AF7871,55.83,20.61,12.55,hex
PANTONE 7523C,,#AB5C57,48.26,31.59,17.31,hex
PANTONE 7523U,,#A97576,54.52,20.59,7.70,hex
PANTONE 7524C,,#A45248,44.80,32.83,21.47,hex
PANTONE 7524U,,#A36D6A,51.57,21.11,10.47,hex
PANTONE 7525C,,#9A6A4F,49.18,15.90,22.84,hex
PANTONE 7525U,,#997970,53.62,11.04,9.68,hex
PANTONE 7526C,,#8A391B,34.82,32.76,34.68,hex
PANTONE 7526U,,#925F52,45.51,19.18,15.99,hex
PANTONE 7527C,,#D6D2C4,84.16,-1.05,7.42,hex
PANTONE 7527U,,#DCD7D2,86.24,0.83,3.07,hex
PANTONE 7528C,,#C5B9AC,75.79,2.03,8.12,hex
PANTONE 7528U,,#D2C7C4,81.04,3.30,2.87,hex
PANTONE 7529C,,#B7A99A,70.02,2.51,9.56,hex
PANTONE 7529U,,#BBAFA9,72.29,3.24,4.61,hex
PANTONE 7530C,,#A39382,61.88,3.08,11.17,hex
PANTONE 7530U,,#A99C95,65.26,3.52,5.38,hex
PANTONE 7531C,,#7A6855,45.21,4.03,13.36,hex
PANTONE 7531U,,#8B7F79,54.08,3.47,4.91,hex
PANTONE 7532C,,#63513D,35.74,4.28,14.58,hex
PANTONE 7532U,,#786E66,47.11,2.42,5.87,hex
PANTONE 7533C,,#473729,24.42,4.81,11.49,hex
PANTONE 7533U,,#6E645C,43.07,2.48,5.97,hex
PANTONE 7534C,,#D1CCBD,82.06,-0.86,8.09,hex
PANTONE 7534U,,#D0CBC3,81.87,0.32,4.60,hex
PANTONE 7535C,,#B7B09C,71.91,-0.95,11.14,hex
PANTONE 7535U,,#C0BAB0,75.74,0.34,5.81,hex
PANTONE 7536C,,#A69F88,65.50,-1.41,12.93,hex
PANTONE 7536U,,#AFA89D,69.15,0.56,6.57,hex
PANTONE 7537C,,#A7ACA2,69.70,-3.64,4.53,hex
PANTONE 7537U,,#B4B8B6,74.42,-1.77,0.53,hex
PANTONE 7538C,,#949A90,62.86,-4.08,4.50,hex
PANTONE 7538U,,#A5AAA8,69.17,-2.15,0.41,hex
PANTONE 7539C,,#8E9089,59.44,-2.08,3.46,hex
PANTONE 7539U,,#9C9EA0,65.01,-0.33,-1.29,hex
PANTONE 7540C,,#4B4F54,33.41,-0.46,-3.49,hex
PANTONE 7540U,,#70747C,48.75,0.20,-4.92,hex
PANTONE 7541C,,#D9E1E2,88.97,-2.49,-1.42,hex
PANTONE 7541U,,#DDE4E6,90.12,-1.97,-1.79,hex
PANTONE 7542C,,#A4BCC2,74.67,-6.89,-5.78,hex
PANTONE 7542U,,#B0C5CC,78.18,-5.67,-5.91,hex
PANTONE 7543C,,#98A4AE,66.73,-2.16,-6.61,hex
PANTONE 7543U,,#AEB8C0,74.24,-1.88,-5.24,hex
PANTONE 7544C,,#768692,55.05,-3.09,-8.37,hex
PANTONE 7544U,,#9AA5AF,67.18,-1.82,-6.49,hex
PANTONE 7545C,,#425563,35.11,-3.54,-10.47,hex
PANTONE 7545U,,#78838E,54.22,-1.62,-7.28,hex
PANTONE 7546C,,#253746,22.19,-2.58,-11.56,hex
PANTONE 7546U,,#67707A,46.81,-1.15,-6.68,hex
PANTONE 7547C,,#131E29,10.76,-1.11,-8.95,hex
PANTONE 7547U,,#51545D,35.75,0.87,-5.63,hex
PANTONE 7548C,,#FFC600,82.73,6.76,84.20,hex
PANTONE 7548U,,#FFC915,83.49,5.41,82.50,hex
PANTONE 7549C,,#FFB500,78.64,15.59,81.41,hex
PANTONE 7549U,,#FFB838,79.52,15.04,70.41,hex
PANTONE 7550C,,#D19000,64.57,15.39,69.47,hex
PANTONE 7550U,,#CE973D,66.21,11.93,53.61,hex
PANTONE 7551C,,#B47E00,56.71,12.35,62.57,hex
PANTONE 7551U,,#AE8643,58.47,7.68,41.29,hex
PANTONE 7552C,,#73531D,37.70,7.58,35.51,hex
PANTONE 7552U,,#826F4B,47.78,2.08,22.81,hex
PANTONE 7553C,,#5A4522,30.75,4.35,24.32,hex
PANTONE 7553U,,#70654B,43.15,0.02,16.34,hex
PANTONE 7554C,,#4B3D2A,26.74,2.99,14.01,hex
PANTONE 7554U,,#6C6558,43.06,0.36,8.36,hex
PANTONE 7555C,,#D29F13,68.42,7.96,69.46,hex
PANTONE 7555U,,#D7A95A,71.94,7.93,46.61,hex
PANTONE 7556C,,#B78B20,60.46,7.12,58.51,hex
PANTONE 7556U,,#BC995D,65.17,5.43,36.27,hex
PANTONE 7557C,,#9F7D23,54.20,4.12,50.81,hex
PANTONE 7557U,,#A58D5F,59.78,2.50,27.87,hex
PANTONE 7558C,,#967126,50.02,6.93,45.20,hex
PANTONE 7558U,,#9B835E,56.10,3.74,23.42,hex
PANTONE 7559C,,#8F6A2A,47.39,7.95,40.40,hex
PANTONE 7559U,,#977F5E,54.62,4.31,21.39,hex
PANTONE 7560C,,#7D622E,43.20,4.52,33.19,hex
PANTONE 7560U,,#8E7E62,53.55,1.62,17.51,hex
PANTONE 7561C,,#6C5D34,40.02,0.09,25.66,hex
PANTONE 7561U,,#807964,50.90,-1.03,12.50,hex
PANTONE 7562C,,#BD9B60,65.83,5.04,35.54,hex
PANTONE 7562U,,#BDA078,67.51,4.93,24.84,hex
PANTONE 7563C,,#D69A2D,67.72,13.07,61.84,hex
PANTONE 7563U,,#DAA563,71.36,12.04,41.48,hex
PANTONE 7564C,,#DB8A06,64.37,23.03,69.05,hex
PANTONE 7564U,,#DE9858,68.53,19.83,43.78,hex
PANTONE 7565C,,#CD7925,58.78,26.77,56.29,hex
PANTONE 7565U,,#C98659,61.82,20.96,34.53,hex
PANTONE 7566C,,#AD6433,49.79,25.24,39.61,hex
PANTONE 7566U,,#AE7B5E,56.06,16.28,23.74,hex
PANTONE 7567C,,#89532F,40.75,18.95,30.19,hex
PANTONE 7567U,,#90705C,49.85,9.69,15.96,hex
PANTONE 7568C,,#775135,37.96,12.50,22.77,hex
PANTONE 7568U,,#826D5E,47.61,5.82,11.47,hex
PANTONE 7569C,,#D78825,63.50,22.95,60.94,hex
PANTONE 7569U,,#D28E56,64.74,20.10,39.94,hex
PANTONE 7570C,,#D3832B,61.88,24.13,57.08,hex
PANTONE 7570U,,#D18D5B,64.45,20.62,36.94,hex
PANTONE 7571C,,#C67D30,58.87,22.04,51.55,hex
PANTONE 7571U,,#C3895D,61.90,17.16,32.32,hex
PANTONE 7572C,,#B67233,54.26,21.34,44.80,hex
PANTONE 7572U,,#B17F5B,57.35,14.98,27.18,hex
PANTONE 7573C,,#A7662B,49.37,21.11,42.91,hex
PANTONE 7573U,,#A87B59,55.29,13.22,25.43,hex
PANTONE 7574C,,#9E6A38,49.33,15.64,35.96,hex
PANTONE 7574U,,#99775B,52.64,9.35,20.49,hex
PANTONE 7575C,,#835D32,42.59,10.58,30.49,hex
PANTONE 7575U,,#86715A,49.03,4.60,15.84,hex
PANTONE 7576C,,#DB864E,63.89,27.57,43.33,hex
PANTONE 7576U,,#DA8E6B,65.99,25.11,30.49,hex
PANTONE 7577C,,#E07E3C,62.59,32.85,50.97,hex
PANTONE 7577U,,#E18B63,66.04,28.83,35.06,hex
PANTONE 7578C,,#DC6B2F,57.98,40.49,52.14,hex
PANTONE 7578U,,#DB7D59,62.04,33.09,35.30,hex
PANTONE 7579C,,#DC582A,54.41,49.42,51.01,hex
PANTONE 7579U,,#DF7357,60.46,39.68,34.56,hex
PANTONE 7580C,,#C05131,48.66,42.68,40.25,hex
PANTONE 7580U,,#C06D59,54.94,30.89,25.53,hex
PANTONE 7581C,,#864A33,38.21,23.15,24.71,hex
PANTONE 7581U,,#916B5D,48.67,13.15,13.77,hex
PANTONE 7582C,,#674736,33.26,11.39,15.68,hex
PANTONE 7582U,,#7A685E,45.42,5.42,8.28,hex
PANTONE 7583C,,#C4622D,52.58,35.53,46.54,hex
PANTONE 7583U,,#CA7D5F,59.94,26.78,28.88,hex
PANTONE 7584C,,#BA5826,48.96,36.43,45.77,hex
PANTONE 7584U,,#C07759,57.20,25.46,28.45,hex
PANTONE 7585C,,#AF5C37,48.32,30.68,35.92,hex
PANTONE 7585U,,#B67965,56.65,21.45,20.71,hex
PANTONE 7586C,,#9E5330,43.76,28.11,33.88,hex
PANTONE 7586U,,#A2715D,52.16,16.81,18.85,hex
PANTONE 7587C,,#924C2E,40.38,26.80,30.64,hex
PANTONE 7587U,,#996E5C,50.33,14.65,16.79,hex
PANTONE 7588C,,#7B4D35,37.44,16.71,22.22,hex
PANTONE 7588U,,#896E61,48.68,8.61,11.29,hex
PANTONE 7589C,,#5C4738,31.96,6.59,12.45,hex
PANTONE 7589U,,#756A63,45.62,3.03,5.49,hex
PANTONE 7590C,,#D4B59E,75.77,7.65,15.86,hex
PANTONE 7590U,,#DBBCA9,78.40,8.14,13.71,hex
PANTONE 7591C,,#C07D59,58.60,22.17,30.25,hex
PANTONE 7591U,,#C68D78,63.68,18.99,19.82,hex
PANTONE 7592C,,#B15533,47.09,34.97,36.78,hex
PANTONE 7592U,,#B47260,54.64,24.00,20.84,hex
PANTONE 7593C,,#9D432C,40.19,35.98,32.02,hex
PANTONE 7593U,,#A26859,49.86,21.48,18.09,hex
PANTONE 7594C,,#7C3A2D,32.92,27.50,21.45,hex
PANTONE 7594U,,#8B645A,46.10,14.32,11.89,hex
PANTONE 7595C,,#6B3D2E,31.02,18.48,17.87,hex
PANTONE 7595U,,#80665C,45.45,8.80,9.60,hex
PANTONE 7596C,,#5C3D31,28.99,11.96,12.90,hex
PANTONE 7596U,,#776760,44.90,5.11,6.29,hex
PANTONE 7597C,,#D14124,48.84,55.19,47.97,hex
PANTONE 7597U,,#D66756,56.75,42.25,30.19,hex
PANTONE 7598C,,#BD472A,46.31,45.97,41.30,hex
PANTONE 7598U,,#C36D5C,55.40,32.35,24.49,hex
PANTONE 7599C,,#B33D26,42.86,46.69,39.32,hex
PANTONE 7599U,,#BD695A,53.67,31.95,23.22,hex
PANTONE 7600C,,#8D3F2B,36.73,31.63,27.92,hex
PANTONE 7600U,,#9B6A5E,49.60,18.03,14.65,hex
PANTONE 7601C,,#83412C,35.57,26.46,25.56,hex
PANTONE 7601U,,#92695C,48.24,14.60,13.80,hex
PANTONE 7602C,,#7B4931,36.36,18.73,23.27,hex
PANTONE 7602U,,#8D6E61,49.10,10.28,11.95,hex
PANTONE 7603C,,#674230,31.79,13.81,17.50,hex
PANTONE 7603U,,#7C675D,45.33,6.69,8.77,hex
PANTONE 7604C,,#E4D5D3,86.40,4.82,2.84,hex
PANTONE 7604U,,#EAD8D6,87.71,5.85,3.22,hex
PANTONE 7605C,,#E1BBB4,78.95,12.52,8.64,hex
PANTONE 7605U,,#EAC4BE,82.21,12.54,8.05,hex
PANTONE 7606C,,#D6938A,67.28,24.15,15.01,hex
PANTONE 7606U,,#DEA09A,71.56,22.22,12.27,hex
PANTONE 7607C,,#C26E60,55.55,31.78,22.38,hex
PANTONE 7607U,,#CB867F,62.74,25.62,14.68,hex
PANTONE 7608C,,#A4493D,42.76,36.69,25.43,hex
PANTONE 7608U,,#AB6E67,52.72,23.38,13.97,hex
PANTONE 7609C,,#823B34,34.24,29.97,18.95,hex
PANTONE 7609U,,#926660,47.57,16.88,10.48,hex
PANTONE 7610C,,#683431,28.44,22.84,12.45,hex
PANTONE 7610U,,#80615E,44.16,12.08,6.57,hex
PANTONE 7611C,,#DDBCB0,78.74,9.91,10.44,hex
PANTONE 7611U,,#E7C8BE,82.92,9.34,9.03,hex
PANTONE 7612C,,#CA9A8E,67.74,16.21,13.24,hex
PANTONE 7612U,,#D4AAA0,73.08,13.85,10.98,hex
PANTONE 7613C,,#BC8A7E,61.98,17.41,13.92,hex
PANTONE 7613U,,#C89F97,68.98,13.97,9.96,hex
PANTONE 7614C,,#A37F74,56.31,12.23,11.31,hex
PANTONE 7614U,,#AE928C,62.89,9.50,7.09,hex
PANTONE 7615C,,#866761,46.49,11.48,8.16,hex
PANTONE 7615U,,#978480,56.72,6.51,4.81,hex
PANTONE 7616C,,#6B4C4C,35.63,13.13,5.20,hex
PANTONE 7616U,,#867474,50.48,6.99,2.58,hex
PANTONE 7617C,,#583D3E,28.80,12.02,4.11,hex
PANTONE 7617U,,#756667,44.61,6.14,1.63,hex
PANTONE 7618C,,#C66E4E,55.80,31.88,32.98,hex
PANTONE 7618U,,#D08A77,64.10,24.49,21.13,hex
PANTONE 7619C,,#C04C36,47.81,45.28,36.60,hex
PANTONE 7619U,,#C87164,57.09,32.90,22.27,hex
PANTONE 7620C,,#B7312C,41.92,53.01,35.23,hex
PANTONE 7620U,,#C0615B,52.41,37.42,21.05,hex
PANTONE 7621C,,#AB2328,37.87,53.76,32.45,hex
PANTONE 7621U,,#BA5D5A,50.70,37.13,19.19,hex
PANTONE 7622C,,#93272C,33.64,45.04,23.87,hex
PANTONE 7622U,,#A55D5C,47.76,29.20,13.50,hex
PANTONE 7623C,,#8A2A2B,32.34,40.71,22.51,hex
PANTONE 7623U,,#9B5C57,46.06,25.19,13.95,hex
PANTONE 7624C,,#802F2D,31.38,34.88,19.65,hex
PANTONE 7624U,,#8D5A54,43.68,20.23,12.18,hex
PANTONE 7625C,,#E1523D,54.43,54.50,41.71,hex
PANTONE 7625U,,#EA776C,63.16,43.36,26.63,hex
PANTONE 7626C,,#C63527,45.22,56.17,42.31,hex
PANTONE 7626U,,#D2625F,55.35,43.94,23.09,hex
PANTONE 7627C,,#A72B2A,38.04,49.97,31.23,hex
PANTONE 7627U,,#AD5857,47.69,34.51,16.59,hex
PANTONE 7628C,,#9E2A2B,36.18,47.47,28.03,hex
PANTONE 7628U,,#A85959,47.23,32.24,14.63,hex
PANTONE 7629C,,#6D3332,29.03,25.63,12.73,hex
PANTONE 7629U,,#805B5A,42.48,15.05,6.61,hex
PANTONE 7630C,,#633231,27.18,21.88,10.61,hex
PANTONE 7630U,,#765957,40.71,11.60,5.78,hex
PANTONE 7631C,,#572D2D,23.98,19.22,8.58,hex
PANTONE 7631U,,#6E5555,38.67,10.35,3.97,hex
PANTONE 7632C,,#D6C9CA,82.02,4.69,1.13,hex
PANTONE 7632U,,#DDCFD0,84.25,5.01,1.25,hex
PANTONE 7633C,,#C4A4A7,70.23,12.20,2.84,hex
PANTONE 7633U,,#C9AAAE,72.38,11.91,2.15,hex
PANTONE 7634C,,#C16784,54.77,39.17,0.24,hex
PANTONE 7634U,,#C77D92,60.68,31.49,0.83,hex
PANTONE 7635C,,#C63663,46.38,59.26,8.09,hex
PANTONE 7635U,,#CD627D,55.28,45.07,5.31,hex
PANTONE 7636C,,#BC204B,41.59,61.21,16.12,hex
PANTONE 7636U,,#C3566D,51.11,45.76,8.66,hex
PANTONE 7637C,,#912F46,35.00,42.98,8.94,hex
PANTONE 7637U,,#955864,44.65,26.70,3.97,hex
PANTONE 7638C,,#7E2D40,31.08,36.76,6.84,hex
PANTONE 7638U,,#855660,41.98,20.96,2.30,hex
PANTONE 7639C,,#936D73,49.95,16.04,2.58,hex
PANTONE 7639U,,#A0858A,58.12,11.12,1.17,hex
PANTONE 7640C,,#934054,38.75,37.01,5.37,hex
PANTONE 7640U,,#9B6673,49.14,23.22,1.52,hex
PANTONE 7641C,,#8E2C48,34.03,43.47,6.21,hex
PANTONE 7641U,,#9A5D6D,46.72,27.07,1.59,hex
PANTONE 7642C,,#732E4A,29.65,33.50,-2.04,hex
PANTONE 7642U,,#7E5867,41.84,18.13,-2.31,hex
PANTONE 7643C,,#672E45,27.48,28.40,-2.15,hex
PANTONE 7643U,,#7A5A67,41.89,15.34,-2.28,hex
PANTONE 7644C,,#582D40,24.71,22.38,-3.17,hex
PANTONE 7644U,,#715862,40.20,12.05,-1.81,hex
PANTONE 7645C,,#502B3A,22.79,19.35,-2.08,hex
PANTONE 7645U,,#6C5760,39.33,10.28,-1.92,hex
PANTONE 7646C,,#A56E87,52.84,25.61,-4.76,hex
PANTONE 7646U,,#B08799,60.66,18.57,-3.52,hex
PANTONE 7647C,,#A83D72,42.58,49.07,-7.33,hex
PANTONE 7647U,,#B16889,53.01,33.63,-5.53,hex
PANTONE 7648C,,#991E66,35.33,54.85,-10.98,hex
PANTONE 7648U,,#9E537B,45.48,36.16,-8.66,hex
PANTONE 7649C,,#8A1B61,31.92,51.25,-13.21,hex
PANTONE 7649U,,#935379,43.90,31.97,-9.96,hex
PANTONE 7650C,,#722257,27.87,40.73,-13.29,hex
PANTONE 7650U,,#835573,42.09,23.95,-9.22,hex
PANTONE 7651C,,#6A2A5B,28.05,35.12,-15.76,hex
PANTONE 7651U,,#7F5C78,43.54,19.26,-10.14,hex
PANTONE 7652C,,#5E2751,25.03,30.99,-13.98,hex
PANTONE 7652U,,#73556C,39.96,16.59,-8.32,hex
PANTONE 7653C,,#948794,57.81,7.34,-5.16,hex
PANTONE 7653U,,#9E95A0,62.76,5.39,-4.58,hex
PANTONE 7654C,,#A2789C,55.60,22.55,-12.94,hex
PANTONE 7654U,,#AA8AA5,61.17,16.86,-9.67,hex
PANTONE 7655C,,#A15A95,48.34,37.74,-19.89,hex
PANTONE 7655U,,#A978A0,56.49,25.77,-13.83,hex
PANTONE 7656C,,#8E3A80,38.44,44.63,-22.67,hex
PANTONE 7656U,,#96648D,48.91,26.93,-14.38,hex
PANTONE 7657C,,#6E2B62,29.22,37.10,-18.44,hex
PANTONE 7657U,,#7E5978,42.67,20.68,-11.47,hex
PANTONE 7658C,,#6A3460,30.32,30.62,-15.51,hex
PANTONE 7658U,,#7C5E77,43.69,16.74,-9.35,hex
PANTONE 7659C,,#5D3754,28.64,21.85,-10.45,hex
PANTONE 7659U,,#6E5A6B,40.72,11.41,-6.62,hex
PANTONE 7660C,,#9991A4,61.40,6.68,-8.92,hex
PANTONE 7660U,,#9C97A8,63.37,5.17,-8.22,hex
PANTONE 7661C,,#8D6E97,50.74,19.98,-17.59,hex
PANTONE 7661U,,#947F9D,56.00,13.77,-13.06,hex
PANTONE 7662C,,#7A4183,37.04,35.53,-26.93,hex
PANTONE 7662U,,#84668C,47.37,19.21,-16.32,hex
PANTONE 7663C,,#6B3077,30.81,37.75,-29.39,hex
PANTONE 7663U,,#7A5C83,43.41,19.73,-17.07,hex
PANTONE 7664C,,#653279,30.47,35.41,-31.25,hex
PANTONE 7664U,,#765D84,43.28,17.94,-17.90,hex
PANTONE 7665C,,#5E366E,29.77,28.46,-25.45,hex
PANTONE 7665U,,#725E7C,42.82,14.12,-13.80,hex
PANTONE 7666C,,#5C4E63,35.25,10.23,-10.05,hex
PANTONE 7666U,,#706977,45.47,5.62,-6.81,hex
PANTONE 7667C,,#6E7CA0,52.14,3.60,-20.96,hex
PANTONE 7667U,,#828CA8,58.35,2.65,-15.97,hex
PANTONE 7668C,,#686E9F,47.75,9.89,-27.19,hex
PANTONE 7668U,,#7B81A4,54.65,5.78,-19.35,hex
PANTONE 7669C,,#615E9B,42.63,16.56,-32.86,hex
PANTONE 7669U,,#7878A2,51.88,9.62,-22.46,hex
PANTONE 7670C,,#565294,38.11,18.97,-35.87,hex
PANTONE 7670U,,#706E9A,48.17,11.01,-23.54,hex
PANTONE 7671C,,#514689,33.85,21.95,-35.97,hex
PANTONE 7671U,,#6E6993,46.34,11.58,-22.23,hex
PANTONE 7672C,,#4C4184,31.77,22.29,-36.23,hex
PANTONE 7672U,,#6B668E,45.06,11.15,-21.27,hex
PANTONE 7673C,,#535486,37.66,12.65,-28.09,hex
PANTONE 7673U,,#6C6D8D,47.04,6.98,-17.62,hex
PANTONE 7674C,,#878CB4,59.16,7.16,-21.53,hex
PANTONE 7674U,,#9296B8,62.83,5.90,-18.12,hex
PANTONE 7675C,,#7C7FAB,54.45,9.03,-23.68,hex
PANTONE 7675U,,#888CAF,59.05,6.26,-18.84,hex
PANTONE 7676C,,#7566A0,46.74,18.97,-29.26,hex
PANTONE 7676U,,#827AA3,53.29,11.91,-20.80,hex
PANTONE 7677C,,#6F5091,39.85,26.64,-31.15,hex
PANTONE 7677U,,#7C6D96,48.79,14.54,-20.14,hex
PANTONE 7678C,,#68478D,36.69,28.96,-33.75,hex
PANTONE 7678U,,#766691,46.18,15.54,-21.25,hex
PANTONE 7679C,,#563D82,31.64,26.97,-35.13,hex
PANTONE 7679U,,#6E628B,44.11,13.83,-20.91,hex
PANTONE 7680C,,#523178,27.70,30.46,-35.18,hex
PANTONE 7680U,,#695981,40.79,15.19,-20.02,hex
PANTONE 7681C,,#94A9CB,68.74,0.41,-19.72,hex
PANTONE 7681U,,#9DB0D0,71.40,0.49,-18.37,hex
PANTONE 7682C,,#6787B7,55.71,1.57,-28.73,hex
PANTONE 7682U,,#8097BF,62.07,1.53,-23.33,hex
PANTONE 7683C,,#426DA9,45.58,4.02,-36.63,hex
PANTONE 7683U,,#6982B0,54.14,3.02,-27.16,hex
PANTONE 7684C,,#385E9D,40.05,7.26,-38.32,hex
PANTONE 7684U,,#6276A3,49.73,4.45,-26.48,hex
PANTONE 7685C,,#2C5697,36.79,8.11,-39.94,hex
PANTONE 7685U,,#5E719D,47.78,4.59,-26.02,hex
PANTONE 7686C,,#1D4F91,33.77,8.31,-41.17,hex
PANTONE 7686U,,#556995,44.52,4.56,-26.40,hex
PANTONE 7687C,,#1D428A,29.39,14.33,-43.92,hex
PANTONE 7687U,,#525F8D,41.06,7.50,-27.02,hex
PANTONE 7688C,,#4698CB,59.95,-9.03,-33.58,hex
PANTONE 7688U,,#5E9ACA,61.44,-5.81,-30.63,hex
PANTONE 7689C,,#298FC2,56.10,-11.05,-34.57,hex
PANTONE 7689U,,#5693C1,58.69,-6.38,-29.86,hex
PANTONE 7690C,,#0076A8,46.69,-9.05,-34.40,hex
PANTONE 7690U,,#4C7FA7,51.27,-5.29,-26.52,hex
PANTONE 7691C,,#006298,39.58,-3.28,-36.16,hex
PANTONE 7691U,,#467198,46.15,-3.22,-25.72,hex
PANTONE 7692C,,#005587,34.49,-2.03,-33.94,hex
PANTONE 7692U,,#4C6B8B,44.11,-2.17,-21.12,hex
PANTONE 7693C,,#004976,29.59,-1.37,-31.18,hex
PANTONE 7693U,,#4D6480,41.61,-0.93,-18.34,hex
PANTONE 7694C,,#01426A,26.57,-1.80,-28.37,hex
PANTONE 7694U,,#4D6179,40.42,-1.13,-15.91,hex
PANTONE 7695C,,#7BA7BC,66.12,-9.56,-15.52,hex
PANTONE 7695U,,#82A8BD,66.84,-7.83,-14.95,hex
PANTONE 7696C,,#6399AE,60.33,-12.21,-16.56,hex
PANTONE 7696U,,#719BAF,61.69,-9.21,-14.98,hex
PANTONE 7697C,,#4E87A0,53.48,-11.54,-19.07,hex
PANTONE 7697U,,#698FA4,57.39,-7.75,-15.28,hex
PANTONE 7698C,,#41748D,46.36,-9.66,-18.90,hex
PANTONE 7698U,,#637F92,51.73,-5.23,-13.49,hex
PANTONE 7699C,,#34657F,40.52,-8.38,-19.52,hex
PANTONE 7699U,,#5E7688,48.40,-4.21,-12.68,hex
PANTONE 7700C,,#165C7D,36.56,-8.75,-24.52,hex
PANTONE 7700U,,#557288,46.64,-4.63,-15.41,hex
PANTONE 7701C,,#005776,34.24,-10.24,-23.86,hex
PANTONE 7701U,,#496B80,43.49,-6.29,-15.48,hex
PANTONE 7702C,,#48A9C5,64.79,-19.81,-22.75,hex
PANTONE 7702U,,#5DABC6,66.16,-16.49,-21.15,hex
PANTONE 7703C,,#009CBD,59.39,-22.34,-26.68,hex
PANTONE 7703U,,#46A0BF,61.83,-17.27,-23.95,hex
PANTONE 7704C,,#0085AD,51.60,-15.72,-29.62,hex
PANTONE 7704U,,#348BAC,54.21,-15.00,-24.94,hex
PANTONE 7705C,,#007096,43.93,-12.48,-28.13,hex
PANTONE 7705U,,#3C7D9A,49.45,-11.73,-21.83,hex
PANTONE 7706C,,#006A8E,41.63,-12.07,-26.95,hex
PANTONE 7706U,,#437A94,48.57,-10.44,-19.63,hex
PANTONE 7707C,,#00617F,37.99,-12.63,-23.55,hex
PANTONE 7707U,,#477388,46.15,-9.13,-16.23,hex
PANTONE 7708C,,#005670,33.61,-12.03,-21.10,hex
PANTONE 7708U,,#456B7D,43.15,-8.30,-14.22,hex
PANTONE 7709C,,#63B1BC,67.82,-21.07,-13.08,hex
PANTONE 7709U,,#6EB2BD,68.63,-18.63,-12.37,hex
PANTONE 7710C,,#00A7B5,62.48,-30.57,-17.44,hex
PANTONE 7710U,,#40AAB8,64.40,-25.61,-16.13,hex
PANTONE 7711C,,#0097A9,57.07,-26.64,-18.90,hex
PANTONE 7711U,,#179DAB,59.19,-27.91,-16.80,hex
PANTONE 7712C,,#00859B,50.85,-22.21,-20.35,hex
PANTONE 7712U,,#228B9D,53.21,-22.38,-17.87,hex
PANTONE 7713C,,#007D8A,47.62,-23.98,-15.32,hex
PANTONE 7713U,,#2D8692,51.48,-21.89,-14.10,hex
PANTONE 7714C,,#007680,44.96,-23.82,-13.44,hex
PANTONE 7714U,,#358189,49.81,-20.68,-11.33,hex
PANTONE 7715C,,#006269,37.40,-21.42,-10.95,hex
PANTONE 7715U,,#417178,44.64,-14.29,-8.98,hex
PANTONE 7716C,,#00968F,55.88,-34.55,-5.83,hex
PANTONE 7716U,,#499996,58.41,-25.14,-5.92,hex
PANTONE 7717C,,#00857D,49.80,-32.19,-4.41,hex
PANTONE 7717U,,#3E8E8B,54.27,-25.01,-5.80,hex
PANTONE 7718C,,#007672,44.48,-28.52,-5.80,hex
PANTONE 7718U,,#358282,49.90,-23.30,-7.10,hex
PANTONE 7719C,,#006D68,41.11,-27.37,-4.77,hex
PANTONE 7719U,,#417B7B,47.90,-18.92,-5.90,hex
PANTONE 7720C,,#00635B,37.26,-26.69,-2.52,hex
PANTONE 7720U,,#477675,46.42,-16.23,-4.51,hex
PANTONE 7721C,,#005E5D,35.59,-23.52,-6.24,hex
PANTONE 7721U,,#497375,45.58,-13.99,-5.74,hex
PANTONE 7722C,,#005151,30.59,-20.92,-6.15,hex
PANTONE 7722U,,#4A6B6E,42.91,-11.03,-5.50,hex
PANTONE 7723C,,#50A684,62.20,-34.30,9.76,hex
PANTONE 7723U,,#6BAC92,65.52,-26.79,6.86,hex
PANTONE 7724C,,#00966C,54.96,-44.28,12.82,hex
PANTONE 7724U,,#4E9B80,58.62,-30.53,6.90,hex
PANTONE 7725C,,#008755,49.47,-43.82,18.29,hex
PANTONE 7725U,,#379272,54.64,-34.94,9.08,hex
PANTONE 7726C,,#007B4B,45.18,-41.43,18.21,hex
PANTONE 7726U,,#348569,50.13,-31.76,7.84,hex
PANTONE 7727C,,#006F44,40.87,-38.32,16.48,hex
PANTONE 7727U,,#3E7C65,47.47,-25.96,6.45,hex
PANTONE 7728C,,#006845,38.43,-35.25,12.57,hex
PANTONE 7728U,,#457865,46.49,-21.94,5.10,hex
PANTONE 7729C,,#005844,32.69,-28.56,5.16,hex
PANTONE 7729U,,#486F67,43.84,-15.71,0.08,hex
PANTONE 7730C,,#4B9560,55.92,-35.32,21.09,hex
PANTONE 7730U,,#689C7A,60.00,-24.80,12.40,hex
PANTONE 7731C,,#228848,50.00,-43.55,26.27,hex
PANTONE 7731U,,#58926B,55.78,-27.92,14.84,hex
PANTONE 7732C,,#007A3E,44.61,-43.71,24.78,hex
PANTONE 7732U,,#498564,50.82,-27.55,11.83,hex
PANTONE 7733C,,#007041,41.17,-39.38,18.62,hex
PANTONE 7733U,,#4B7C63,48.02,-22.63,8.49,hex
PANTONE 7734C,,#286140,36.69,-27.19,13.33,hex
PANTONE 7734U,,#597765,47.31,-14.84,6.42,hex
PANTONE 7735C,,#36573B,33.81,-18.76,12.56,hex
PANTONE 7735U,,#5F7163,45.83,-9.72,5.55,hex
PANTONE 7736C,,#395542,33.48,-15.08,7.79,hex
PANTONE 7736U,,#5C6B62,43.76,-7.62,3.14,hex
PANTONE 7737C,,#6BA539,61.94,-37.28,48.38,hex
PANTONE 7737U,,#7BAC66,65.49,-29.56,30.89,hex
PANTONE 7738C,,#48A23F,59.50,-46.58,42.56,hex
PANTONE 7738U,,#65A969,63.48,-35.09,26.44,hex
PANTONE 7739C,,#319B42,56.57,-48.94,37.54,hex
PANTONE 7739U,,#5CA369,61.21,-35.11,23.36,hex
PANTONE 7740C,,#3A913F,53.50,-43.51,35.44,hex
PANTONE 7740U,,#5E9865,57.82,-30.05,21.03,hex
PANTONE 7741C,,#44883E,50.90,-37.14,32.91,hex
PANTONE 7741U,,#659267,56.39,-24.40,18.04,hex
PANTONE 7742C,,#4A773C,45.60,-27.63,27.54,hex
PANTONE 7742U,,#688564,52.55,-17.14,14.50,hex
PANTONE 7743C,,#44693D,40.68,-22.70,20.66,hex
PANTONE 7743U,,#5E745D,46.53,-12.98,10.08,hex
PANTONE 7744C,,#BABC16,73.85,-17.70,72.18,hex
PANTONE 7744U,,#B9BE56,74.71,-15.97,51.03,hex
PANTONE 7745C,,#ABAD23,68.51,-16.28,64.22,hex
PANTONE 7745U,,#AFB35D,70.97,-13.86,43.10,hex
PANTONE 7746C,,#999B30,62.02,-14.28,53.16,hex
PANTONE 7746U,,#9B9F60,63.84,-11.35,32.38,hex
PANTONE 7747C,,#888D30,56.58,-14.41,47.14,hex
PANTONE 7747U,,#909661,60.43,-10.95,27.27,hex
PANTONE 7748C,,#7C8034,51.81,-12.49,39.85,hex
PANTONE 7748U,,#878C62,56.87,-9.09,21.88,hex
PANTONE 7749C,,#727337,47.13,-9.55,32.73,hex
PANTONE 7749U,,#808363,53.73,-6.83,16.98,hex
PANTONE 7750C,,#656635,42.04,-8.29,27.42,hex
PANTONE 7750U,,#777A61,50.34,-5.76,13.35,hex
PANTONE 7751C,,#CAB64B,73.88,-5.51,55.48,hex
PANTONE 7751U,,#D1BD71,76.77,-3.14,40.85,hex
PANTONE 7752C,,#CFB023,72.52,-2.05,68.93,hex
PANTONE 7752U,,#D5B961,75.89,-0.84,47.80,hex
PANTONE 7753C,,#C1A01E,66.96,0.12,65.05,hex
PANTONE 7753U,,#C6AA5D,70.56,0.48,43.07,hex
PANTONE 7754C,,#A08629,56.77,-0.17,50.96,hex
PANTONE 7754U,,#A4915E,60.74,-0.25,29.64,hex
PANTONE 7755C,,#897630,50.08,-1.33,40.22,hex
PANTONE 7755U,,#90855F,55.62,-1.90,22.03,hex
PANTONE 7756C,,#736635,43.37,-1.87,29.34,hex
PANTONE 7756U,,#837D62,52.26,-2.39,15.58,hex
PANTONE 7757C,,#675E33,39.80,-2.94,25.83,hex
PANTONE 7757U,,#7A755F,49.11,-2.01,12.85,hex
PANTONE 7758C,,#D4C304,77.90,-10.21,78.50,hex
PANTONE 7758U,,#DAC958,80.40,-7.71,57.27,hex
PANTONE 7759C,,#C4B200,71.95,-8.53,73.97,hex
PANTONE 7759U,,#C8B852,74.30,-6.92,52.74,hex
PANTONE 7760C,,#91852C,55.05,-6.30,47.52,hex
PANTONE 7760U,,#968F5E,58.92,-5.05,27.03,hex
PANTONE 7761C,,#747136,46.70,-7.62,32.80,hex
PANTONE 7761U,,#828162,53.31,-5.05,17.00,hex
PANTONE 7762C,,#5D6439,40.80,-10.27,23.46,hex
PANTONE 7762U,,#747A63,50.14,-6.63,11.86,hex
PANTONE 7763C,,#585C3B,37.92,-7.60,18.50,hex
PANTONE 7763U,,#717463,48.14,-4.42,9.02,hex
PANTONE 7764C,,#535435,34.88,-5.98,18.03,hex
PANTONE 7764U,,#6C6E60,45.89,-3.50,7.56,hex
PANTONE 7765C,,#BBB323,71.51,-12.37,67.35,hex
PANTONE 7765U,,#C0BA5E,74.28,-10.35,46.89,hex
PANTONE 7766C,,#B4A91F,68.15,-10.39,65.30,hex
PANTONE 7766U,,#BBB35F,71.98,-8.71,43.56,hex
PANTONE 7767C,,#AA9D2E,64.05,-7.92,56.42,hex
PANTONE 7767U,,#B1A763,67.94,-6.16,36.37,hex
PANTONE 7768C,,#8F7E35,52.97,-2.73,41.15,hex
PANTONE 7768U,,#958B62,57.79,-2.76,23.32,hex
PANTONE 7769C,,#716135,41.72,0.14,27.29,hex
PANTONE 7769U,,#81775F,50.32,-0.25,14.62,hex
PANTONE 7770C,,#635939,38.01,-1.11,20.00,hex
PANTONE 7770U,,#777161,47.75,-0.60,9.73,hex
PANTONE 7771C,,#4E4934,30.96,-1.73,13.36,hex
PANTONE 7771U,,#67655A,42.66,-1.35,6.51,hex
PANTONE 8001C,,#8D8C8A,58.28,-0.02,1.20,hex
PANTONE 8002C,,#8D867D,56.28,0.97,5.78,hex
PANTONE 8003C,,#8A7E70,53.49,2.12,9.28,hex
PANTONE 8004C,,#897966,51.78,2.99,12.69,hex
PANTONE 8005C,,#8A745A,50.26,4.56,17.58,hex
PANTONE 8006C,,#897054,48.94,5.66,19.28,hex
PANTONE 801C,,#00A7D8,63.83,-18.65,-34.86,hex
PANTONE 801U,,#009CCD,60.05,-16.67,-34.63,hex
PANTONE 8020C,,#978176,55.67,6.58,9.07,hex
PANTONE 8021C,,#9A7A6A,53.85,10.01,13.49,hex
PANTONE 8022C,,#A0715B,51.88,15.75,19.61,hex
PANTONE 8023C,,#A1664C,49.01,20.87,24.52,hex
PANTONE 8024C,,#A75B38,46.96,27.97,33.50,hex
PANTONE 8025C,,#AA552A,45.92,31.69,39.95,hex
PANTONE 802C,,#5BDD45,78.67,-63.00,61.15,hex
PANTONE 802U,,#3BD23D,74.42,-66.45,59.47,hex
PANTONE 803C,,#FFE805,91.23,-10.38,89.80,hex
PANTONE 803U,,#FFE916,91.50,-10.72,88.39,hex
PANTONE 8040C,,#918887,57.44,3.18,1.74,hex
PANTONE 8041C,,#99817C,56.02,8.33,6.12,hex
PANTONE 8042C,,#9C7971,53.96,12.40,9.62,hex
PANTONE 8043C,,#A37063,52.15,18.51,15.37,hex
PANTONE 8044C,,#9F634F,48.08,22.02,21.51,hex
PANTONE 8045C,,#A35D44,47.02,26.07,26.65,hex
PANTONE 804C,,#FFA243,74.52,26.95,61.32,hex
PANTONE 804U,,#FFAA52,76.45,23.50,56.70,hex
PANTONE 805C,,#FF585E,60.83,63.54,32.16,hex
PANTONE 805U,,#FF7477,65.82,53.16,24.52,hex
PANTONE 8060C,,#98828C,56.62,10.16,-2.26,hex
PANTONE 8061C,,#9D7B88,55.19,15.35,-1.99,hex
PANTONE 8062C,,#A2717F,52.98,21.48,0.10,hex
PANTONE 8063C,,#A76675,50.69,28.12,2.76,hex
PANTONE 8064C,,#A3646A,49.43,26.20,7.43,hex
PANTONE 8065C,,#A05D5D,47.10,27.33,11.88,hex
PANTONE 806C,,#FF1CAC,57.15,85.91,-18.63,hex
PANTONE 806U,,#FF48B0,60.81,76.26,-15.39,hex
PANTONE 807C,,#D708B2,49.30,80.79,-34.88,hex
PANTONE 807U,,#E838BF,55.84,77.44,-32.01,hex
PANTONE 8080C,,#928294,56.30,9.48,-7.42,hex
PANTONE 8081C,,#996A90,50.80,25.11,-13.27,hex
PANTONE 8082C,,#9A5D8B,47.71,31.94,-14.98,hex
PANTONE 8083C,,#9C4E85,44.53,39.75,-16.17,hex
PANTONE 8084C,,#A24178,42.49,46.18,-11.26,hex
PANTONE 8085C,,#A13769,40.13,48.41,-5.51,hex
PANTONE 808C,,#00AE97,63.76,-42.86,1.22,hex
PANTONE 809C,,#E1E400,87.73,-21.06,86.54,hex
PANTONE 8100C,,#907695,53.01,15.93,-12.95,hex
PANTONE 8101C,,#8F6992,49.52,22.56,-16.50,hex
PANTONE 8102C,,#8F5A8F,45.82,30.64,-20.37,hex
PANTONE 8103C,,#8F4C8C,42.62,37.87,-23.51,hex
PANTONE 8104C,,#8E3B79,38.31,42.98,-18.55,hex
PANTONE 8105C,,#8E336D,36.41,44.89,-13.95,hex
PANTONE 810C,,#FFCE09,84.70,2.73,84.77,hex
PANTONE 811C,,#FF7750,65.78,49.21,45.76,hex
PANTONE 8120C,,#8D8298,55.98,8.52,-10.25,hex
PANTONE 8121C,,#8A7595,52.17,14.39,-14.28,hex
PANTONE 8122C,,#886994,48.85,20.55,-18.76,hex
PANTONE 8123C,,#885B94,45.44,28.77,-24.02,hex
PANTONE 8124C,,#894E85,41.94,33.48,-20.38,hex
PANTONE 8125C,,#87467A,39.47,35.19,-17.46,hex
PANTONE 812C,,#FF3485,57.48,77.84,4.82,hex
PANTONE 813C,,#EA12AF,52.98,83.18,-27.12,hex
PANTONE 8140C,,#837698,51.89,12.03,-16.52,hex
PANTONE 8141C,,#7E6A98,48.27,17.47,-22.10,hex
PANTONE 8142C,,#795E99,44.76,23.29,-28.18,hex
PANTONE 8143C,,#715096,40.33,28.50,-33.40,hex
PANTONE 8144C,,#724F83,39.26,24.82,-23.54,hex
PANTONE 8145C,,#704A79,37.34,24.90,-20.38,hex
PANTONE 814C,,#7E60CE,48.58,37.33,-53.03,hex
PANTONE 8160C,,#838495,55.58,3.20,-9.21,hex
PANTONE 8161C,,#797997,51.81,6.64,-16.14,hex
PANTONE 8162C,,#666197,43.67,15.04,-28.83,hex
PANTONE 8163C,,#5B5498,39.29,20.27,-36.37,hex
PANTONE 8164C,,#584990,35.70,24.02,-37.26,hex
PANTONE 8165C,,#523E81,31.40,24.95,-34.91,hex
PANTONE 8180C,,#7C8897,56.22,-1.05,-9.47,hex
PANTONE 8181C,,#5E789C,49.75,0.12,-22.38,hex
PANTONE 8182C,,#4E6E9F,46.01,2.77,-30.03,hex
PANTONE 8183C,,#3B62A1,41.59,6.72,-38.24,hex
PANTONE 8184C,,#315995,37.78,6.26,-37.14,hex
PANTONE 8185C,,#2B528C,34.88,6.40,-36.31,hex
PANTONE 8200C,,#6D889A,55.27,-5.20,-12.73,hex
PANTONE 8201C,,#5F839C,53.02,-6.00,-17.37,hex
PANTONE 8202C,,#4C7E9F,50.64,-7.21,-22.85,hex
PANTONE 8203C,,#3177A3,47.61,-7.19,-29.97,hex
PANTONE 8204C,,#3F7590,46.70,-9.75,-20.16,hex
PANTONE 8205C,,#3D6F85,44.31,-10.23,-17.29,hex
PANTONE 8220C,,#6F8C9A,56.55,-6.83,-10.78,hex
PANTONE 8221C,,#5E8A9E,55.10,-9.68,-15.38,hex
PANTONE 8222C,,#4986A1,52.99,-11.83,-20.41,hex
PANTONE 8223C,,#2B80A1,50.12,-13.95,-24.91,hex
PANTONE 8224C,,#117993,46.84,-17.74,-21.82,hex
PANTONE 8225C,,#007287,43.92,-19.21,-19.21,hex
PANTONE 8240C,,#819098,58.86,-3.65,-6.06,hex
PANTONE 8241C,,#628E9C,56.43,-11.32,-12.20,hex
PANTONE 8242C,,#4C8B9B,54.41,-15.70,-14.77,hex
PANTONE 8243C,,#2A8A9F,53.14,-20.21,-19.12,hex
PANTONE 8244C,,#427F86,49.57,-17.69,-9.90,hex
PANTONE 8245C,,#3F7879,46.80,-18.37,-6.36,hex
PANTONE 8260C,,#728F98,57.55,-8.05,-8.13,hex
PANTONE 8261C,,#628B95,55.31,-11.50,-9.85,hex
PANTONE 8262C,,#4D8893,53.27,-16.14,-11.87,hex
PANTONE 8263C,,#338490,50.94,-20.47,-13.73,hex
PANTONE 8264C,,#21797C,46.25,-23.90,-9.07,hex
PANTONE 8265C,,#1C6D6A,41.57,-24.13,-5.26,hex
PANTONE 8280C,,#7C9797,60.47,-9.42,-3.15,hex
PANTONE 8281C,,#709795,59.66,-13.77,-3.30,hex
PANTONE 8282C,,#609A94,59.65,-20.37,-2.85,hex
PANTONE 8283C,,#499C93,59.25,-27.45,-2.98,hex
PANTONE 8284C,,#589382,56.64,-23.40,2.96,hex
PANTONE 8285C,,#558E77,54.67,-24.28,6.41,hex
PANTONE 8300C,,#80968E,60.21,-9.45,1.60,hex
PANTONE 8301C,,#78998B,60.46,-14.44,3.60,hex
PANTONE 8302C,,#6A9A82,59.69,-21.49,7.48,hex
PANTONE 8303C,,#549372,56.05,-28.17,11.23,hex
PANTONE 8304C,,#618C68,54.34,-22.55,14.62,hex
PANTONE 8305C,,#5F865D,52.14,-22.21,17.85,hex
PANTONE 8320C,,#8A928C,59.76,-4.09,2.17,hex
PANTONE 8321C,,#80967A,59.71,-13.33,12.22,hex
PANTONE 8322C,,#78986E,59.50,-19.44,18.57,hex
PANTONE 8323C,,#69935E,56.76,-25.01,23.58,hex
PANTONE 8324C,,#75925B,57.17,-20.47,25.90,hex
PANTONE 8325C,,#728C4F,54.97,-20.21,29.54,hex
PANTONE 8340C,,#8D957D,60.46,-7.37,11.72,hex
PANTONE 8341C,,#8B9570,60.03,-10.28,18.39,hex
PANTONE 8342C,,#899762,60.19,-14.19,26.31,hex
PANTONE 8343C,,#859952,60.23,-18.87,34.83,hex
PANTONE 8344C,,#83913E,57.49,-17.61,41.59,hex
PANTONE 8345C,,#828D2E,56.08,-17.19,47.32,hex
PANTONE 8360C,,#939478,60.55,-5.33,14.73,hex
PANTONE 8361C,,#92926B,59.64,-6.61,20.75,hex
PANTONE 8362C,,#98955C,60.73,-7.72,30.49,hex
PANTONE 8363C,,#A19B4B,62.95,-8.85,42.18,hex
PANTONE 8364C,,#9F9146,59.95,-4.75,41.11,hex
PANTONE 8365C,,#A28F3D,59.58,-3.04,45.15,hex
PANTONE 8380C,,#919085,59.58,-1.69,5.98,hex
PANTONE 8381C,,#969077,59.67,-2.10,14.11,hex
PANTONE 8382C,,#9B8E68,59.26,-1.14,22.04,hex
PANTONE 8383C,,#9D8958,57.81,0.53,29.02,hex
PANTONE 8384C,,#A48244,56.36,5.59,38.06,hex
PANTONE 8385C,,#A47C39,54.66,8.15,41.68,hex
PANTONE 8400C,,#818182,54.01,0.20,-0.54,hex
PANTONE 8401C,,#767575,49.32,0.38,0.13,hex
PANTONE 8402C,,#696866,44.04,-0.02,1.26,hex
PANTONE 8403C,,#5C5B59,38.69,-0.02,1.29,hex
PANTONE 8404C,,#56504A,34.42,1.28,4.42,hex
PANTONE 8405C,,#524942,31.70,2.43,5.57,hex
PANTONE 8420C,,#918B8D,58.42,2.61,-0.27,hex
PANTONE 8421C,,#7D797A,51.20,1.71,-0.01,hex
PANTONE 8422C,,#746D6E,46.68,2.91,0.42,hex
PANTONE 8423C,,#696060,41.55,3.59,1.30,hex
PANTONE 8424C,,#625550,37.25,4.40,4.87,hex
PANTONE 8425C,,#5F4F49,35.02,5.60,6.03,hex
PANTONE 8440C,,#9A8387,56.93,9.45,1.10,hex
PANTONE 8441C,,#9E7B7D,54.99,13.89,4.13,hex
PANTONE 8442C,,#A27172,52.63,19.53,7.24,hex
PANTONE 8443C,,#AA6767,50.95,26.90,11.50,hex
PANTONE 8444C,,#AC5B53,48.11,32.14,19.51,hex
PANTONE 8445C,,#AD5345,46.32,35.59,25.48,hex
PANTONE 8460C,,#89838D,55.56,4.22,-4.56,hex
PANTONE 8461C,,#857784,51.66,7.88,-5.12,hex
PANTONE 8462C,,#7F6A7A,47.27,11.30,-5.77,hex
PANTONE 8463C,,#775E6E,42.84,13.06,-5.19,hex
PANTONE 8464C,,#74535F,39.12,15.76,-1.51,hex
PANTONE 8465C,,#714C56,36.65,17.26,0.47,hex
PANTONE 8480C,,#456580,41.42,-3.83,-18.67,hex
PANTONE 8481C,,#4C607E,40.26,0.63,-19.21,hex
PANTONE 8482C,,#355772,35.57,-3.97,-19.19,hex
PANTONE 8483C,,#1F486B,29.38,-1.79,-24.52,hex
PANTONE 8484C,,#255682,35.32,-1.01,-29.51,hex
PANTONE 8485C,,#2C5D8A,38.20,-1.25,-29.85,hex
PANTONE 8500C,,#707F7C,51.93,-6.14,-0.24,hex
PANTONE 8501C,,#5E7D75,49.89,-12.87,0.75,hex
PANTONE 8502C,,#4B646B,40.69,-7.43,-6.97,hex
PANTONE 8503C,,#33414C,26.75,-2.60,-8.50,hex
PANTONE 8504C,,#374E5F,32.00,-3.87,-12.74,hex
PANTONE 8505C,,#3C566B,35.36,-3.67,-15.14,hex
PANTONE 8520C,,#78765D,49.18,-3.73,14.09,hex
PANTONE 8521C,,#555849,36.73,-4.22,8.31,hex
PANTONE 8522C,,#464F45,32.53,-5.82,4.70,hex
PANTONE 8523C,,#35413A,26.28,-6.58,2.64,hex
PANTONE 8524C,,#3C4C4A,30.93,-6.78,-0.90,hex
PANTONE 8525C,,#435555,34.69,-6.92,-2.30,hex
PANTONE 8540C,,#834C4D,38.78,23.36,9.47,hex
PANTONE 8541C,,#6D4547,33.91,17.52,5.95,hex
PANTONE 8542C,,#633238,27.35,22.72,6.22,hex
PANTONE 8543C,,#603447,27.84,22.49,-3.07,hex
PANTONE 8544C,,#643E54,31.34,20.25,-6.29,hex
PANTONE 8545C,,#604355,32.16,15.74,-5.75,hex
PANTONE 8560C,,#7F5649,40.65,15.28,14.43,hex
PANTONE 8561C,,#794A4A,36.85,20.00,8.44,hex
PANTONE 8562C,,#713F44,32.88,22.40,6.50,hex
PANTONE 8563C,,#70433C,33.53,18.58,12.49,hex
PANTONE 8564C,,#784F4E,38.09,17.13,7.66,hex
PANTONE 8565C,,#785556,39.85,14.70,5.20,hex
PANTONE 8580C,,#936D41,48.91,9.74,30.26,hex
PANTONE 8581C,,#845E3B,43.10,11.22,26.07,hex
PANTONE 8582C,,#7E5633,40.13,12.52,26.83,hex
PANTONE 8583C,,#6E4627,33.65,13.77,25.47,hex
PANTONE 8584C,,#6B4930,34.20,11.35,20.70,hex
PANTONE 8585C,,#76553D,39.05,10.48,19.36,hex
PANTONE 8600C,,#5D5A59,38.48,0.99,1.00,hex
PANTONE 8601C,,#504847,31.34,3.15,1.82,hex
PANTONE 8602C,,#423F44,27.10,2.39,-2.59,hex
PANTONE 8603C,,#34343E,22.07,2.48,-6.24,hex
PANTONE 8604C,,#393F4E,26.66,1.43,-9.90,hex
PANTONE 8605C,,#3F485A,30.47,1.10,-11.84,hex
PANTONE 8620C,,#78634D,43.44,4.98,15.67,hex
PANTONE 8621C,,#695644,37.98,4.91,13.43,hex
PANTONE 8622C,,#594839,31.93,4.73,11.72,hex
PANTONE 8623C,,#4E443C,29.61,2.74,6.41,hex
PANTONE 8624C,,#443D36,26.25,1.64,5.42,hex
PANTONE 8625C,,#47423D,28.31,1.10,3.80,hex
PANTONE 8640C,,#9A7C38,53.57,3.59,40.66,hex
PANTONE 8641C,,#A3842C,56.56,2.45,49.62,hex
PANTONE 8642C,,#AC8B1A,59.26,1.96,58.83,hex
PANTONE 8643C,,#AC8700,58.13,3.70,63.12,hex
PANTONE 8644C,,#A68C24,58.97,-0.97,55.14,hex
PANTONE 8645C,,#A08E35,59.05,-3.91,48.19,hex
PANTONE 8660C,,#8D7535,50.27,1.44,38.07,hex
PANTONE 8661C,,#89791D,50.78,-4.08,49.05,hex
PANTONE 8662C,,#857D1E,51.55,-8.13,49.26,hex
PANTONE 8663C,,#7E810D,52.02,-14.13,54.29,hex
PANTONE 8664C,,#838E2C,56.44,-17.40,48.55,hex
PANTONE 8665C,,#83913B,57.46,-17.87,42.99,hex
PANTONE 8680C,,#7D7847,49.80,-5.75,27.55,hex
PANTONE 8681C,,#787A38,49.74,-10.65,35.41,hex
PANTONE 8682C,,#6E7F30,50.34,-18.47,39.83,hex
PANTONE 8683C,,#658F31,54.69,-30.11,43.94,hex
PANTONE 8684C,,#618A3B,52.99,-28.31,37.26,hex
PANTONE 8685C,,#648D49,54.28,-26.95,31.69,hex
PANTONE 8700C,,#72754D,48.05,-8.07,21.74,hex
PANTONE 8701C,,#6A7B46,49.10,-15.70,26.89,hex
PANTONE 8702C,,#5A7F44,49.22,-24.49,27.91,hex
PANTONE 8703C,,#438240,48.92,-34.53,29.43,hex
PANTONE 8704C,,#498853,51.44,-32.32,22.33,hex
PANTONE 8705C,,#4E8A5E,52.51,-29.70,17.63,hex
PANTONE 871C,,#84754E,49.71,-0.14,23.65,hex
PANTONE 871U,,#AD986E,63.73,1.54,24.98,hex
PANTONE 8720C,,#56735A,45.60,-16.01,10.49,hex
PANTONE 8721C,,#5D7A5B,48.26,-17.01,13.66,hex
PANTONE 8722C,,#46785A,46.27,-24.12,11.29,hex
PANTONE 8723C,,#2E8661,50.09,-35.37,12.39,hex
PANTONE 8724C,,#379277,54.76,-33.72,6.39,hex
PANTONE 8725C,,#3D937E,55.45,-31.18,3.39,hex
PANTONE 872C,,#85714D,48.68,2.48,22.89,hex
PANTONE 872U,,#AC936E,62.31,3.88,23.07,hex
PANTONE 873C,,#866D4B,47.64,5.00,22.70,hex
PANTONE 873U,,#AE906F,61.74,6.49,21.78,hex
PANTONE 8740C,,#4D6C63,43.07,-13.37,1.41,hex
PANTONE 8741C,,#346E61,42.38,-22.47,1.45,hex
PANTONE 8742C,,#356F65,42.86,-21.66,-0.25,hex
PANTONE 8743C,,#007171,42.77,-26.38,-7.75,hex
PANTONE 8744C,,#007A82,46.35,-25.19,-12.52,hex
PANTONE 8745C,,#167F8B,48.53,-23.33,-14.52,hex
PANTONE 874C,,#8B6F4E,48.77,6.38,22.55,hex
PANTONE 874U,,#AE8F6F,61.47,7.05,21.43,hex
PANTONE 875C,,#87674F,46.20,9.43,18.49,hex
PANTONE 875U,,#B18B74,60.85,11.14,17.82,hex
PANTONE 8760C,,#2E6D70,42.29,-19.05,-7.77,hex
PANTONE 8761C,,#006673,39.14,-19.97,-14.45,hex
PANTONE 8762C,,#355E68,37.41,-11.38,-10.18,hex
PANTONE 8763C,,#06576F,33.99,-12.56,-19.89,hex
PANTONE 8764C,,#1A6280,38.75,-10.74,-22.95,hex
PANTONE 8765C,,#26698A,41.77,-9.56,-24.28,hex
PANTONE 876C,,#8B634B,45.53,13.04,20.03,hex
PANTONE 876U,,#B08770,59.64,12.46,18.41,hex
PANTONE 877C,,#8A8D8F,58.45,-0.70,-1.45,hex
PANTONE 877U,,#B4B7B9,74.24,-0.67,-1.38,hex
PANTONE 8780C,,#463F5F,28.60,10.84,-17.88,hex
PANTONE 8781C,,#3C4363,29.10,6.05,-19.74,hex
PANTONE 8782C,,#3A3C7B,28.28,18.08,-36.29,hex
PANTONE 8783C,,#2A3A6E,25.69,11.08,-32.24,hex
PANTONE 8784C,,#2F457C,30.19,9.84,-33.89,hex
PANTONE 8785C,,#334E8A,33.96,9.80,-36.54,hex
PANTONE 8800C,,#5B395F,29.35,22.19,-16.52,hex
PANTONE 8801C,,#553B5F,29.12,18.77,-16.94,hex
PANTONE 8802C,,#472D60,23.87,23.25,-25.93,hex
PANTONE 8803C,,#4E2B60,24.30,26.68,-25.20,hex
PANTONE 8804C,,#543873,29.29,25.40,-29.47,hex
PANTONE 8805C,,#58417D,32.56,23.67,-30.55,hex
PANTONE 8820C,,#86415C,37.16,32.74,-2.23,hex
PANTONE 8821C,,#85335F,34.36,40.04,-8.32,hex
PANTONE 8822C,,#6A375C,30.81,28.17,-12.18,hex
PANTONE 8823C,,#622A65,27.28,34.52,-23.56,hex
PANTONE 8824C,,#663775,31.44,31.98,-27.18,hex
PANTONE 8825C,,#6A4182,34.92,30.40,-29.79,hex
PANTONE 8840C,,#8B4153,37.65,33.42,4.27,hex
PANTONE 8841C,,#8B3354,35.00,40.61,-0.21,hex
PANTONE 8842C,,#8D225B,33.06,49.07,-7.56,hex
PANTONE 8843C,,#842263,31.70,47.59,-14.95,hex
PANTONE 8844C,,#843072,34.47,44.05,-20.23,hex
PANTONE 8845C,,#843D7D,37.34,39.59,-22.64,hex
PANTONE 8860C,,#9A5051,43.07,30.83,13.45,hex
PANTONE 8861C,,#93434E,39.19,34.79,9.77,hex
PANTONE 8862C,,#95374B,37.17,41.20,8.89,hex
PANTONE 8863C,,#962742,34.66,47.49,11.20,hex
PANTONE 8864C,,#933554,36.73,42.37,2.47,hex
PANTONE 8865C,,#904061,38.66,37.54,-2.99,hex
PANTONE 8880C,,#985459,43.86,28.72,9.61,hex
PANTONE 8881C,,#9D475B,41.89,37.84,5.71,hex
PANTONE 8882C,,#A33B5F,40.80,46.14,1.77,hex
PANTONE 8883C,,#AA3E50,42.11,45.66,13.15,hex
PANTONE 8884C,,#A7495E,43.93,40.75,6.97,hex
PANTONE 8885C,,#A24F65,44.54,36.68,3.44,hex
PANTONE 8900C,,#A45B43,46.69,27.52,26.84,hex
PANTONE 8901C,,#B65B49,49.39,35.22,27.32,hex
PANTONE 8902C,,#B85C5C,50.24,37.08,17.33,hex
PANTONE 8903C,,#BB4F51,47.95,43.76,20.90,hex
PANTONE 8904C,,#B75860,49.37,39.16,13.73,hex
PANTONE 8905C,,#B35F6B,50.49,35.20,8.64,hex
PANTONE 8920C,,#A0664E,48.92,20.64,23.21,hex
PANTONE 8921C,,#B35933,48.22,33.68,38.13,hex
PANTONE 8922C,,#B65317,47.23,36.95,50.34,hex
PANTONE 8923C,,#B74E23,46.50,40.18,44.65,hex
PANTONE 8924C,,#B25637,47.49,35.07,35.09,hex
PANTONE 8925C,,#AC5B43,47.83,30.79,28.51,hex
PANTONE 8940C,,#A16837,49.20,18.04,36.43,hex
PANTONE 8941C,,#AC662D,50.06,23.39,42.87,hex
PANTONE 8942C,,#AE5C1C,47.93,29.06,48.52,hex
PANTONE 8943C,,#C16014,51.56,34.62,55.48,hex
PANTONE 8944C,,#BB6428,51.65,30.61,47.51,hex
PANTONE 8945C,,#B76835,52.09,27.38,41.51,hex
PANTONE 8960C,,#966E32,49.34,9.35,38.81,hex
PANTONE 8961C,,#A26827,49.17,17.58,44.37,hex
PANTONE 8962C,,#B37300,53.86,18.03,60.63,hex
PANTONE 8963C,,#BF6D10,54.08,26.80,58.34,hex
PANTONE 8964C,,#AA6526,49.49,22.75,45.50,hex
PANTONE 8965C,,#A36934,49.66,18.16,38.59,hex
PANTONE 901C,,#00AADA,64.81,-19.54,-34.44,hex
PANTONE 9020C,,#EEEEC8,93.23,-6.22,18.45,hex
PANTONE 9021C,,#F1E7E4,92.33,2.86,2.66,hex
PANTONE 9022C,,#F0E7E9,92.38,3.38,0.11,hex
PANTONE 9023C,,#EAE3EA,90.95,3.60,-2.56,hex
PANTONE 902C,,#8DE971,84.55,-49.27,49.41,hex
PANTONE 903C,,#FFF36D,94.51,-12.15,64.66,hex
PANTONE 9040C,,#DCEBEC,91.99,-4.76,-2.19,hex
PANTONE 9041C,,#DFECE4,92.26,-5.76,2.38,hex
PANTONE 9042C,,#E3E8E3,91.50,-2.57,1.84,hex
PANTONE 9043C,,#E8E6DF,91.27,-0.55,3.64,hex
PANTONE 9044C,,#C9E2E0,88.06,-8.62,-1.83,hex
PANTONE 9045C,,#C8DEDA,86.79,-8.06,-0.53,hex
PANTONE 904C,,#FFCD8A,85.38,9.45,39.97,hex
PANTONE 905C,,#FF9DA7,74.93,37.63,10.41,hex
PANTONE 9060C,,#F1F0D8,94.30,-3.70,11.73,hex
PANTONE 9061C,,#F2E9EA,93.06,3.20,0.60,hex
PANTONE 9062C,,#E6EEEC,93.46,-3.01,0.04,hex
PANTONE 9063C,,#E7EFE7,93.66,-4.08,2.94,hex
PANTONE 9064C,,#F1F1DE,94.69,-3.23,9.18,hex
PANTONE 906C,,#FF7CD6,69.85,60.27,-23.14,hex
PANTONE 907C,,#F469DB,65.32,66.50,-33.02,hex
PANTONE 9080C,,#E4E2DB,89.86,-0.55,3.65,hex
PANTONE 9081C,,#DFDCD4,87.79,-0.38,4.28,hex
PANTONE 9082C,,#D2CDC3,82.54,-0.02,5.58,hex
PANTONE 9083C,,#CCC8BF,80.69,-0.20,4.99,hex
PANTONE 9084C,,#ADA79E,68.74,0.54,5.42,hex
PANTONE 908C,,#00AFDB,66.34,-21.80,-32.61,hex
PANTONE 909C,,#A9EE8A,87.69,-39.24,41.62,hex
PANTONE 9100C,,#E7E7E0,91.47,-1.23,3.40,hex
PANTONE 9101C,,#E3E3DD,90.09,-1.06,2.92,hex
PANTONE 9102C,,#D9DBD5,87.10,-1.75,2.71,hex
PANTONE 9103C,,#D5D8D2,85.96,-2.10,2.60,hex
PANTONE 910C,,#FDF38A,94.66,-10.59,51.57,hex
PANTONE 911C,,#FFD9A4,88.72,6.01,31.04,hex
PANTONE 9120C,,#F1EFB7,93.39,-8.05,27.42,hex
PANTONE 9121C,,#F1F0B0,93.52,-9.47,31.16,hex
PANTONE 9122C,,#E4E2B7,89.07,-6.26,21.33,hex
PANTONE 9123C,,#DCD9B9,86.18,-4.28,16.16,hex
PANTONE 912C,,#FFACB6,78.55,31.71,7.38,hex
PANTONE 913C,,#FF92DA,74.12,50.21,-18.86,hex
PANTONE 9140C,,#F2EECA,93.58,-4.49,17.94,hex
PANTONE 9141C,,#F2EDC0,93.12,-5.44,22.46,hex
PANTONE 9142C,,#E9E4C5,90.25,-3.39,15.76,hex
PANTONE 9143C,,#E3DFC3,88.47,-3.30,14.23,hex
PANTONE 914C,,#F57FE0,69.45,57.47,-29.40,hex
PANTONE 915C,,#00BCE3,70.53,-25.71,-30.52,hex
PANTONE 9160C,,#F4E5C0,91.27,-0.66,19.91,hex
PANTONE 9161C,,#E7DBB9,87.56,-1.30,18.22,hex
PANTONE 9162C,,#E2D9C2,86.84,-0.73,12.44,hex
PANTONE 9163C,,#D8CFB9,83.30,-0.56,12.05,hex
PANTONE 916C,,#B9EFA3,89.25,-30.82,31.36,hex
PANTONE 917C,,#F7F4A2,94.77,-10.90,39.93,hex
PANTONE 9180C,,#F3E4CD,91.21,1.40,13.06,hex
PANTONE 9181C,,#F4E3C9,90.96,1.67,14.80,hex
PANTONE 9182C,,#ECDCC8,88.54,2.24,11.80,hex
PANTONE 9183C,,#E5D7C5,86.65,1.85,10.61,hex
PANTONE 9184C,,#EFE4CE,90.91,0.13,12.08,hex
PANTONE 9185C,,#EDE1CF,90.03,1.12,10.27,hex
PANTONE 9186C,,#E1D3C4,85.29,2.34,9.16,hex
PANTONE 918C,,#FFDFB4,90.47,4.87,25.17,hex
PANTONE 919C,,#FFC0C8,83.51,23.71,4.82,hex
PANTONE 9200C,,#F5E1CC,90.61,3.50,12.75,hex
PANTONE 9201C,,#F5E3CC,91.10,2.48,13.45,hex
PANTONE 9202C,,#EDDECD,89.23,2.35,10.18,hex
PANTONE 9203C,,#E4D5C4,86.04,2.38,10.26,hex
PANTONE 920C,,#FFADE3,80.01,37.81,-14.87,hex
PANTONE 921C,,#F8A3E6,77.20,41.24,-20.81,hex
PANTONE 9220C,,#F5E0CF,90.43,4.47,10.93,hex
PANTONE 9221C,,#EDD6C4,87.04,5.10,11.78,hex
PANTONE 9222C,,#E6D5C8,86.30,3.73,8.54,hex
PANTONE 9223C,,#E1D3C7,85.36,2.82,7.67,hex
PANTONE 9224C,,#F2E9DB,92.69,0.69,7.88,hex
PANTONE 9225C,,#F0E6D8,91.72,1.04,8.02,hex
PANTONE 9226C,,#EBE3D7,90.55,0.68,6.82,hex
PANTONE 922C,,#00C0A3,69.71,-47.15,3.25,hex
PANTONE 923C,,#ECF166,92.44,-19.26,64.94,hex
PANTONE 9240C,,#F4E5DE,91.93,3.92,5.24,hex
PANTONE 9241C,,#F0DDD7,89.46,5.52,5.29,hex
PANTONE 9242C,,#E9D5CD,86.66,5.59,6.45,hex
PANTONE 9243C,,#E1CEC6,84.08,5.28,6.37,hex
PANTONE 9244C,,#F3E9E2,92.94,2.19,4.60,hex
PANTONE 924C,,#FFE671,91.26,-5.42,59.19,hex
PANTONE 925C,,#FFAD93,78.03,27.06,25.58,hex
PANTONE 9260C,,#F5DEDA,90.19,7.24,4.83,hex
PANTONE 9261C,,#EFD7D4,87.83,7.80,4.50,hex
PANTONE 9262C,,#EAD5D2,86.87,6.76,4.11,hex
PANTONE 9263C,,#E4D1CD,85.25,5.91,4.36,hex
PANTONE 926C,,#FF85BD,70.67,52.48,-7.98,hex
PANTONE 927C,,#FC76D9,68.51,62.62,-26.89,hex
PANTONE 9280C,,#F5E2E2,91.37,6.48,2.34,hex
PANTONE 9281C,,#F2DDDE,89.80,7.36,2.13,hex
PANTONE 9282C,,#EFDADB,88.74,7.38,2.13,hex
PANTONE 9283C,,#E9D8D7,87.65,5.67,2.60,hex
PANTONE 9284C,,#FAC9D1,85.35,18.54,2.63,hex
PANTONE 9285C,,#F2EBE7,93.48,1.66,2.77,hex
PANTONE 9286C,,#F6DFE0,90.67,8.04,2.38,hex
PANTONE 928C,,#997ADB,57.85,32.67,-45.49,hex
PANTONE 929C,,#2BC9AF,73.14,-45.25,1.74,hex
PANTONE 9300C,,#F4DDE2,90.06,8.72,0.43,hex
PANTONE 9301C,,#F0DBE1,89.22,8.22,-0.32,hex
PANTONE 9302C,,#E9CED5,85.13,10.57,-0.00,hex
PANTONE 9303C,,#E7D2D6,85.98,7.94,0.67,hex
PANTONE 930C,,#EEF386,93.45,-16.79,51.72,hex
PANTONE 931C,,#FFE983,92.21,-5.47,51.94,hex
PANTONE 9320C,,#F2DEE9,90.32,8.72,-2.88,hex
PANTONE 9321C,,#EDD5E2,87.53,10.50,-3.35,hex
PANTONE 9322C,,#E9D0DC,85.81,10.71,-2.74,hex
PANTONE 9323C,,#E2CCD6,84.08,9.37,-2.16,hex
PANTONE 9324C,,#F3C9E4,85.22,19.20,-7.76,hex
PANTONE 932C,,#FFBBA4,81.56,21.62,21.31,hex
PANTONE 933C,,#FF9BCB,75.46,43.42,-8.60,hex
PANTONE 9340C,,#E7DCEA,88.98,6.23,-5.49,hex
PANTONE 9341C,,#E3D7E6,87.31,6.78,-5.87,hex
PANTONE 9342C,,#E0D4E2,86.22,6.61,-5.40,hex
PANTONE 9343C,,#DED1E1,85.28,7.34,-6.26,hex
PANTONE 9344C,,#D1B6E4,77.65,18.06,-19.41,hex
PANTONE 9345C,,#EEE9EA,92.75,1.85,0.11,hex
PANTONE 934C,,#FC8DE0,72.98,52.71,-23.92,hex
PANTONE 935C,,#AB92E1,65.48,25.55,-36.75,hex
PANTONE 9360C,,#DED8EB,87.31,5.53,-8.56,hex
PANTONE 9361C,,#DCD3E7,85.79,6.74,-8.71,hex
PANTONE 9362C,,#DCD4E5,85.99,5.83,-7.37,hex
PANTONE 9363C,,#D1C7D9,81.52,6.77,-7.69,hex
PANTONE 936C,,#6DD5C3,78.91,-34.58,-0.41,hex
PANTONE 937C,,#EFF4A4,94.20,-13.68,38.07,hex
PANTONE 9380C,,#DEE1EC,89.60,1.03,-5.70,hex
PANTONE 9381C,,#D2D9E8,86.58,0.51,-8.16,hex
PANTONE 9382C,,#CDD2E6,84.37,2.16,-10.42,hex
PANTONE 9383C,,#D1D5E3,85.35,1.29,-7.35,hex
PANTONE 9384C,,#DADFEC,88.80,0.76,-6.92,hex
PANTONE 9385C,,#CED5DF,85.02,-0.47,-5.74,hex
PANTONE 938C,,#FCEEA8,93.74,-5.33,35.65,hex
PANTONE 939C,,#FFCFBE,86.80,14.46,14.84,hex
PANTONE 9400C,,#D6E1EC,89.02,-1.57,-6.62,hex
PANTONE 9401C,,#D5E1ED,88.97,-1.70,-7.22,hex
PANTONE 9402C,,#D5E0EA,88.64,-1.77,-6.14,hex
PANTONE 9403C,,#CED9E4,86.18,-1.58,-6.67,hex
PANTONE 940C,,#FFB6D9,81.69,31.51,-6.97,hex
PANTONE 941C,,#FCA9E6,78.92,39.40,-18.17,hex
PANTONE 9420C,,#D1E2EC,88.92,-3.70,-6.80,hex
PANTONE 9421C,,#CEDFE9,87.86,-3.70,-6.82,hex
PANTONE 9422C,,#CAD9E3,85.87,-3.07,-6.63,hex
PANTONE 9423C,,#C0D1DA,82.84,-3.93,-6.40,hex
PANTONE 9424C,,#C3E3E7,88.12,-9.63,-5.47,hex
PANTONE 942C,,#C0AEE7,74.35,17.65,-26.19,hex
PANTONE 9440C,,#C1E0EA,87.28,-8.10,-8.29,hex
PANTONE 9441C,,#C0E0EC,87.28,-7.99,-9.37,hex
PANTONE 9442C,,#BEDDE7,86.22,-8.11,-8.31,hex
PANTONE 9443C,,#B9D5DE,83.53,-7.42,-7.56,hex
PANTONE 9460C,,#D5EBEE,91.57,-6.64,-3.92,hex
PANTONE 9461C,,#BEE2E7,87.54,-10.67,-6.36,hex
PANTONE 9462C,,#B9DBE0,85.18,-10.10,-6.19,hex
PANTONE 9463C,,#BDDADD,85.09,-8.95,-4.70,hex
PANTONE 9464C,,#9FDDED,84.58,-15.80,-14.11,hex
PANTONE 9480C,,#C8E9E9,90.06,-10.72,-3.62,hex
PANTONE 9481C,,#C5E9EA,89.90,-11.45,-4.40,hex
PANTONE 9482C,,#C1E3E4,87.91,-10.87,-4.21,hex
PANTONE 9483C,,#C6DCDA,86.13,-7.69,-1.51,hex
PANTONE 9500C,,#BEE9E7,89.39,-14.21,-3.63,hex
PANTONE 9501C,,#B9E0DD,86.43,-13.27,-2.76,hex
PANTONE 9502C,,#CDE3E0,88.59,-7.84,-1.02,hex
PANTONE 9503C,,#CBDEDA,87.00,-7.08,-0.21,hex
PANTONE 9504C,,#C6DAD7,85.53,-7.24,-0.81,hex
PANTONE 9520C,,#D7EFE7,92.55,-9.35,1.19,hex
PANTONE 9521C,,#D5E9E1,90.72,-8.09,1.62,hex
PANTONE 9522C,,#D6E6DF,89.96,-6.60,1.58,hex
PANTONE 9523C,,#D6E3DC,89.11,-5.62,1.92,hex
PANTONE 9524C,,#AFEADC,88.51,-21.50,0.74,hex
PANTONE 9525C,,#E5EFE2,93.40,-5.63,5.13,hex
PANTONE 9540C,,#E1F0E5,93.44,-6.94,3.61,hex
PANTONE 9541C,,#DFECE2,92.21,-6.12,3.35,hex
PANTONE 9542C,,#CDDACD,85.77,-6.75,4.89,hex
PANTONE 9543C,,#C7D7C9,84.46,-7.97,5.06,hex
PANTONE 9544C,,#E5EFDA,93.21,-7.00,9.02,hex
PANTONE 9560C,,#DFEFDB,92.81,-8.87,7.86,hex
PANTONE 9561C,,#D7E8D2,90.24,-9.60,8.78,hex
PANTONE 9562C,,#D6E2CF,88.54,-7.42,7.91,hex
PANTONE 9563C,,#D5DDCE,87.15,-5.38,6.43,hex
PANTONE 9580C,,#E1EFCE,92.66,-10.36,14.41,hex
PANTONE 9581C,,#DEE7CD,90.36,-7.53,11.64,hex
PANTONE 9582C,,#D7DBC8,86.64,-4.68,8.88,hex
PANTONE 9583C,,#CDD2BA,83.24,-5.91,11.32,hex
PANTONE 9584C,,#DCE1CB,88.63,-5.51,10.19,hex
PANTONE 9585C,,#D7DBC6,86.60,-5.02,9.86,hex
PANTONE 9600C,,#E7EDC8,92.45,-8.20,17.28,hex
PANTONE 9601C,,#E5E8CD,91.13,-5.60,12.80,hex
PANTONE 9602C,,#D9DBBD,86.55,-5.77,14.55,hex
PANTONE 9603C,,#D9D9C3,86.17,-3.78,10.85,hex
PANTONE BLACK 0961C,,#9E978E,62.81,0.93,5.65,hex
PANTONE BLACK 0961U,,#9D9994,63.42,0.53,3.14,hex
PANTONE BLACK 2C,,#332F21,19.42,-0.94,9.67,hex
PANTONE BLACK 2U,,#646052,40.71,-1.06,8.58,hex
PANTONE BLACK 3C,,#212721,14.87,-4.18,3.07,hex
PANTONE BLACK 3U,,#595D59,39.03,-2.43,1.75,hex
PANTONE BLACK 4C,,#31261D,16.15,3.54,7.93,hex
PANTONE BLACK 4U,,#696056,41.28,1.74,7.01,hex
PANTONE BLACK 5C,,#3E2B2E,19.84,9.35,1.54,hex
PANTONE BLACK 5U,,#685A5C,39.63,6.06,0.94,hex
PANTONE BLACK 6C,,#101820,7.84,-0.97,-6.75,hex
PANTONE BLACK 6U,,#4C4E56,33.26,1.03,-4.98,hex
PANTONE BLACK 7C,,#3D3935,24.24,0.89,3.12,hex
PANTONE BLACK 7U,,#6C6864,44.25,0.77,2.81,hex
PANTONE BLACK C,,#2D2926,16.91,1.17,2.63,hex
PANTONE BLACK U,,#615D59,39.73,0.79,2.86,hex
PANTONE BLUE 072C,,#10069F,18.98,54.04,-74.00,hex
PANTONE BLUE 072U,,#3F43AD,34.16,31.77,-57.32,hex
PANTONE BLUE 0821C,,#74D1EA,79.19,-21.02,-20.85,hex
PANTONE BLUE 0821U,,#6CD1EF,79.05,-21.28,-23.76,hex
PANTONE BRIGHT GREEN C,,#00B08B,64.09,-46.91,8.36,hex
PANTONE BRIGHT GREEN U,,#00AE8F,63.55,-45.05,5.38,hex
PANTONE BRIGHT ORANGE C,,#FF5E00,61.02,58.43,70.64,hex
PANTONE BRIGHT ORANGE U,,#FF7133,64.42,50.85,58.35,hex
PANTONE BRIGHT RED C,,#F93822,55.17,70.35,57.21,hex
PANTONE BRIGHT RED U,,#FE5442,59.72,63.42,46.26,hex
PANTONE COOL GRAY 10C,,#63666A,43.06,-0.30,-2.65,hex
PANTONE COOL GRAY 10U,,#818387,54.71,0.07,-2.41,hex
PANTONE COOL GRAY 11C,,#53565A,36.43,-0.30,-2.73,hex
PANTONE COOL GRAY 11U,,#7A7D81,52.27,-0.30,-2.56,hex
PANTONE COOL GRAY 1C,,#D9D9D6,86.62,-0.54,1.47,hex
PANTONE COOL GRAY 1U,,#DAD9D6,86.69,-0.20,1.59,hex
PANTONE COOL GRAY 2C,,#D0D0CE,83.43,-0.36,0.99,hex
PANTONE COOL GRAY 2U,,#CACAC8,81.27,-0.36,1.00,hex
PANTONE COOL GRAY 3C,,#C8C9C7,80.84,-0.71,0.88,hex
PANTONE COOL GRAY 3U,,#C5C5C5,79.52,-0.00,0.00,hex
PANTONE COOL GRAY 4C,,#BBBCBC,76.17,-0.35,-0.12,hex
PANTONE COOL GRAY 4U,,#B7B8B9,74.73,-0.16,-0.63,hex
PANTONE COOL GRAY 5C,,#B1B3B3,72.79,-0.70,-0.25,hex
PANTONE COOL GRAY 5U,,#ADAEB0,71.07,0.03,-1.15,hex
PANTONE COOL GRAY 6C,,#A7A8AA,68.84,0.03,-1.15,hex
PANTONE COOL GRAY 6U,,#A4A6A8,68.01,-0.33,-1.28,hex
PANTONE COOL GRAY 7C,,#97999B,63.12,-0.33,-1.30,hex
PANTONE COOL GRAY 7U,,#9B9EA0,64.93,-0.68,-1.42,hex
PANTONE COOL GRAY 8C,,#888B8D,57.68,-0.70,-1.45,hex
PANTONE COOL GRAY 8U,,#939598,61.62,-0.13,-1.83,hex
PANTONE COOL GRAY 9C,,#75787B,50.27,-0.51,-2.04,hex
PANTONE COOL GRAY 9U,,#898B8E,57.79,-0.13,-1.86,hex
PANTONE DARK BLUE C,,#00239C,22.31,40.39,-66.64,hex
PANTONE DARK BLUE U,,#444795,33.78,21.93,-43.47,hex
PANTONE GREEN 0921C,,#9DE7D7,86.61,-26.30,0.49,hex
PANTONE GREEN 0921U,,#78E6D0,84.55,-36.85,0.97,hex
PANTONE GREEN C,,#00AB84,62.33,-46.69,9.74,hex
PANTONE GREEN U,,#00AC8C,62.84,-45.02,6.02,hex
PANTONE MAGENTA 0521C,,#F1B2DC,79.45,29.35,-12.08,hex
PANTONE MAGENTA 0521U,,#F8AADD,78.42,36.08,-14.09,hex
PANTONE MEDIUM BLUE C,,#0084CA,52.69,-4.20,-44.51,hex
PANTONE MEDIUM BLUE U,,#0087C7,53.44,-7.11,-41.62,hex
PANTONE MEDIUM PURPLE C,,#4E008E,22.20,54.66,-57.97,hex
PANTONE MEDIUM PURPLE U,,#65428A,35.00,30.32,-34.62,hex
PANTONE MEDIUM YELLOW C,,#FFD900,87.43,-2.93,87.49,hex
PANTONE MEDIUM YELLOW U,,#FFE100,89.45,-6.95,88.92,hex
PANTONE NEUTRAL BLACK C,,#222223,13.26,0.25,-0.67,hex
PANTONE NEUTRAL BLACK U,,#4C4845,30.88,1.05,2.39,hex
PANTONE ORANGE 021C,,#FE5000,58.80,63.62,69.43,hex
PANTONE ORANGE 021U,,#FF6C2F,63.51,53.03,59.23,hex
PANTONE PINK C,,#D62598,49.36,73.42,-19.38,hex
PANTONE PINK U,,#D1428D,51.13,62.27,-10.21,hex
PANTONE PROCESS BLUE C,,#0085CA,52.99,-4.79,-44.03,hex
PANTONE PROCESS BLUE U,,#0083C3,52.03,-6.30,-41.57,hex
PANTONE PURPLE C,,#BB29BB,46.63,71.43,-44.70,hex
PANTONE PURPLE U,,#BF53B6,52.56,56.00,-32.40,hex
PANTONE RED 032C,,#EF3340,53.05,69.76,39.18,hex
PANTONE RED 032U,,#F65058,58.08,63.47,31.80,hex
PANTONE RED 0331C,,#FCAEBB,78.79,30.26,4.97,hex
PANTONE RED 0331U,,#FFB1BE,79.86,30.17,4.93,hex
PANTONE REFLEX BLUE C,,#001489,17.02,42.04,-63.65,hex
PANTONE REFLEX BLUE U,,#39499C,34.05,20.83,-47.31,hex
PANTONE RHODAMINE RED C,,#E10098,49.83,80.40,-18.48,hex
PANTONE RHODAMINE RED U,,#E44C9A,56.09,65.26,-10.15,hex
PANTONE RUBINE RED C,,#CE0058,43.99,70.99,11.81,hex
PANTONE RUBINE RED U,,#DB487E,53.17,61.24,1.96,hex
PANTONE STRONG RED C,,#CE0056,43.94,70.87,13.00,hex
PANTONE STRONG RED U,,#D23B6A,49.34,61.58,8.31,hex
PANTONE VIOLET 0631C,,#BF9BDE,69.32,25.90,-29.00,hex
PANTONE VIOLET 0631U,,#BA93DF,67.00,29.02,-33.17,hex
PANTONE VIOLET C,,#440099,22.05,56.33,-65.10,hex
PANTONE VIOLET U,,#7758B3,44.46,32.96,-44.03,hex
PANTONE WARM GRAY 10C,,#796E65,47.18,2.65,6.57,hex
PANTONE WARM GRAY 10U,,#827C78,52.42,1.52,2.99,hex
PANTONE WARM GRAY 11C,,#6E6259,42.42,3.15,6.87,hex
PANTONE WARM GRAY 11U,,#7D7773,50.44,1.53,3.02,hex
PANTONE WARM GRAY 1C,,#D7D2CB,84.41,0.49,4.07,hex
PANTONE WARM GRAY 1U,,#DBD5CD,85.53,0.66,4.68,hex
PANTONE WARM GRAY 2C,,#CBC4BC,79.50,1.03,4.88,hex
PANTONE WARM GRAY 2U,,#CFC7C0,80.69,1.56,4.49,hex
PANTONE WARM GRAY 3C,,#BFB8AF,75.11,0.88,5.44,hex
PANTONE WARM GRAY 3U,,#BEB6AF,74.51,1.59,4.57,hex
PANTONE WARM GRAY 4C,,#B6ADA5,71.25,1.80,5.25,hex
PANTONE WARM GRAY 4U,,#B4ACA6,70.84,1.79,4.10,hex
PANTONE WARM GRAY 5C,,#ACA39A,67.50,1.66,5.83,hex
PANTONE WARM GRAY 5U,,#A9A19C,66.77,1.99,3.63,hex
PANTONE WARM GRAY 6C,,#A59C94,64.89,1.85,5.36,hex
PANTONE WARM GRAY 6U,,#A29B96,64.42,1.63,3.53,hex
PANTONE WARM GRAY 7C,,#968C83,58.86,2.11,6.14,hex
PANTONE WARM GRAY 7U,,#968F8B,59.88,1.85,3.05,hex
PANTONE WARM GRAY 8C,,#8C8279,54.99,2.15,6.23,hex
PANTONE WARM GRAY 8U,,#8F8884,57.19,1.87,3.08,hex
PANTONE WARM GRAY 9C,,#83786F,51.16,2.60,6.47,hex
PANTONE WARM GRAY 9U,,#867F7C,53.71,2.08,2.57,hex
PANTONE WARM RED C,,#F9423A,56.43,67.96,46.72,hex
PANTONE WARM RED U,,#FF665E,62.99,57.73,34.88,hex
PANTONE YELLOW 012C,,#FFD700,86.93,-1.92,87.13,hex
PANTONE YELLOW 012U,,#FFE000,89.19,-6.45,88.74,hex
PANTONE YELLOW 0131C,,#F2F0A1,93.35,-10.93,38.50,hex
PANTONE YELLOW 0131U,,#FBF59B,95.24,-10.65,44.04,hex
PANTONE YELLOW C,,#FEDD00,88.35,-5.37,88.09,hex
PANTONE YELLOW U,,#FFE800,91.22,-10.42,90.19,hex
